{
	"textures": {
		"0": "animated_java:item/resolyst/texture"
	},
	"elements": [
		{
			"from": [
				4,
				5.5,
				2
			],
			"to": [
				12,
				10.5,
				9
			],
			"rotation": {
				"angle": 0,
				"axis": "y",
				"origin": [
					8,
					9.5,
					4
				]
			},
			"faces": {
				"north": {
					"uv": [
						3.25,
						6.25,
						4.25,
						6.875
					],
					"texture": "#0"
				},
				"east": {
					"uv": [
						6.25,
						5.25,
						7.125,
						5.875
					],
					"texture": "#0"
				},
				"south": {
					"uv": [
						5.25,
						6.25,
						6.25,
						6.875
					],
					"texture": "#0"
				},
				"west": {
					"uv": [
						6.25,
						6.25,
						7.125,
						6.875
					],
					"texture": "#0"
				},
				"up": {
					"uv": [
						6.75,
						4,
						5.75,
						3.125
					],
					"texture": "#0"
				},
				"down": {
					"uv": [
						6.75,
						4,
						5.75,
						4.875
					],
					"texture": "#0"
				}
			}
		}
	],
	"display": {
		"head": {
			"rotation": [
				0,
				180,
				0
			]
		}
	}
}