{
	"textures": {
		"0": "animated_java:item/resolyst/texture"
	},
	"elements": [
		{
			"from": [
				8,
				5,
				5
			],
			"to": [
				8,
				16,
				11
			],
			"rotation": {
				"angle": -45,
				"axis": "y",
				"origin": [
					8,
					8,
					8
				]
			},
			"faces": {
				"north": {
					"uv": [
						0,
						0,
						0,
						1.375
					],
					"texture": "#0"
				},
				"east": {
					"uv": [
						5,
						0,
						5.75,
						1.375
					],
					"texture": "#0"
				},
				"south": {
					"uv": [
						0,
						0,
						0,
						1.375
					],
					"texture": "#0"
				},
				"west": {
					"uv": [
						4.5,
						5,
						5.25,
						6.375
					],
					"texture": "#0"
				},
				"up": {
					"uv": [
						0,
						0.75,
						0,
						0
					],
					"texture": "#0"
				},
				"down": {
					"uv": [
						0,
						0,
						0,
						0.75
					],
					"texture": "#0"
				}
			}
		},
		{
			"from": [
				5,
				5,
				8
			],
			"to": [
				11,
				16,
				8
			],
			"rotation": {
				"angle": -45,
				"axis": "y",
				"origin": [
					8,
					8,
					8
				]
			},
			"faces": {
				"north": {
					"uv": [
						0,
						5.125,
						0.75,
						6.5
					],
					"texture": "#0"
				},
				"east": {
					"uv": [
						0,
						0,
						0,
						1.375
					],
					"texture": "#0"
				},
				"south": {
					"uv": [
						2.5,
						5.25,
						3.25,
						6.625
					],
					"texture": "#0"
				},
				"west": {
					"uv": [
						0,
						0,
						0,
						1.375
					],
					"texture": "#0"
				},
				"up": {
					"uv": [
						0.75,
						0,
						0,
						0
					],
					"texture": "#0"
				},
				"down": {
					"uv": [
						0.75,
						0,
						0,
						0
					],
					"texture": "#0"
				}
			}
		}
	],
	"display": {
		"head": {
			"rotation": [
				0,
				180,
				0
			]
		}
	}
}