{
	"textures": {
		"0": "animated_java:item/resolyst/texture"
	},
	"elements": [
		{
			"from": [
				8.42911,
				-1.8837200000000003,
				3
			],
			"to": [
				8.42911,
				8.11628,
				11
			],
			"rotation": {
				"angle": 0,
				"axis": "y",
				"origin": [
					8.42911,
					5.11628,
					8
				]
			},
			"faces": {
				"north": {
					"uv": [
						0,
						0,
						0,
						1.25
					],
					"texture": "#0"
				},
				"east": {
					"uv": [
						2.5,
						4,
						3.5,
						5.25
					],
					"texture": "#0"
				},
				"south": {
					"uv": [
						0,
						0,
						0,
						1.25
					],
					"texture": "#0"
				},
				"west": {
					"uv": [
						3.5,
						4.125,
						4.5,
						5.375
					],
					"texture": "#0"
				},
				"up": {
					"uv": [
						0,
						1,
						0,
						0
					],
					"texture": "#0"
				},
				"down": {
					"uv": [
						0,
						0,
						0,
						1
					],
					"texture": "#0"
				}
			}
		}
	],
	"display": {
		"head": {
			"rotation": [
				0,
				180,
				0
			]
		}
	}
}