{
	"textures": {
		"0": "animated_java:item/reevin/resin_bug"
	},
	"elements": [
		{
			"from": [
				7.0178899999999995,
				7.98059,
				7.99817
			],
			"to": [
				8.01789,
				12.98059,
				7.99817
			],
			"rotation": {
				"angle": 0,
				"axis": "y",
				"origin": [
					7.0178899999999995,
					8.98059,
					7.99817
				]
			},
			"faces": {
				"north": {
					"uv": [
						4,
						8.5,
						4.25,
						9.75
					],
					"texture": "#0"
				},
				"east": {
					"uv": [
						4,
						8.5,
						4,
						9.75
					],
					"texture": "#0"
				},
				"south": {
					"uv": [
						4.25,
						8.5,
						4.5,
						9.75
					],
					"texture": "#0"
				},
				"west": {
					"uv": [
						4.25,
						8.5,
						4.25,
						9.75
					],
					"texture": "#0"
				},
				"up": {
					"uv": [
						4.25,
						8.5,
						4,
						8.5
					],
					"texture": "#0"
				},
				"down": {
					"uv": [
						4.5,
						8.5,
						4.25,
						8.5
					],
					"texture": "#0"
				}
			}
		},
		{
			"from": [
				7.0178899999999995,
				12.98059,
				7.99817
			],
			"to": [
				8.01789,
				14.98059,
				7.99817
			],
			"rotation": {
				"angle": -45,
				"axis": "x",
				"origin": [
					7.0178899999999995,
					12.98059,
					7.99817
				]
			},
			"faces": {
				"north": {
					"uv": [
						8.5,
						8.25,
						8.75,
						8.75
					],
					"texture": "#0"
				},
				"east": {
					"uv": [
						8.5,
						8.25,
						8.5,
						8.75
					],
					"texture": "#0"
				},
				"south": {
					"uv": [
						8.75,
						8.25,
						9,
						8.75
					],
					"texture": "#0"
				},
				"west": {
					"uv": [
						8.75,
						8.25,
						8.75,
						8.75
					],
					"texture": "#0"
				},
				"up": {
					"uv": [
						8.75,
						8.25,
						8.5,
						8.25
					],
					"texture": "#0"
				},
				"down": {
					"uv": [
						9,
						8.25,
						8.75,
						8.25
					],
					"texture": "#0"
				}
			}
		},
		{
			"from": [
				7.02789,
				10.99059,
				7.00817
			],
			"to": [
				8.00789,
				12.97059,
				7.98817
			],
			"rotation": {
				"angle": 0,
				"axis": "y",
				"origin": [
					8.01789,
					8.98059,
					7.99817
				]
			},
			"faces": {
				"north": {
					"uv": [
						7.75,
						8.5,
						8,
						9
					],
					"texture": "#0"
				},
				"east": {
					"uv": [
						7.5,
						8.5,
						7.75,
						9
					],
					"texture": "#0"
				},
				"south": {
					"uv": [
						8.25,
						8.5,
						8.5,
						9
					],
					"texture": "#0"
				},
				"west": {
					"uv": [
						8,
						8.5,
						8.25,
						9
					],
					"texture": "#0"
				},
				"up": {
					"uv": [
						8,
						8.5,
						7.75,
						8.25
					],
					"texture": "#0"
				},
				"down": {
					"uv": [
						8.25,
						8.25,
						8,
						8.5
					],
					"texture": "#0"
				}
			}
		}
	],
	"display": {
		"head": {
			"rotation": [
				0,
				180,
				0
			]
		}
	}
}