{
	"textures": {
		"0": "animated_java:item/reevin/resin_bug"
	},
	"elements": [
		{
			"from": [
				6.5,
				7.9997799999999994,
				2.50188
			],
			"to": [
				9.5,
				10.99978,
				8.00188
			],
			"rotation": {
				"angle": 0,
				"axis": "y",
				"origin": [
					8,
					7.9997799999999994,
					7.50188
				]
			},
			"faces": {
				"north": {
					"uv": [
						5.75,
						6,
						6.5,
						6.75
					],
					"texture": "#0"
				},
				"east": {
					"uv": [
						4.5,
						6,
						5.75,
						6.75
					],
					"texture": "#0"
				},
				"south": {
					"uv": [
						7.75,
						6,
						8.5,
						6.75
					],
					"texture": "#0"
				},
				"west": {
					"uv": [
						6.5,
						6,
						7.75,
						6.75
					],
					"texture": "#0"
				},
				"up": {
					"uv": [
						6.5,
						6,
						5.75,
						4.75
					],
					"texture": "#0"
				},
				"down": {
					"uv": [
						7.25,
						4.75,
						6.5,
						6
					],
					"texture": "#0"
				}
			}
		},
		{
			"from": [
				5.5,
				8.24978,
				5.00188
			],
			"to": [
				6.5,
				10.74978,
				7.50188
			],
			"rotation": {
				"angle": 0,
				"axis": "y",
				"origin": [
					7.5,
					7.7497799999999994,
					7.50188
				]
			},
			"faces": {
				"north": {
					"uv": [
						7.5,
						7.25,
						7.75,
						7.75
					],
					"texture": "#0"
				},
				"east": {
					"uv": [
						7,
						7.25,
						7.5,
						7.75
					],
					"texture": "#0"
				},
				"south": {
					"uv": [
						8.25,
						7.25,
						8.5,
						7.75
					],
					"texture": "#0"
				},
				"west": {
					"uv": [
						7.75,
						7.25,
						8.25,
						7.75
					],
					"texture": "#0"
				},
				"up": {
					"uv": [
						7.75,
						7.25,
						7.5,
						6.75
					],
					"texture": "#0"
				},
				"down": {
					"uv": [
						8,
						6.75,
						7.75,
						7.25
					],
					"texture": "#0"
				}
			}
		},
		{
			"from": [
				9.5,
				8.24978,
				5.00188
			],
			"to": [
				10.5,
				10.74978,
				7.50188
			],
			"rotation": {
				"angle": 0,
				"axis": "y",
				"origin": [
					11.5,
					7.7497799999999994,
					7.50188
				]
			},
			"faces": {
				"north": {
					"uv": [
						5,
						7.75,
						5.25,
						8.25
					],
					"texture": "#0"
				},
				"east": {
					"uv": [
						4.5,
						7.75,
						5,
						8.25
					],
					"texture": "#0"
				},
				"south": {
					"uv": [
						5.75,
						7.75,
						6,
						8.25
					],
					"texture": "#0"
				},
				"west": {
					"uv": [
						5.25,
						7.75,
						5.75,
						8.25
					],
					"texture": "#0"
				},
				"up": {
					"uv": [
						5.25,
						7.75,
						5,
						7.25
					],
					"texture": "#0"
				},
				"down": {
					"uv": [
						5.5,
						7.25,
						5.25,
						7.75
					],
					"texture": "#0"
				}
			}
		}
	],
	"display": {
		"head": {
			"rotation": [
				0,
				180,
				0
			]
		}
	}
}