{
	"textures": {
		"0": "animated_java:item/chakrapus/shiny"
	},
	"elements": [
		{
			"from": [
				9,
				5.5,
				6.5
			],
			"to": [
				20,
				10.5,
				10.5
			],
			"rotation": {
				"angle": 0,
				"axis": "y",
				"origin": [
					8,
					7.5,
					6.5
				]
			},
			"faces": {
				"north": {
					"uv": [
						6.75,
						3,
						8.125,
						3.625
					],
					"texture": "#0"
				},
				"east": {
					"uv": [
						6.25,
						3,
						6.75,
						3.625
					],
					"texture": "#0"
				},
				"south": {
					"uv": [
						8.625,
						3,
						10,
						3.625
					],
					"texture": "#0"
				},
				"west": {
					"uv": [
						8.125,
						3,
						8.625,
						3.625
					],
					"texture": "#0"
				},
				"up": {
					"uv": [
						8.125,
						3,
						6.75,
						2.5
					],
					"texture": "#0"
				},
				"down": {
					"uv": [
						9.5,
						2.5,
						8.125,
						3
					],
					"texture": "#0"
				}
			}
		},
		{
			"from": [
				8,
				5,
				6.25
			],
			"to": [
				17,
				11,
				11.25
			],
			"rotation": {
				"angle": 0,
				"axis": "y",
				"origin": [
					7,
					8,
					6.25
				]
			},
			"faces": {
				"north": {
					"uv": [
						4.375,
						7.25,
						5.5,
						8
					],
					"texture": "#0"
				},
				"east": {
					"uv": [
						3.75,
						7.25,
						4.375,
						8
					],
					"texture": "#0"
				},
				"south": {
					"uv": [
						6.125,
						7.25,
						7.25,
						8
					],
					"texture": "#0"
				},
				"west": {
					"uv": [
						5.5,
						7.25,
						6.125,
						8
					],
					"texture": "#0"
				},
				"up": {
					"uv": [
						5.5,
						7.25,
						4.375,
						6.625
					],
					"texture": "#0"
				},
				"down": {
					"uv": [
						6.625,
						6.625,
						5.5,
						7.25
					],
					"texture": "#0"
				}
			}
		}
	],
	"display": {
		"head": {
			"rotation": [
				0,
				180,
				0
			]
		}
	}
}