{
	"textures": {
		"0": "animated_java:item/chakrapus/shiny"
	},
	"elements": [
		{
			"from": [
				9,
				5.5,
				6.75
			],
			"to": [
				20,
				10.5,
				10.75
			],
			"rotation": {
				"angle": 0,
				"axis": "y",
				"origin": [
					8,
					7.5,
					6.75
				]
			},
			"faces": {
				"north": {
					"uv": [
						6.25,
						0.5,
						7.625,
						1.125
					],
					"texture": "#0"
				},
				"east": {
					"uv": [
						5.75,
						0.5,
						6.25,
						1.125
					],
					"texture": "#0"
				},
				"south": {
					"uv": [
						8.125,
						0.5,
						9.5,
						1.125
					],
					"texture": "#0"
				},
				"west": {
					"uv": [
						7.625,
						0.5,
						8.125,
						1.125
					],
					"texture": "#0"
				},
				"up": {
					"uv": [
						7.625,
						0.5,
						6.25,
						0
					],
					"texture": "#0"
				},
				"down": {
					"uv": [
						9,
						0,
						7.625,
						0.5
					],
					"texture": "#0"
				}
			}
		},
		{
			"from": [
				8,
				5,
				6.5
			],
			"to": [
				17,
				11,
				11.5
			],
			"rotation": {
				"angle": 0,
				"axis": "y",
				"origin": [
					7,
					8,
					6.5
				]
			},
			"faces": {
				"north": {
					"uv": [
						6.375,
						1.75,
						7.5,
						2.5
					],
					"texture": "#0"
				},
				"east": {
					"uv": [
						5.75,
						1.75,
						6.375,
						2.5
					],
					"texture": "#0"
				},
				"south": {
					"uv": [
						8.125,
						1.75,
						9.25,
						2.5
					],
					"texture": "#0"
				},
				"west": {
					"uv": [
						7.5,
						1.75,
						8.125,
						2.5
					],
					"texture": "#0"
				},
				"up": {
					"uv": [
						7.5,
						1.75,
						6.375,
						1.125
					],
					"texture": "#0"
				},
				"down": {
					"uv": [
						8.625,
						1.125,
						7.5,
						1.75
					],
					"texture": "#0"
				}
			}
		}
	],
	"display": {
		"head": {
			"rotation": [
				0,
				180,
				0
			]
		}
	}
}