{
	"textures": {
		"0": "animated_java:item/chakrapus/shiny"
	},
	"elements": [
		{
			"from": [
				8.5,
				6.5,
				6.5
			],
			"to": [
				18.5,
				9.5,
				9.5
			],
			"rotation": {
				"angle": 0,
				"axis": "y",
				"origin": [
					17.5,
					8.5,
					6.5
				]
			},
			"faces": {
				"north": {
					"uv": [
						6.875,
						9.25,
						8.125,
						9.625
					],
					"texture": "#0"
				},
				"east": {
					"uv": [
						6.5,
						9.25,
						6.875,
						9.625
					],
					"texture": "#0"
				},
				"south": {
					"uv": [
						8.5,
						9.25,
						9.75,
						9.625
					],
					"texture": "#0"
				},
				"west": {
					"uv": [
						8.125,
						9.25,
						8.5,
						9.625
					],
					"texture": "#0"
				},
				"up": {
					"uv": [
						8.125,
						9.25,
						6.875,
						8.875
					],
					"texture": "#0"
				},
				"down": {
					"uv": [
						9.375,
						8.875,
						8.125,
						9.25
					],
					"texture": "#0"
				}
			}
		}
	],
	"display": {
		"head": {
			"rotation": [
				0,
				180,
				0
			]
		}
	}
}