{
	"textures": {
		"0": "animated_java:item/chakrapus/shiny"
	},
	"elements": [
		{
			"from": [
				-2,
				5,
				6
			],
			"to": [
				8,
				11,
				11
			],
			"rotation": {
				"angle": 0,
				"axis": "y",
				"origin": [
					7,
					8,
					6
				]
			},
			"faces": {
				"north": {
					"uv": [
						0.625,
						6.125,
						1.875,
						6.875
					],
					"texture": "#0"
				},
				"east": {
					"uv": [
						0,
						6.125,
						0.625,
						6.875
					],
					"texture": "#0"
				},
				"south": {
					"uv": [
						2.5,
						6.125,
						3.75,
						6.875
					],
					"texture": "#0"
				},
				"west": {
					"uv": [
						1.875,
						6.125,
						2.5,
						6.875
					],
					"texture": "#0"
				},
				"up": {
					"uv": [
						1.875,
						6.125,
						0.625,
						5.5
					],
					"texture": "#0"
				},
				"down": {
					"uv": [
						3.125,
						5.5,
						1.875,
						6.125
					],
					"texture": "#0"
				}
			}
		}
	],
	"display": {
		"head": {
			"rotation": [
				0,
				180,
				0
			]
		}
	}
}