{
	"textures": {
		"0": "animated_java:item/chakrapus/shiny"
	},
	"elements": [
		{
			"from": [
				-0.5,
				7,
				7.25
			],
			"to": [
				9.5,
				9,
				9.25
			],
			"rotation": {
				"angle": 0,
				"axis": "y",
				"origin": [
					8.5,
					8,
					7.25
				]
			},
			"faces": {
				"north": {
					"uv": [
						9.75,
						0.25,
						11,
						0.5
					],
					"texture": "#0"
				},
				"east": {
					"uv": [
						9.5,
						0.25,
						9.75,
						0.5
					],
					"texture": "#0"
				},
				"south": {
					"uv": [
						10.75,
						6.5,
						12,
						6.25
					],
					"texture": "#0"
				},
				"west": {
					"uv": [
						11,
						0.25,
						11.25,
						0.5
					],
					"texture": "#0"
				},
				"up": {
					"uv": [
						11.75,
						6.25,
						10.5,
						6
					],
					"texture": "#0"
				},
				"down": {
					"uv": [
						12.25,
						0,
						11,
						0.25
					],
					"texture": "#0"
				}
			}
		}
	],
	"display": {
		"head": {
			"rotation": [
				0,
				180,
				0
			]
		}
	}
}