{
	"textures": {
		"0": "animated_java:item/chakrapus/shiny"
	},
	"elements": [
		{
			"from": [
				-2,
				5,
				5.75
			],
			"to": [
				8,
				11,
				10.75
			],
			"rotation": {
				"angle": 0,
				"axis": "y",
				"origin": [
					7,
					8,
					5.75
				]
			},
			"faces": {
				"north": {
					"uv": [
						5.875,
						5.875,
						7.125,
						6.625
					],
					"texture": "#0"
				},
				"east": {
					"uv": [
						5.25,
						5.875,
						5.875,
						6.625
					],
					"texture": "#0"
				},
				"south": {
					"uv": [
						7.75,
						5.875,
						9,
						6.625
					],
					"texture": "#0"
				},
				"west": {
					"uv": [
						7.125,
						5.875,
						7.75,
						6.625
					],
					"texture": "#0"
				},
				"up": {
					"uv": [
						7.125,
						5.875,
						5.875,
						5.25
					],
					"texture": "#0"
				},
				"down": {
					"uv": [
						8.375,
						5.25,
						7.125,
						5.875
					],
					"texture": "#0"
				}
			}
		}
	],
	"display": {
		"head": {
			"rotation": [
				0,
				180,
				0
			]
		}
	}
}