{
	"textures": {
		"0": "animated_java:item/chakrapus/shiny"
	},
	"elements": [
		{
			"from": [
				-2,
				6.5,
				6.25
			],
			"to": [
				8,
				9.5,
				9.25
			],
			"rotation": {
				"angle": 0,
				"axis": "y",
				"origin": [
					7,
					7.5,
					6.25
				]
			},
			"faces": {
				"north": {
					"uv": [
						0.375,
						8.75,
						1.625,
						9.125
					],
					"texture": "#0"
				},
				"east": {
					"uv": [
						0,
						8.75,
						0.375,
						9.125
					],
					"texture": "#0"
				},
				"south": {
					"uv": [
						8.5,
						8.875,
						9.75,
						8.5
					],
					"texture": "#0"
				},
				"west": {
					"uv": [
						1.625,
						8.75,
						2,
						9.125
					],
					"texture": "#0"
				},
				"up": {
					"uv": [
						9.375,
						8.5,
						8.125,
						8.125
					],
					"texture": "#0"
				},
				"down": {
					"uv": [
						2.875,
						8.375,
						1.625,
						8.75
					],
					"texture": "#0"
				}
			}
		}
	],
	"display": {
		"head": {
			"rotation": [
				0,
				180,
				0
			]
		}
	}
}