{
	"textures": {
		"0": "animated_java:item/chakrapus/shiny"
	},
	"elements": [
		{
			"from": [
				6.5,
				7,
				8
			],
			"to": [
				9.5,
				11,
				11
			],
			"rotation": {
				"angle": 0,
				"axis": "y",
				"origin": [
					8.5,
					7,
					1
				]
			},
			"faces": {
				"north": {
					"uv": [
						4.125,
						5.875,
						4.5,
						6.375
					],
					"texture": "#0"
				},
				"east": {
					"uv": [
						3.75,
						5.875,
						4.125,
						6.375
					],
					"texture": "#0"
				},
				"south": {
					"uv": [
						4.875,
						5.875,
						5.25,
						6.375
					],
					"texture": "#0"
				},
				"west": {
					"uv": [
						4.5,
						5.875,
						4.875,
						6.375
					],
					"texture": "#0"
				},
				"up": {
					"uv": [
						4.5,
						5.875,
						4.125,
						5.5
					],
					"texture": "#0"
				},
				"down": {
					"uv": [
						4.875,
						5.5,
						4.5,
						5.875
					],
					"texture": "#0"
				}
			}
		}
	],
	"display": {
		"head": {
			"rotation": [
				0,
				180,
				0
			]
		}
	}
}