{
	"textures": {
		"0": "animated_java:item/chakrapus/shiny"
	},
	"elements": [
		{
			"from": [
				7,
				7,
				8
			],
			"to": [
				9,
				9,
				16
			],
			"rotation": {
				"angle": 0,
				"axis": "y",
				"origin": [
					8,
					7,
					9
				]
			},
			"faces": {
				"north": {
					"uv": [
						10.25,
						2.125,
						10.5,
						2.375
					],
					"texture": "#0"
				},
				"east": {
					"uv": [
						9.25,
						2.125,
						10.25,
						2.375
					],
					"texture": "#0"
				},
				"south": {
					"uv": [
						11.5,
						2.125,
						11.75,
						2.375
					],
					"texture": "#0"
				},
				"west": {
					"uv": [
						10.5,
						2.125,
						11.5,
						2.375
					],
					"texture": "#0"
				},
				"up": {
					"uv": [
						10.5,
						2.125,
						10.25,
						1.125
					],
					"texture": "#0"
				},
				"down": {
					"uv": [
						10.75,
						1.125,
						10.5,
						2.125
					],
					"texture": "#0"
				}
			}
		}
	],
	"display": {
		"head": {
			"rotation": [
				0,
				180,
				0
			]
		}
	}
}