{
	"textures": {
		"0": "animated_java:item/chakrapus/shiny"
	},
	"elements": [
		{
			"from": [
				10.5,
				0.25,
				2.5
			],
			"to": [
				20.5,
				0.25,
				13.5
			],
			"rotation": {
				"angle": 22.5,
				"axis": "z",
				"origin": [
					-10.5,
					-2.25,
					10.5
				]
			},
			"faces": {
				"north": {
					"uv": [
						1.375,
						5.375,
						2.625,
						5.375
					],
					"texture": "#0"
				},
				"east": {
					"uv": [
						0,
						5.375,
						1.375,
						5.375
					],
					"texture": "#0"
				},
				"south": {
					"uv": [
						4,
						5.375,
						5.25,
						5.375
					],
					"texture": "#0"
				},
				"west": {
					"uv": [
						2.625,
						5.375,
						4,
						5.375
					],
					"texture": "#0"
				},
				"up": {
					"uv": [
						2.625,
						5.375,
						1.375,
						4
					],
					"texture": "#0"
				},
				"down": {
					"uv": [
						3.875,
						4,
						2.625,
						5.375
					],
					"texture": "#0"
				}
			}
		}
	],
	"display": {
		"head": {
			"rotation": [
				0,
				180,
				0
			]
		}
	}
}