{
	"textures": {
		"0": "animated_java:item/chakrapus/shiny"
	},
	"elements": [
		{
			"from": [
				9.5,
				5.5,
				2.5
			],
			"to": [
				23.5,
				5.5,
				13.5
			],
			"rotation": {
				"angle": 22.5,
				"axis": "z",
				"origin": [
					2.5,
					3,
					10.5
				]
			},
			"faces": {
				"north": {
					"uv": [
						1.375,
						3.875,
						3.125,
						3.875
					],
					"texture": "#0"
				},
				"east": {
					"uv": [
						0,
						3.875,
						1.375,
						3.875
					],
					"texture": "#0"
				},
				"south": {
					"uv": [
						4.5,
						3.875,
						6.25,
						3.875
					],
					"texture": "#0"
				},
				"west": {
					"uv": [
						3.125,
						3.875,
						4.5,
						3.875
					],
					"texture": "#0"
				},
				"up": {
					"uv": [
						3.125,
						3.875,
						1.375,
						2.5
					],
					"texture": "#0"
				},
				"down": {
					"uv": [
						4.875,
						2.5,
						3.125,
						3.875
					],
					"texture": "#0"
				}
			}
		},
		{
			"from": [
				9.5,
				3,
				5.5
			],
			"to": [
				22.5,
				8,
				10.5
			],
			"rotation": {
				"angle": 22.5,
				"axis": "z",
				"origin": [
					2.5,
					3,
					10.5
				]
			},
			"faces": {
				"north": {
					"uv": [
						5.875,
						4.625,
						7.5,
						5.25
					],
					"texture": "#0"
				},
				"east": {
					"uv": [
						5.25,
						4.625,
						5.875,
						5.25
					],
					"texture": "#0"
				},
				"south": {
					"uv": [
						8.125,
						4.625,
						9.75,
						5.25
					],
					"texture": "#0"
				},
				"west": {
					"uv": [
						7.5,
						4.625,
						8.125,
						5.25
					],
					"texture": "#0"
				},
				"up": {
					"uv": [
						7.5,
						4.625,
						5.875,
						4
					],
					"texture": "#0"
				},
				"down": {
					"uv": [
						9.125,
						4,
						7.5,
						4.625
					],
					"texture": "#0"
				}
			}
		}
	],
	"display": {
		"head": {
			"rotation": [
				0,
				180,
				0
			]
		}
	}
}