{
	"textures": {
		"0": "animated_java:item/mosquitorch/mosquitorchsprite"
	},
	"elements": [
		{
			"from": [
				8,
				8,
				8
			],
			"to": [
				12,
				12,
				20
			],
			"rotation": {
				"angle": 22.5,
				"axis": "x",
				"origin": [
					8,
					8,
					8
				]
			},
			"faces": {
				"north": {
					"uv": [
						4,
						12,
						8,
						16
					],
					"texture": "#0"
				},
				"east": {
					"uv": [
						4,
						12,
						16,
						16
					],
					"texture": "#0"
				},
				"south": {
					"uv": [
						4,
						12,
						8,
						16
					],
					"texture": "#0"
				},
				"west": {
					"uv": [
						4,
						12,
						16,
						16
					],
					"texture": "#0"
				},
				"up": {
					"uv": [
						4,
						12,
						16,
						16
					],
					"rotation": 90,
					"texture": "#0"
				},
				"down": {
					"uv": [
						4,
						12,
						16,
						16
					],
					"rotation": 90,
					"texture": "#0"
				}
			}
		},
		{
			"from": [
				10,
				6,
				14
			],
			"to": [
				10,
				10,
				18
			],
			"rotation": {
				"angle": 22.5,
				"axis": "x",
				"origin": [
					10,
					6,
					17
				]
			},
			"faces": {
				"north": {
					"uv": [
						0,
						0,
						0,
						7
					],
					"texture": "#0"
				},
				"east": {
					"uv": [
						6,
						0,
						10,
						4
					],
					"texture": "#0"
				},
				"west": {
					"uv": [
						6,
						0,
						10,
						4
					],
					"texture": "#0"
				}
			}
		},
		{
			"from": [
				10,
				10,
				10
			],
			"to": [
				10,
				14,
				14
			],
			"rotation": {
				"angle": 22.5,
				"axis": "x",
				"origin": [
					10,
					10,
					13
				]
			},
			"faces": {
				"north": {
					"uv": [
						0,
						0,
						0,
						7
					],
					"texture": "#0"
				},
				"east": {
					"uv": [
						6,
						0,
						10,
						4
					],
					"texture": "#0"
				},
				"west": {
					"uv": [
						6,
						0,
						10,
						4
					],
					"texture": "#0"
				}
			}
		}
	],
	"display": {
		"head": {
			"rotation": [
				0,
				180,
				0
			]
		}
	}
}