{
	"textures": {
		"0": "animated_java:item/mosquitorch/mosquitorchsprite"
	},
	"elements": [
		{
			"from": [
				5.25,
				8,
				7.5
			],
			"to": [
				8.25,
				8,
				18.5
			],
			"rotation": {
				"angle": 22.5,
				"axis": "y",
				"origin": [
					8.25,
					9,
					7.5
				]
			},
			"faces": {
				"up": {
					"uv": [
						13,
						1,
						16,
						12
					],
					"rotation": 180,
					"texture": "#0"
				},
				"down": {
					"uv": [
						16,
						1,
						13,
						12
					],
					"texture": "#0"
				}
			}
		}
	],
	"display": {
		"head": {
			"rotation": [
				0,
				180,
				0
			]
		}
	}
}