{
	"textures": {
		"0": "animated_java:item/dahliasis/texture"
	},
	"elements": [
		{
			"from": [
				8,
				7.25,
				0.5
			],
			"to": [
				15,
				14.25,
				10.5
			],
			"rotation": {
				"angle": -22.5,
				"axis": "x",
				"origin": [
					11.5,
					9.25,
					8.5
				]
			},
			"faces": {
				"north": {
					"uv": [
						8.25,
						1.75,
						10,
						3.5
					],
					"texture": "#0"
				},
				"east": {
					"uv": [
						0,
						0,
						2.5,
						1.75
					],
					"texture": "#0"
				},
				"south": {
					"uv": [
						8.25,
						3.5,
						10,
						5.25
					],
					"texture": "#0"
				},
				"west": {
					"uv": [
						0,
						1.75,
						2.5,
						3.5
					],
					"texture": "#0"
				},
				"up": {
					"uv": [
						4.25,
						2.5,
						2.5,
						0
					],
					"texture": "#0"
				},
				"down": {
					"uv": [
						4.25,
						2.5,
						2.5,
						5
					],
					"texture": "#0"
				}
			}
		}
	],
	"display": {
		"head": {
			"rotation": [
				0,
				180,
				0
			]
		}
	}
}