{
	"textures": {
		"0": "animated_java:item/dahliasis/texture"
	},
	"elements": [
		{
			"from": [
				7.5,
				3.2505300000000004,
				7.45599
			],
			"to": [
				8.5,
				8.250530000000001,
				8.45599
			],
			"rotation": {
				"angle": 22.5,
				"axis": "x",
				"origin": [
					8,
					8.25,
					8
				]
			},
			"faces": {
				"north": {
					"uv": [
						10.25,
						13.25,
						10.5,
						14.5
					],
					"texture": "#0"
				},
				"east": {
					"uv": [
						10.5,
						13.25,
						10.75,
						14.5
					],
					"texture": "#0"
				},
				"south": {
					"uv": [
						10.75,
						13.25,
						11,
						14.5
					],
					"texture": "#0"
				},
				"west": {
					"uv": [
						11.75,
						13.25,
						12,
						14.5
					],
					"texture": "#0"
				},
				"up": {
					"uv": [
						12.25,
						9.5,
						12,
						9.25
					],
					"texture": "#0"
				},
				"down": {
					"uv": [
						13,
						12.5,
						12.75,
						12.75
					],
					"texture": "#0"
				}
			}
		}
	],
	"display": {
		"head": {
			"rotation": [
				0,
				180,
				0
			]
		}
	}
}