{
	"textures": {
		"0": "animated_java:item/dahliasis/texture"
	},
	"elements": [
		{
			"from": [
				7,
				7,
				8
			],
			"to": [
				9,
				9,
				14.5
			],
			"rotation": {
				"angle": -22.5,
				"axis": "x",
				"origin": [
					8,
					8,
					8
				]
			},
			"faces": {
				"north": {
					"uv": [
						13.5,
						1,
						14,
						1.5
					],
					"texture": "#0"
				},
				"east": {
					"uv": [
						12.25,
						0.5,
						14,
						1
					],
					"texture": "#0"
				},
				"south": {
					"uv": [
						13.5,
						1.5,
						14,
						2
					],
					"texture": "#0"
				},
				"west": {
					"uv": [
						12.25,
						11,
						14,
						11.5
					],
					"texture": "#0"
				},
				"up": {
					"uv": [
						8,
						14.25,
						7.5,
						12.5
					],
					"texture": "#0"
				},
				"down": {
					"uv": [
						8.5,
						12.5,
						8,
						14.25
					],
					"texture": "#0"
				}
			}
		}
	],
	"display": {
		"head": {
			"rotation": [
				0,
				180,
				0
			]
		}
	}
}