{
	"textures": {
		"0": "animated_java:item/dahliasis/texture"
	},
	"elements": [
		{
			"from": [
				7,
				7,
				8
			],
			"to": [
				9,
				9,
				14.5
			],
			"rotation": {
				"angle": -22.5,
				"axis": "x",
				"origin": [
					8,
					8,
					8
				]
			},
			"faces": {
				"north": {
					"uv": [
						0,
						13.5,
						0.5,
						14
					],
					"texture": "#0"
				},
				"east": {
					"uv": [
						12,
						8.75,
						13.75,
						9.25
					],
					"texture": "#0"
				},
				"south": {
					"uv": [
						0.5,
						13.5,
						1,
						14
					],
					"texture": "#0"
				},
				"west": {
					"uv": [
						12.25,
						0,
						14,
						0.5
					],
					"texture": "#0"
				},
				"up": {
					"uv": [
						8,
						11.5,
						7.5,
						9.75
					],
					"texture": "#0"
				},
				"down": {
					"uv": [
						12.75,
						9.25,
						12.25,
						11
					],
					"texture": "#0"
				}
			}
		}
	],
	"display": {
		"head": {
			"rotation": [
				0,
				180,
				0
			]
		}
	}
}