{
	"textures": {
		"0": "animated_java:item/dahliasis/texture"
	},
	"elements": [
		{
			"from": [
				7,
				6.75,
				6
			],
			"to": [
				9,
				7.75,
				9
			],
			"rotation": {
				"angle": 0,
				"axis": "y",
				"origin": [
					8,
					7.75,
					8.25
				]
			},
			"faces": {
				"north": {
					"uv": [
						3.5,
						9.75,
						4,
						10
					],
					"texture": "#0"
				},
				"east": {
					"uv": [
						12.75,
						10.75,
						13.5,
						11
					],
					"texture": "#0"
				},
				"south": {
					"uv": [
						9.5,
						12.5,
						10,
						12.75
					],
					"texture": "#0"
				},
				"west": {
					"uv": [
						13.5,
						3,
						14.25,
						3.25
					],
					"texture": "#0"
				},
				"up": {
					"uv": [
						4,
						9.75,
						3.5,
						9
					],
					"texture": "#0"
				},
				"down": {
					"uv": [
						7,
						13,
						6.5,
						13.75
					],
					"texture": "#0"
				}
			}
		},
		{
			"from": [
				6.75,
				6.75,
				4
			],
			"to": [
				6.75,
				8.75,
				6
			],
			"rotation": {
				"angle": 22.5,
				"axis": "y",
				"origin": [
					7.75,
					6.75,
					5
				]
			},
			"faces": {
				"north": {
					"uv": [
						0,
						0,
						0,
						0.5
					],
					"texture": "#0"
				},
				"east": {
					"uv": [
						13.5,
						11.5,
						14,
						12
					],
					"texture": "#0"
				},
				"south": {
					"uv": [
						0,
						0,
						0,
						0.5
					],
					"texture": "#0"
				},
				"west": {
					"uv": [
						13.5,
						12,
						14,
						12.5
					],
					"texture": "#0"
				},
				"up": {
					"uv": [
						0,
						0.5,
						0,
						0
					],
					"texture": "#0"
				},
				"down": {
					"uv": [
						0,
						0,
						0,
						0.5
					],
					"texture": "#0"
				}
			}
		},
		{
			"from": [
				8,
				6.75,
				4
			],
			"to": [
				8,
				8.75,
				6
			],
			"rotation": {
				"angle": 0,
				"axis": "y",
				"origin": [
					9,
					6.75,
					5
				]
			},
			"faces": {
				"north": {
					"uv": [
						0,
						0,
						0,
						0.5
					],
					"texture": "#0"
				},
				"east": {
					"uv": [
						2.75,
						13.75,
						3.25,
						14.25
					],
					"texture": "#0"
				},
				"south": {
					"uv": [
						0,
						0,
						0,
						0.5
					],
					"texture": "#0"
				},
				"west": {
					"uv": [
						13.75,
						4.25,
						14.25,
						4.75
					],
					"texture": "#0"
				},
				"up": {
					"uv": [
						0,
						0.5,
						0,
						0
					],
					"texture": "#0"
				},
				"down": {
					"uv": [
						0,
						0,
						0,
						0.5
					],
					"texture": "#0"
				}
			}
		},
		{
			"from": [
				9,
				6.75,
				4.75
			],
			"to": [
				9,
				8.75,
				6.75
			],
			"rotation": {
				"angle": -22.5,
				"axis": "y",
				"origin": [
					10,
					6.75,
					5.75
				]
			},
			"faces": {
				"north": {
					"uv": [
						0,
						0,
						0,
						0.5
					],
					"texture": "#0"
				},
				"east": {
					"uv": [
						13.75,
						4.75,
						14.25,
						5.25
					],
					"texture": "#0"
				},
				"south": {
					"uv": [
						0,
						0,
						0,
						0.5
					],
					"texture": "#0"
				},
				"west": {
					"uv": [
						13.75,
						5.25,
						14.25,
						5.75
					],
					"texture": "#0"
				},
				"up": {
					"uv": [
						0,
						0.5,
						0,
						0
					],
					"texture": "#0"
				},
				"down": {
					"uv": [
						0,
						0,
						0,
						0.5
					],
					"texture": "#0"
				}
			}
		}
	],
	"display": {
		"head": {
			"rotation": [
				0,
				180,
				0
			]
		}
	}
}