{
	"textures": {
		"0": "animated_java:item/ambeetra/shiny"
	},
	"elements": [
		{
			"from": [
				3.5,
				6.5,
				23.25
			],
			"to": [
				8,
				8.5,
				24.75
			],
			"rotation": {
				"angle": 0,
				"axis": "y",
				"origin": [
					10.5,
					5.5,
					11.75
				]
			},
			"faces": {
				"north": {
					"uv": [
						6.25,
						8.125,
						5.75,
						8.375
					],
					"texture": "#0"
				},
				"east": {
					"uv": [
						5.75,
						8.125,
						5.5,
						8.375
					],
					"texture": "#0"
				},
				"south": {
					"uv": [
						7,
						8.125,
						6.5,
						8.375
					],
					"texture": "#0"
				},
				"west": {
					"uv": [
						6.5,
						8.125,
						6.25,
						8.375
					],
					"texture": "#0"
				},
				"up": {
					"uv": [
						5.75,
						8.125,
						6.25,
						7.875
					],
					"texture": "#0"
				},
				"down": {
					"uv": [
						6.25,
						7.875,
						6.75,
						8.125
					],
					"texture": "#0"
				}
			}
		},
		{
			"from": [
				1,
				6.5,
				7
			],
			"to": [
				2.5,
				8.5,
				22.25
			],
			"rotation": {
				"angle": 0,
				"axis": "y",
				"origin": [
					8,
					5.5,
					9.25
				]
			},
			"faces": {
				"north": {
					"uv": [
						6.25,
						9.25,
						6.5,
						9.5
					],
					"texture": "#0"
				},
				"east": {
					"uv": [
						6.75,
						9.5,
						7,
						11.5
					],
					"rotation": 90,
					"texture": "#0"
				},
				"south": {
					"uv": [
						6.5,
						9.25,
						6.75,
						9.5
					],
					"texture": "#0"
				},
				"west": {
					"uv": [
						6.25,
						9.5,
						6.5,
						11.5
					],
					"rotation": 90,
					"texture": "#0"
				},
				"up": {
					"uv": [
						6.25,
						11.5,
						6,
						9.5
					],
					"texture": "#0"
				},
				"down": {
					"uv": [
						6.75,
						9.5,
						6.5,
						11.5
					],
					"texture": "#0"
				}
			}
		},
		{
			"from": [
				4.01,
				8.01,
				21.759999999999998
			],
			"to": [
				7.99,
				9.49,
				23.740000000000002
			],
			"rotation": {
				"angle": 0,
				"axis": "y",
				"origin": [
					11.5,
					6.5,
					8.25
				]
			},
			"faces": {
				"north": {
					"uv": [
						4.625,
						8,
						4.125,
						8.125
					],
					"texture": "#0"
				},
				"east": {
					"uv": [
						4.875,
						8,
						4.625,
						8.125
					],
					"texture": "#0"
				},
				"south": {
					"uv": [
						5.375,
						8,
						4.875,
						8.125
					],
					"texture": "#0"
				},
				"west": {
					"uv": [
						4.125,
						8,
						3.875,
						8.125
					],
					"texture": "#0"
				},
				"up": {
					"uv": [
						4.125,
						8,
						4.625,
						7.75
					],
					"texture": "#0"
				},
				"down": {
					"uv": [
						4.625,
						7.75,
						5.125,
						8
					],
					"texture": "#0"
				}
			}
		},
		{
			"from": [
				3.625,
				8,
				9.075
			],
			"to": [
				7.975,
				9.5,
				11.075
			],
			"rotation": {
				"angle": -22.5,
				"axis": "y",
				"origin": [
					9,
					7.5,
					9
				]
			},
			"faces": {
				"north": {
					"uv": [
						4.375,
						11.75,
						4.875,
						11.875
					],
					"texture": "#0"
				},
				"east": {
					"uv": [
						4.125,
						11.75,
						4.375,
						11.875
					],
					"texture": "#0"
				},
				"south": {
					"uv": [
						5.125,
						11.75,
						5.625,
						11.875
					],
					"texture": "#0"
				},
				"west": {
					"uv": [
						4.875,
						11.75,
						5.125,
						11.875
					],
					"texture": "#0"
				},
				"up": {
					"uv": [
						4.875,
						11.75,
						4.375,
						11.5
					],
					"texture": "#0"
				},
				"down": {
					"uv": [
						5.375,
						11.5,
						4.875,
						11.75
					],
					"texture": "#0"
				}
			}
		},
		{
			"from": [
				2.01,
				8.01,
				7.01
			],
			"to": [
				3.99,
				9.49,
				9.24
			],
			"rotation": {
				"angle": 0,
				"axis": "y",
				"origin": [
					8.5,
					6.5,
					8.5
				]
			},
			"faces": {
				"north": {
					"uv": [
						5.125,
						11.125,
						4.875,
						11.375
					],
					"texture": "#0"
				},
				"east": {
					"uv": [
						4.875,
						11.125,
						4.625,
						11.375
					],
					"texture": "#0"
				},
				"south": {
					"uv": [
						5.625,
						11.125,
						5.375,
						11.375
					],
					"texture": "#0"
				},
				"west": {
					"uv": [
						5.375,
						11.125,
						5.125,
						11.375
					],
					"texture": "#0"
				},
				"up": {
					"uv": [
						4.875,
						11.125,
						5.125,
						10.875
					],
					"texture": "#0"
				},
				"down": {
					"uv": [
						5.125,
						10.875,
						5.375,
						11.125
					],
					"texture": "#0"
				}
			}
		},
		{
			"from": [
				2.0199999999999996,
				8.02,
				8.77
			],
			"to": [
				7.98,
				9.48,
				21.73
			],
			"rotation": {
				"angle": 0,
				"axis": "y",
				"origin": [
					8.5,
					6.5,
					8.25
				]
			},
			"faces": {
				"north": {
					"uv": [
						4.125,
						8.875,
						4.875,
						9.125
					],
					"texture": "#0"
				},
				"east": {
					"uv": [
						3.875,
						9.125,
						4.125,
						10.75
					],
					"rotation": 90,
					"texture": "#0"
				},
				"south": {
					"uv": [
						4.875,
						8.875,
						5.625,
						9.125
					],
					"texture": "#0"
				},
				"west": {
					"uv": [
						4.875,
						9.125,
						5.125,
						10.75
					],
					"rotation": 90,
					"texture": "#0"
				},
				"up": {
					"uv": [
						4.875,
						10.75,
						4.125,
						9.125
					],
					"texture": "#0"
				},
				"down": {
					"uv": [
						5.875,
						9.125,
						5.125,
						10.75
					],
					"texture": "#0"
				}
			}
		}
	],
	"display": {
		"head": {
			"rotation": [
				0,
				180,
				0
			]
		}
	}
}