{
	"textures": {
		"0": "animated_java:item/ambeetra/shiny"
	},
	"elements": [
		{
			"from": [
				6,
				8,
				7.25
			],
			"to": [
				8,
				8,
				8.75
			],
			"rotation": {
				"angle": 0,
				"axis": "y",
				"origin": [
					8,
					8,
					8
				]
			},
			"faces": {
				"up": {
					"uv": [
						10.125,
						13.375,
						10,
						13.625
					],
					"rotation": 90,
					"texture": "#0"
				},
				"down": {
					"uv": [
						10,
						13.375,
						10.125,
						13.625
					],
					"rotation": 90,
					"texture": "#0"
				}
			}
		}
	],
	"display": {
		"head": {
			"rotation": [
				0,
				180,
				0
			]
		}
	}
}