{
	"textures": {
		"0": "animated_java:item/ambeetra/shiny"
	},
	"elements": [
		{
			"from": [
				7,
				7.775,
				8
			],
			"to": [
				12.9,
				7.775,
				15
			],
			"rotation": {
				"angle": 0,
				"axis": "y",
				"origin": [
					13,
					2.7750000000000004,
					12
				]
			},
			"faces": {
				"up": {
					"uv": [
						1.25,
						14.125,
						0.5,
						13.25
					],
					"texture": "#0"
				},
				"down": {
					"uv": [
						2,
						13.25,
						1.25,
						14.125
					],
					"texture": "#0"
				}
			}
		}
	],
	"display": {
		"head": {
			"rotation": [
				0,
				180,
				0
			]
		}
	}
}