{
	"textures": {
		"0": "animated_java:item/ambeetra/shiny"
	},
	"elements": [
		{
			"from": [
				5.050000000000001,
				8,
				8
			],
			"to": [
				10.95,
				8,
				18
			],
			"rotation": {
				"angle": 0,
				"axis": "y",
				"origin": [
					4.95,
					3,
					5
				]
			},
			"faces": {
				"up": {
					"uv": [
						6.25,
						13.25,
						5.5,
						12
					],
					"texture": "#0"
				},
				"down": {
					"uv": [
						7,
						12,
						6.25,
						13.25
					],
					"texture": "#0"
				}
			}
		}
	],
	"display": {
		"head": {
			"rotation": [
				0,
				180,
				0
			]
		}
	}
}