{
	"textures": {
		"0": "animated_java:item/archelder/shiny"
	},
	"elements": [
		{
			"from": [
				8.5,
				7.25,
				6.75
			],
			"to": [
				10.5,
				8.25,
				9.75
			],
			"rotation": {
				"angle": 0,
				"axis": "y",
				"origin": [
					9.5,
					7.25,
					6.75
				]
			},
			"faces": {
				"north": {
					"uv": [
						6.625,
						3.125,
						6.875,
						3.25
					],
					"texture": "#0"
				},
				"east": {
					"uv": [
						6.875,
						0.625,
						7.25,
						0.75
					],
					"texture": "#0"
				},
				"south": {
					"uv": [
						8,
						6.125,
						8.25,
						6.25
					],
					"texture": "#0"
				},
				"west": {
					"uv": [
						7.625,
						4.625,
						8,
						4.75
					],
					"texture": "#0"
				},
				"up": {
					"uv": [
						8.375,
						7.75,
						8.125,
						7.375
					],
					"texture": "#0"
				},
				"down": {
					"uv": [
						8.375,
						7.75,
						8.125,
						8.125
					],
					"texture": "#0"
				}
			}
		},
		{
			"from": [
				10.25,
				7.25,
				4.5
			],
			"to": [
				10.25,
				9.25,
				7.5
			],
			"rotation": {
				"angle": -22.5,
				"axis": "y",
				"origin": [
					11.25,
					7.25,
					6.5
				]
			},
			"faces": {
				"north": {
					"uv": [
						0,
						0,
						0,
						0.25
					],
					"texture": "#0"
				},
				"east": {
					"uv": [
						8,
						8.125,
						8.375,
						8.375
					],
					"texture": "#0"
				},
				"south": {
					"uv": [
						0,
						0,
						0,
						0.25
					],
					"texture": "#0"
				},
				"west": {
					"uv": [
						8.25,
						1.125,
						8.625,
						1.375
					],
					"texture": "#0"
				},
				"up": {
					"uv": [
						0,
						0.375,
						0,
						0
					],
					"texture": "#0"
				},
				"down": {
					"uv": [
						0,
						0,
						0,
						0.375
					],
					"texture": "#0"
				}
			}
		},
		{
			"from": [
				9.5,
				7.25,
				3.75
			],
			"to": [
				9.5,
				9.25,
				6.75
			],
			"rotation": {
				"angle": 0,
				"axis": "y",
				"origin": [
					10.5,
					7.25,
					5.75
				]
			},
			"faces": {
				"north": {
					"uv": [
						0,
						0,
						0,
						0.25
					],
					"texture": "#0"
				},
				"east": {
					"uv": [
						8.25,
						1.375,
						8.625,
						1.625
					],
					"texture": "#0"
				},
				"south": {
					"uv": [
						0,
						0,
						0,
						0.25
					],
					"texture": "#0"
				},
				"west": {
					"uv": [
						8.25,
						1.875,
						8.625,
						2.125
					],
					"texture": "#0"
				},
				"up": {
					"uv": [
						0,
						0.375,
						0,
						0
					],
					"texture": "#0"
				},
				"down": {
					"uv": [
						0,
						0,
						0,
						0.375
					],
					"texture": "#0"
				}
			}
		},
		{
			"from": [
				8.5,
				7.25,
				3.75
			],
			"to": [
				8.5,
				9.25,
				6.75
			],
			"rotation": {
				"angle": 22.5,
				"axis": "y",
				"origin": [
					9.5,
					7.25,
					5.75
				]
			},
			"faces": {
				"north": {
					"uv": [
						0,
						0,
						0,
						0.25
					],
					"texture": "#0"
				},
				"east": {
					"uv": [
						8.25,
						2.125,
						8.625,
						2.375
					],
					"texture": "#0"
				},
				"south": {
					"uv": [
						0,
						0,
						0,
						0.25
					],
					"texture": "#0"
				},
				"west": {
					"uv": [
						2.25,
						8.25,
						2.625,
						8.5
					],
					"texture": "#0"
				},
				"up": {
					"uv": [
						0,
						0.375,
						0,
						0
					],
					"texture": "#0"
				},
				"down": {
					"uv": [
						0,
						0,
						0,
						0.375
					],
					"texture": "#0"
				}
			}
		}
	],
	"display": {
		"head": {
			"rotation": [
				0,
				180,
				0
			]
		}
	}
}