{
	"textures": {
		"0": "animated_java:item/archelder/shiny"
	},
	"elements": [
		{
			"from": [
				10.75,
				9,
				2.75
			],
			"to": [
				11,
				11,
				7
			],
			"rotation": {
				"angle": 45,
				"axis": "y",
				"origin": [
					10.75,
					8,
					5
				]
			},
			"faces": {
				"north": {
					"uv": [
						5.375,
						2.375,
						5.5,
						2.625
					],
					"texture": "#0"
				},
				"east": {
					"uv": [
						7.625,
						3.5,
						8.125,
						3.75
					],
					"texture": "#0"
				},
				"south": {
					"uv": [
						5.375,
						2.625,
						5.5,
						2.875
					],
					"texture": "#0"
				},
				"west": {
					"uv": [
						7.625,
						4.375,
						8.125,
						4.625
					],
					"texture": "#0"
				},
				"up": {
					"uv": [
						5.5,
						2.625,
						5.375,
						2.375
					],
					"texture": "#0"
				},
				"down": {
					"uv": [
						5.5,
						2.625,
						5.375,
						2.875
					],
					"texture": "#0"
				}
			}
		},
		{
			"from": [
				3.75,
				9,
				4.75
			],
			"to": [
				8,
				11,
				5
			],
			"rotation": {
				"angle": 45,
				"axis": "y",
				"origin": [
					5.75,
					8,
					5
				]
			},
			"faces": {
				"north": {
					"uv": [
						6,
						7.875,
						6.5,
						8.125
					],
					"texture": "#0"
				},
				"east": {
					"uv": [
						6,
						3.25,
						6.125,
						3.5
					],
					"texture": "#0"
				},
				"south": {
					"uv": [
						6.75,
						7.875,
						7.25,
						8.125
					],
					"texture": "#0"
				},
				"west": {
					"uv": [
						6,
						3.25,
						6.125,
						3.5
					],
					"texture": "#0"
				},
				"up": {
					"uv": [
						5.375,
						2.875,
						4.875,
						2.75
					],
					"texture": "#0"
				},
				"down": {
					"uv": [
						5.75,
						0.75,
						5.25,
						0.875
					],
					"texture": "#0"
				}
			}
		}
	],
	"display": {
		"head": {
			"rotation": [
				0,
				180,
				0
			]
		}
	}
}