{
	"textures": {
		"0": "animated_java:item/archelder/shiny"
	},
	"elements": [
		{
			"from": [
				6.75,
				2,
				8
			],
			"to": [
				8.75,
				10,
				21
			],
			"rotation": {
				"angle": 0,
				"axis": "y",
				"origin": [
					7.75,
					8,
					9
				]
			},
			"faces": {
				"north": {
					"uv": [
						3.375,
						7.125,
						3.625,
						8.125
					],
					"texture": "#0"
				},
				"east": {
					"uv": [
						2,
						0.875,
						3.625,
						1.875
					],
					"texture": "#0"
				},
				"south": {
					"uv": [
						1.25,
						7.375,
						1.5,
						8.375
					],
					"texture": "#0"
				},
				"west": {
					"uv": [
						2,
						1.875,
						3.625,
						2.875
					],
					"texture": "#0"
				},
				"up": {
					"uv": [
						5,
						8.625,
						4.75,
						7
					],
					"texture": "#0"
				},
				"down": {
					"uv": [
						5.25,
						7,
						5,
						8.625
					],
					"texture": "#0"
				}
			}
		}
	],
	"display": {
		"head": {
			"rotation": [
				0,
				180,
				0
			]
		}
	}
}