{
	"textures": {
		"0": "animated_java:item/archelder/shiny"
	},
	"elements": [
		{
			"from": [
				6,
				6.16342,
				-0.3805999999999994
			],
			"to": [
				10,
				9.16342,
				5.6194
			],
			"rotation": {
				"angle": 22.5,
				"axis": "x",
				"origin": [
					8,
					2.25,
					8
				]
			},
			"faces": {
				"north": {
					"uv": [
						4.875,
						2.375,
						5.375,
						2.75
					],
					"texture": "#0"
				},
				"east": {
					"uv": [
						5.75,
						7.5,
						6.5,
						7.875
					],
					"texture": "#0"
				},
				"south": {
					"uv": [
						5.5,
						3.25,
						6,
						3.625
					],
					"texture": "#0"
				},
				"west": {
					"uv": [
						7.5,
						6.25,
						8.25,
						6.625
					],
					"texture": "#0"
				},
				"up": {
					"uv": [
						7.5,
						6.125,
						7,
						5.375
					],
					"texture": "#0"
				},
				"down": {
					"uv": [
						7.5,
						6.125,
						7,
						6.875
					],
					"texture": "#0"
				}
			}
		}
	],
	"display": {
		"head": {
			"rotation": [
				0,
				180,
				0
			]
		}
	}
}