{
	"textures": {
		"0": "animated_java:item/archelder/shiny"
	},
	"elements": [
		{
			"from": [
				6.5,
				1.25,
				6.5
			],
			"to": [
				7.5,
				9.25,
				8
			],
			"rotation": {
				"angle": 22.5,
				"axis": "x",
				"origin": [
					6.5,
					6.25,
					7.5
				]
			},
			"faces": {
				"north": {
					"uv": [
						0.75,
						8.125,
						0.875,
						9.125
					],
					"texture": "#0"
				},
				"east": {
					"uv": [
						7.5,
						7.625,
						7.75,
						8.625
					],
					"texture": "#0"
				},
				"south": {
					"uv": [
						0.875,
						8.125,
						1,
						9.125
					],
					"texture": "#0"
				},
				"west": {
					"uv": [
						1.5,
						7.75,
						1.75,
						8.75
					],
					"texture": "#0"
				},
				"up": {
					"uv": [
						6.125,
						3.75,
						6,
						3.5
					],
					"texture": "#0"
				},
				"down": {
					"uv": [
						3,
						6.625,
						2.875,
						6.875
					],
					"texture": "#0"
				}
			}
		}
	],
	"display": {
		"head": {
			"rotation": [
				0,
				180,
				0
			]
		}
	}
}