{
	"textures": {
		"0": "animated_java:item/archelder/shiny"
	},
	"elements": [
		{
			"from": [
				2.5,
				7.5,
				6
			],
			"to": [
				4.5,
				8.5,
				9
			],
			"rotation": {
				"angle": 0,
				"axis": "y",
				"origin": [
					3.5,
					7.5,
					6
				]
			},
			"faces": {
				"north": {
					"uv": [
						6,
						5.375,
						6.25,
						5.5
					],
					"texture": "#0"
				},
				"east": {
					"uv": [
						5.5,
						3.625,
						5.875,
						3.75
					],
					"texture": "#0"
				},
				"south": {
					"uv": [
						5.25,
						6.25,
						5.5,
						6.375
					],
					"texture": "#0"
				},
				"west": {
					"uv": [
						6.25,
						3.125,
						6.625,
						3.25
					],
					"texture": "#0"
				},
				"up": {
					"uv": [
						6,
						7.5,
						5.75,
						7.125
					],
					"texture": "#0"
				},
				"down": {
					"uv": [
						6.375,
						8.125,
						6.125,
						8.5
					],
					"texture": "#0"
				}
			}
		},
		{
			"from": [
				2.5,
				7.5,
				3
			],
			"to": [
				2.5,
				9.5,
				6
			],
			"rotation": {
				"angle": 22.5,
				"axis": "y",
				"origin": [
					3.5,
					7.5,
					5
				]
			},
			"faces": {
				"north": {
					"uv": [
						0,
						0,
						0,
						0.25
					],
					"texture": "#0"
				},
				"east": {
					"uv": [
						8,
						1.625,
						8.375,
						1.875
					],
					"texture": "#0"
				},
				"south": {
					"uv": [
						0,
						0,
						0,
						0.25
					],
					"texture": "#0"
				},
				"west": {
					"uv": [
						8,
						6.625,
						8.375,
						6.875
					],
					"texture": "#0"
				},
				"up": {
					"uv": [
						0,
						0.375,
						0,
						0
					],
					"texture": "#0"
				},
				"down": {
					"uv": [
						0,
						0,
						0,
						0.375
					],
					"texture": "#0"
				}
			}
		},
		{
			"from": [
				3.5,
				7.5,
				3
			],
			"to": [
				3.5,
				9.5,
				6
			],
			"rotation": {
				"angle": 0,
				"axis": "y",
				"origin": [
					4.5,
					7.5,
					5
				]
			},
			"faces": {
				"north": {
					"uv": [
						0,
						0,
						0,
						0.25
					],
					"texture": "#0"
				},
				"east": {
					"uv": [
						8.125,
						0.875,
						8.5,
						1.125
					],
					"texture": "#0"
				},
				"south": {
					"uv": [
						0,
						0,
						0,
						0.25
					],
					"texture": "#0"
				},
				"west": {
					"uv": [
						8.125,
						3.5,
						8.5,
						3.75
					],
					"texture": "#0"
				},
				"up": {
					"uv": [
						0,
						0.375,
						0,
						0
					],
					"texture": "#0"
				},
				"down": {
					"uv": [
						0,
						0,
						0,
						0.375
					],
					"texture": "#0"
				}
			}
		},
		{
			"from": [
				4.25,
				7.5,
				3.75
			],
			"to": [
				4.25,
				9.5,
				6.75
			],
			"rotation": {
				"angle": -22.5,
				"axis": "y",
				"origin": [
					5.25,
					7.5,
					5.75
				]
			},
			"faces": {
				"north": {
					"uv": [
						0,
						0,
						0,
						0.25
					],
					"texture": "#0"
				},
				"east": {
					"uv": [
						6.75,
						8.125,
						7.125,
						8.375
					],
					"texture": "#0"
				},
				"south": {
					"uv": [
						0,
						0,
						0,
						0.25
					],
					"texture": "#0"
				},
				"west": {
					"uv": [
						8.125,
						7.125,
						8.5,
						7.375
					],
					"texture": "#0"
				},
				"up": {
					"uv": [
						0,
						0.375,
						0,
						0
					],
					"texture": "#0"
				},
				"down": {
					"uv": [
						0,
						0,
						0,
						0.375
					],
					"texture": "#0"
				}
			}
		}
	],
	"display": {
		"head": {
			"rotation": [
				0,
				180,
				0
			]
		}
	}
}