{
	"textures": {
		"0": "animated_java:item/archelder/shiny"
	},
	"elements": [
		{
			"from": [
				6,
				3.75,
				8.25
			],
			"to": [
				8,
				9.75,
				12.25
			],
			"rotation": {
				"angle": -22.5,
				"axis": "x",
				"origin": [
					7,
					3.75,
					9.25
				]
			},
			"faces": {
				"north": {
					"uv": [
						7.75,
						7.625,
						8,
						8.375
					],
					"texture": "#0"
				},
				"east": {
					"uv": [
						0.75,
						7.375,
						1.25,
						8.125
					],
					"texture": "#0"
				},
				"south": {
					"uv": [
						0,
						7.875,
						0.25,
						8.625
					],
					"texture": "#0"
				},
				"west": {
					"uv": [
						7.5,
						1.125,
						8,
						1.875
					],
					"texture": "#0"
				},
				"up": {
					"uv": [
						8.25,
						1.625,
						8,
						1.125
					],
					"texture": "#0"
				},
				"down": {
					"uv": [
						8.25,
						5.625,
						8,
						6.125
					],
					"texture": "#0"
				}
			}
		}
	],
	"display": {
		"head": {
			"rotation": [
				0,
				180,
				0
			]
		}
	}
}