{
	"textures": {
		"0": "animated_java:item/archelder/shiny"
	},
	"elements": [
		{
			"from": [
				6.75,
				2,
				8
			],
			"to": [
				8.75,
				10,
				21
			],
			"rotation": {
				"angle": 0,
				"axis": "y",
				"origin": [
					7.75,
					8,
					9
				]
			},
			"faces": {
				"north": {
					"uv": [
						6.5,
						7.5,
						6.75,
						8.5
					],
					"texture": "#0"
				},
				"east": {
					"uv": [
						0,
						2.875,
						1.625,
						3.875
					],
					"texture": "#0"
				},
				"south": {
					"uv": [
						7.25,
						7.625,
						7.5,
						8.625
					],
					"texture": "#0"
				},
				"west": {
					"uv": [
						1.625,
						2.875,
						3.25,
						3.875
					],
					"texture": "#0"
				},
				"up": {
					"uv": [
						3.125,
						8.75,
						2.875,
						7.125
					],
					"texture": "#0"
				},
				"down": {
					"uv": [
						3.375,
						7.125,
						3.125,
						8.75
					],
					"texture": "#0"
				}
			}
		}
	],
	"display": {
		"head": {
			"rotation": [
				0,
				180,
				0
			]
		}
	}
}