{
	"textures": {
		"0": "animated_java:item/archelder/shiny"
	},
	"elements": [
		{
			"from": [
				8,
				3.75,
				8
			],
			"to": [
				10,
				9.75,
				12
			],
			"rotation": {
				"angle": -22.5,
				"axis": "x",
				"origin": [
					9,
					3.75,
					9
				]
			},
			"faces": {
				"north": {
					"uv": [
						0.25,
						7.875,
						0.5,
						8.625
					],
					"texture": "#0"
				},
				"east": {
					"uv": [
						7.5,
						4.75,
						8,
						5.5
					],
					"texture": "#0"
				},
				"south": {
					"uv": [
						0.5,
						7.875,
						0.75,
						8.625
					],
					"texture": "#0"
				},
				"west": {
					"uv": [
						7.5,
						5.5,
						8,
						6.25
					],
					"texture": "#0"
				},
				"up": {
					"uv": [
						8.375,
						0.875,
						8.125,
						0.375
					],
					"texture": "#0"
				},
				"down": {
					"uv": [
						1.25,
						8.125,
						1,
						8.625
					],
					"texture": "#0"
				}
			}
		}
	],
	"display": {
		"head": {
			"rotation": [
				0,
				180,
				0
			]
		}
	}
}