{
	"textures": {
		"0": "animated_java:item/lumiflare/lumiflare"
	},
	"elements": [
		{
			"from": [
				7.4,
				7.899999999999999,
				7.4
			],
			"to": [
				8.6,
				9.100000000000001,
				8.6
			],
			"rotation": {
				"angle": 0,
				"axis": "y",
				"origin": [
					8,
					8,
					8
				]
			},
			"faces": {
				"north": {
					"uv": [
						4.5,
						3,
						4.25,
						3.25
					],
					"texture": "#0"
				},
				"east": {
					"uv": [
						4.5,
						3,
						4.25,
						3.25
					],
					"texture": "#0"
				},
				"south": {
					"uv": [
						4.5,
						3,
						4.25,
						3.25
					],
					"texture": "#0"
				},
				"west": {
					"uv": [
						4.5,
						3,
						4.25,
						3.25
					],
					"texture": "#0"
				},
				"up": {
					"uv": [
						4.5,
						3,
						4.25,
						3.25
					],
					"texture": "#0"
				},
				"down": {
					"uv": [
						4.5,
						3,
						4.25,
						3.25
					],
					"texture": "#0"
				}
			}
		}
	],
	"display": {
		"head": {
			"rotation": [
				0,
				180,
				0
			]
		}
	}
}