{
	"textures": {
		"0": "animated_java:item/lumiflare/lumiflare"
	},
	"elements": [
		{
			"from": [
				7.99,
				10.489999999999998,
				7.49
			],
			"to": [
				8.01,
				12.510000000000002,
				8.01
			],
			"rotation": {
				"angle": -22.5,
				"axis": "x",
				"origin": [
					8,
					10.5,
					8
				]
			},
			"faces": {
				"east": {
					"uv": [
						1.75,
						6.25,
						2,
						6.75
					],
					"texture": "#0"
				},
				"west": {
					"uv": [
						1.75,
						6.25,
						2,
						6.75
					],
					"texture": "#0"
				}
			}
		},
		{
			"from": [
				7.98,
				11.827760000000001,
				5.71463
			],
			"to": [
				8.02,
				12.36776,
				7.25463
			],
			"rotation": {
				"angle": 22.5,
				"axis": "x",
				"origin": [
					8,
					12.347760000000001,
					7.23463
				]
			},
			"faces": {
				"east": {
					"uv": [
						1.75,
						5.5,
						2,
						6
					],
					"rotation": 90,
					"texture": "#0"
				},
				"west": {
					"uv": [
						1.75,
						6,
						2,
						5.5
					],
					"rotation": 90,
					"texture": "#0"
				}
			}
		},
		{
			"from": [
				7.97,
				12.39178,
				4.318810000000001
			],
			"to": [
				8.03,
				12.951780000000003,
				5.87881
			],
			"rotation": {
				"angle": -22.5,
				"axis": "x",
				"origin": [
					8,
					12.921780000000002,
					5.84881
				]
			},
			"faces": {
				"east": {
					"uv": [
						1.75,
						4.75,
						2,
						5.25
					],
					"rotation": 90,
					"texture": "#0"
				},
				"west": {
					"uv": [
						1.75,
						5.25,
						2,
						4.75
					],
					"rotation": 90,
					"texture": "#0"
				}
			}
		},
		{
			"from": [
				7.98,
				10.827760000000001,
				4.44299
			],
			"to": [
				8.02,
				12.36776,
				4.98299
			],
			"rotation": {
				"angle": 22.5,
				"axis": "x",
				"origin": [
					8,
					12.347760000000001,
					4.46299
				]
			},
			"faces": {
				"east": {
					"uv": [
						1.75,
						4.5,
						2,
						4
					],
					"texture": "#0"
				},
				"west": {
					"uv": [
						2,
						4.5,
						1.75,
						4
					],
					"texture": "#0"
				}
			}
		},
		{
			"from": [
				7.99,
				10.20194,
				3.87897
			],
			"to": [
				8.01,
				10.971940000000004,
				4.39897
			],
			"rotation": {
				"angle": 0,
				"axis": "y",
				"origin": [
					8,
					10.961940000000002,
					3.8889699999999996
				]
			},
			"faces": {
				"east": {
					"uv": [
						1.75,
						3.5,
						2,
						3.75
					],
					"texture": "#0"
				},
				"west": {
					"uv": [
						2,
						3.5,
						1.75,
						3.75
					],
					"texture": "#0"
				}
			}
		},
		{
			"from": [
				8,
				7.5,
				7.5
			],
			"to": [
				8,
				10.5,
				8
			],
			"rotation": {
				"angle": 0,
				"axis": "y",
				"origin": [
					8,
					8.25,
					8
				]
			},
			"faces": {
				"east": {
					"uv": [
						1.75,
						7,
						2,
						7.75
					],
					"texture": "#0"
				},
				"west": {
					"uv": [
						1.75,
						7,
						2,
						7.75
					],
					"texture": "#0"
				}
			}
		}
	],
	"display": {
		"head": {
			"rotation": [
				0,
				180,
				0
			]
		}
	}
}