{
	"textures": {
		"0": "animated_java:item/lumiflare/lumiflare"
	},
	"elements": [
		{
			"from": [
				7.5,
				8,
				7.5
			],
			"to": [
				8.5,
				9,
				8.5
			],
			"rotation": {
				"angle": 0,
				"axis": "y",
				"origin": [
					8,
					8,
					8
				]
			},
			"faces": {
				"north": {
					"uv": [
						3,
						3,
						2.75,
						3.25
					],
					"texture": "#0"
				},
				"east": {
					"uv": [
						3.25,
						3,
						3,
						3.25
					],
					"texture": "#0"
				},
				"south": {
					"uv": [
						3.5,
						3,
						3.25,
						3.25
					],
					"texture": "#0"
				},
				"west": {
					"uv": [
						2.75,
						3,
						2.5,
						3.25
					],
					"texture": "#0"
				},
				"up": {
					"uv": [
						2.75,
						3,
						3,
						2.75
					],
					"texture": "#0"
				},
				"down": {
					"uv": [
						3,
						2.75,
						3.25,
						3
					],
					"texture": "#0"
				}
			}
		}
	],
	"display": {
		"head": {
			"rotation": [
				0,
				180,
				0
			]
		}
	}
}