{
	"textures": {
		"0": "animated_java:item/chakrapus/bigocto"
	},
	"elements": [
		{
			"from": [
				8,
				6.5,
				6.5
			],
			"to": [
				18,
				9.5,
				9.5
			],
			"rotation": {
				"angle": 0,
				"axis": "y",
				"origin": [
					17,
					8.5,
					6.5
				]
			},
			"faces": {
				"north": {
					"uv": [
						9.375,
						5.625,
						10.625,
						6
					],
					"texture": "#0"
				},
				"east": {
					"uv": [
						9,
						5.625,
						9.375,
						6
					],
					"texture": "#0"
				},
				"south": {
					"uv": [
						11,
						5.625,
						12.25,
						6
					],
					"texture": "#0"
				},
				"west": {
					"uv": [
						10.625,
						5.625,
						11,
						6
					],
					"texture": "#0"
				},
				"up": {
					"uv": [
						10.625,
						5.625,
						9.375,
						5.25
					],
					"texture": "#0"
				},
				"down": {
					"uv": [
						11.875,
						5.25,
						10.625,
						5.625
					],
					"texture": "#0"
				}
			}
		}
	],
	"display": {
		"head": {
			"rotation": [
				0,
				180,
				0
			]
		}
	}
}