{
	"textures": {
		"0": "animated_java:item/chakrapus/bigocto"
	},
	"elements": [
		{
			"from": [
				7,
				7,
				8
			],
			"to": [
				9,
				9,
				16
			],
			"rotation": {
				"angle": 0,
				"axis": "y",
				"origin": [
					8,
					7,
					9
				]
			},
			"faces": {
				"north": {
					"uv": [
						1,
						10.125,
						1.25,
						10.375
					],
					"texture": "#0"
				},
				"east": {
					"uv": [
						0,
						10.125,
						1,
						10.375
					],
					"texture": "#0"
				},
				"south": {
					"uv": [
						2.25,
						10.125,
						2.5,
						10.375
					],
					"texture": "#0"
				},
				"west": {
					"uv": [
						1.25,
						10.125,
						2.25,
						10.375
					],
					"texture": "#0"
				},
				"up": {
					"uv": [
						1.25,
						10.125,
						1,
						9.125
					],
					"texture": "#0"
				},
				"down": {
					"uv": [
						1.5,
						9.125,
						1.25,
						10.125
					],
					"texture": "#0"
				}
			}
		}
	],
	"display": {
		"head": {
			"rotation": [
				0,
				180,
				0
			]
		}
	}
}