{
	"textures": {
		"0": "animated_java:item/chakrapus/bigocto"
	},
	"elements": [
		{
			"from": [
				4.5,
				6,
				8
			],
			"to": [
				10.5,
				11,
				15
			],
			"rotation": {
				"angle": 0,
				"axis": "y",
				"origin": [
					7.5,
					6,
					9
				]
			},
			"faces": {
				"north": {
					"uv": [
						4.125,
						8.875,
						4.875,
						9.5
					],
					"texture": "#0"
				},
				"east": {
					"uv": [
						3.25,
						8.875,
						4.125,
						9.5
					],
					"texture": "#0"
				},
				"south": {
					"uv": [
						5.75,
						8.875,
						6.5,
						9.5
					],
					"texture": "#0"
				},
				"west": {
					"uv": [
						4.875,
						8.875,
						5.75,
						9.5
					],
					"texture": "#0"
				},
				"up": {
					"uv": [
						4.875,
						8.875,
						4.125,
						8
					],
					"texture": "#0"
				},
				"down": {
					"uv": [
						5.625,
						8,
						4.875,
						8.875
					],
					"texture": "#0"
				}
			}
		}
	],
	"display": {
		"head": {
			"rotation": [
				0,
				180,
				0
			]
		}
	}
}