{
	"textures": {
		"0": "animated_java:item/chakrapus/bigocto"
	},
	"elements": [
		{
			"from": [
				6.5,
				7,
				8
			],
			"to": [
				9.5,
				11,
				11
			],
			"rotation": {
				"angle": 0,
				"axis": "y",
				"origin": [
					8.5,
					7,
					1
				]
			},
			"faces": {
				"north": {
					"uv": [
						2.875,
						9.875,
						3.25,
						10.375
					],
					"texture": "#0"
				},
				"east": {
					"uv": [
						2.5,
						9.875,
						2.875,
						10.375
					],
					"texture": "#0"
				},
				"south": {
					"uv": [
						3.625,
						9.875,
						4,
						10.375
					],
					"texture": "#0"
				},
				"west": {
					"uv": [
						3.25,
						9.875,
						3.625,
						10.375
					],
					"texture": "#0"
				},
				"up": {
					"uv": [
						3.25,
						9.875,
						2.875,
						9.5
					],
					"texture": "#0"
				},
				"down": {
					"uv": [
						3.625,
						9.5,
						3.25,
						9.875
					],
					"texture": "#0"
				}
			}
		}
	],
	"display": {
		"head": {
			"rotation": [
				0,
				180,
				0
			]
		}
	}
}