{
	"textures": {
		"0": "animated_java:item/chakrapus/bigocto"
	},
	"elements": [
		{
			"from": [
				3.5,
				7.5,
				4.5
			],
			"to": [
				9.5,
				12.5,
				11.5
			],
			"rotation": {
				"angle": -22.5,
				"axis": "z",
				"origin": [
					8.5,
					6.5,
					10.5
				]
			},
			"faces": {
				"north": {
					"uv": [
						0.875,
						7.75,
						1.625,
						8.375
					],
					"texture": "#0"
				},
				"east": {
					"uv": [
						0,
						7.75,
						0.875,
						8.375
					],
					"texture": "#0"
				},
				"south": {
					"uv": [
						2.5,
						7.75,
						3.25,
						8.375
					],
					"texture": "#0"
				},
				"west": {
					"uv": [
						1.625,
						7.75,
						2.5,
						8.375
					],
					"texture": "#0"
				},
				"up": {
					"uv": [
						1.625,
						7.75,
						0.875,
						6.875
					],
					"texture": "#0"
				},
				"down": {
					"uv": [
						2.375,
						6.875,
						1.625,
						7.75
					],
					"texture": "#0"
				}
			}
		},
		{
			"from": [
				7.5,
				8.5,
				2.5
			],
			"to": [
				19.5,
				17.5,
				13.5
			],
			"rotation": {
				"angle": 22.5,
				"axis": "z",
				"origin": [
					12.5,
					10.5,
					10.5
				]
			},
			"faces": {
				"north": {
					"uv": [
						1.375,
						1.375,
						2.875,
						2.5
					],
					"texture": "#0"
				},
				"east": {
					"uv": [
						0,
						1.375,
						1.375,
						2.5
					],
					"texture": "#0"
				},
				"south": {
					"uv": [
						4.25,
						1.375,
						5.75,
						2.5
					],
					"texture": "#0"
				},
				"west": {
					"uv": [
						2.875,
						1.375,
						4.25,
						2.5
					],
					"texture": "#0"
				},
				"up": {
					"uv": [
						2.875,
						1.375,
						1.375,
						0
					],
					"texture": "#0"
				},
				"down": {
					"uv": [
						4.375,
						0,
						2.875,
						1.375
					],
					"texture": "#0"
				}
			}
		}
	],
	"display": {
		"head": {
			"rotation": [
				0,
				180,
				0
			]
		}
	}
}