{
	"textures": {
		"0": "animated_java:item/gwee/texture"
	},
	"elements": [
		{
			"from": [
				5.5,
				6.05,
				5.45
			],
			"to": [
				10.5,
				10.05,
				10.45
			],
			"rotation": {
				"angle": 0,
				"axis": "y",
				"origin": [
					8,
					8.05,
					7.95
				]
			},
			"faces": {
				"north": {
					"uv": [
						2.5,
						0,
						5,
						2
					],
					"texture": "#0"
				},
				"east": {
					"uv": [
						2.5,
						2,
						5,
						4
					],
					"texture": "#0"
				},
				"south": {
					"uv": [
						2.5,
						4,
						5,
						6
					],
					"texture": "#0"
				},
				"west": {
					"uv": [
						0,
						5,
						2.5,
						7
					],
					"texture": "#0"
				},
				"up": {
					"uv": [
						2.5,
						2.5,
						0,
						0
					],
					"texture": "#0"
				},
				"down": {
					"uv": [
						2.5,
						2.5,
						0,
						5
					],
					"texture": "#0"
				}
			}
		},
		{
			"from": [
				6,
				5.5,
				5.95
			],
			"to": [
				10,
				6.5,
				9.95
			],
			"rotation": {
				"angle": 0,
				"axis": "y",
				"origin": [
					8,
					6,
					7.95
				]
			},
			"faces": {
				"north": {
					"uv": [
						7,
						1.5,
						9,
						2
					],
					"texture": "#0"
				},
				"east": {
					"uv": [
						7,
						2,
						9,
						2.5
					],
					"texture": "#0"
				},
				"south": {
					"uv": [
						7,
						2.5,
						9,
						3
					],
					"texture": "#0"
				},
				"west": {
					"uv": [
						7,
						3,
						9,
						3.5
					],
					"texture": "#0"
				},
				"up": {
					"uv": [
						7,
						6,
						5,
						4
					],
					"texture": "#0"
				},
				"down": {
					"uv": [
						4.5,
						6,
						2.5,
						8
					],
					"texture": "#0"
				}
			}
		},
		{
			"from": [
				6,
				9.55,
				5.95
			],
			"to": [
				10,
				10.55,
				9.95
			],
			"rotation": {
				"angle": 0,
				"axis": "y",
				"origin": [
					8,
					10.05,
					7.95
				]
			},
			"faces": {
				"north": {
					"uv": [
						0,
						7,
						2,
						7.5
					],
					"texture": "#0"
				},
				"east": {
					"uv": [
						7,
						0,
						9,
						0.5
					],
					"texture": "#0"
				},
				"south": {
					"uv": [
						7,
						0.5,
						9,
						1
					],
					"texture": "#0"
				},
				"west": {
					"uv": [
						7,
						1,
						9,
						1.5
					],
					"texture": "#0"
				},
				"up": {
					"uv": [
						7,
						2,
						5,
						0
					],
					"texture": "#0"
				},
				"down": {
					"uv": [
						7,
						2,
						5,
						4
					],
					"texture": "#0"
				}
			}
		}
	],
	"display": {
		"head": {
			"rotation": [
				0,
				180,
				0
			]
		}
	}
}