{
	"textures": {
		"0": "animated_java:item/archelder/texture"
	},
	"elements": [
		{
			"from": [
				5,
				6,
				5.75
			],
			"to": [
				11,
				11,
				7.75
			],
			"rotation": {
				"angle": 22.5,
				"axis": "x",
				"origin": [
					8,
					7,
					6.75
				]
			},
			"faces": {
				"north": {
					"uv": [
						6.875,
						3.125,
						7.625,
						3.75
					],
					"texture": "#0"
				},
				"east": {
					"uv": [
						5.25,
						7.875,
						5.5,
						8.5
					],
					"texture": "#0"
				},
				"south": {
					"uv": [
						6,
						6.875,
						6.75,
						7.5
					],
					"texture": "#0"
				},
				"west": {
					"uv": [
						5.5,
						7.875,
						5.75,
						8.5
					],
					"texture": "#0"
				},
				"up": {
					"uv": [
						6,
						4.75,
						5.25,
						4.5
					],
					"texture": "#0"
				},
				"down": {
					"uv": [
						8.25,
						1.875,
						7.5,
						2.125
					],
					"texture": "#0"
				}
			}
		}
	],
	"display": {
		"head": {
			"rotation": [
				0,
				180,
				0
			]
		}
	}
}