{
	"textures": {
		"0": "animated_java:item/archelder/texture"
	},
	"elements": [
		{
			"from": [
				3,
				8.04068,
				7.984020000000001
			],
			"to": [
				13,
				8.05068,
				15.984019999999997
			],
			"rotation": {
				"angle": 0,
				"axis": "y",
				"origin": [
					8,
					8,
					-4.949999999999999
				]
			},
			"faces": {
				"north": {
					"uv": [
						0,
						0,
						1.25,
						0
					],
					"texture": "#0"
				},
				"east": {
					"uv": [
						0,
						0,
						1,
						0
					],
					"texture": "#0"
				},
				"south": {
					"uv": [
						0,
						0,
						1.25,
						0
					],
					"texture": "#0"
				},
				"west": {
					"uv": [
						0,
						0,
						1,
						0
					],
					"texture": "#0"
				},
				"up": {
					"uv": [
						4.5,
						3.875,
						3.25,
						2.875
					],
					"texture": "#0"
				},
				"down": {
					"uv": [
						4.875,
						0.875,
						3.625,
						1.875
					],
					"texture": "#0"
				}
			}
		}
	],
	"display": {
		"head": {
			"rotation": [
				0,
				180,
				0
			]
		}
	}
}