{
	"textures": {
		"0": "animated_java:item/resolyst/shiny"
	},
	"elements": [
		{
			"from": [
				2,
				7.94971,
				8.03701
			],
			"to": [
				14,
				7.94971,
				18.037010000000002
			],
			"rotation": {
				"angle": 0,
				"axis": "y",
				"origin": [
					8,
					7.94971,
					15.03701
				]
			},
			"faces": {
				"north": {
					"uv": [
						0,
						0,
						1.5,
						0
					],
					"texture": "#0"
				},
				"east": {
					"uv": [
						0,
						0,
						1.25,
						0
					],
					"texture": "#0"
				},
				"south": {
					"uv": [
						0,
						0,
						1.5,
						0
					],
					"texture": "#0"
				},
				"west": {
					"uv": [
						0,
						0,
						1.25,
						0
					],
					"texture": "#0"
				},
				"up": {
					"uv": [
						3.75,
						1.25,
						2.25,
						0
					],
					"texture": "#0"
				},
				"down": {
					"uv": [
						3.75,
						0,
						2.25,
						1.25
					],
					"texture": "#0"
				}
			}
		}
	],
	"display": {
		"head": {
			"rotation": [
				0,
				180,
				0
			]
		}
	}
}