{
	"textures": {
		"0": "animated_java:item/resolyst/shiny"
	},
	"elements": [
		{
			"from": [
				4,
				1,
				8
			],
			"to": [
				14,
				8,
				8
			],
			"rotation": {
				"angle": 0,
				"axis": "y",
				"origin": [
					9,
					8,
					8
				]
			},
			"faces": {
				"north": {
					"uv": [
						1.25,
						4.625,
						2.5,
						5.5
					],
					"texture": "#0"
				},
				"east": {
					"uv": [
						0,
						0,
						0,
						0.875
					],
					"texture": "#0"
				},
				"south": {
					"uv": [
						4.75,
						2.25,
						6,
						3.125
					],
					"texture": "#0"
				},
				"west": {
					"uv": [
						0,
						0,
						0,
						0.875
					],
					"texture": "#0"
				},
				"up": {
					"uv": [
						1.25,
						0,
						0,
						0
					],
					"texture": "#0"
				},
				"down": {
					"uv": [
						1.25,
						0,
						0,
						0
					],
					"texture": "#0"
				}
			}
		}
	],
	"display": {
		"head": {
			"rotation": [
				0,
				180,
				0
			]
		}
	}
}