{
	"textures": {
		"0": "animated_java:item/resolyst/shiny"
	},
	"elements": [
		{
			"from": [
				3,
				-2.2499900000000004,
				7.9932
			],
			"to": [
				15,
				7.75001,
				7.9932
			],
			"rotation": {
				"angle": 0,
				"axis": "y",
				"origin": [
					9,
					4.75001,
					7.9932
				]
			},
			"faces": {
				"north": {
					"uv": [
						0,
						1.75,
						1.5,
						3
					],
					"texture": "#0"
				},
				"east": {
					"uv": [
						0,
						0,
						0,
						1.25
					],
					"texture": "#0"
				},
				"south": {
					"uv": [
						0,
						1.75,
						1.5,
						3
					],
					"texture": "#0"
				},
				"west": {
					"uv": [
						0,
						0,
						0,
						1.25
					],
					"texture": "#0"
				},
				"up": {
					"uv": [
						1.5,
						0,
						0,
						0
					],
					"texture": "#0"
				},
				"down": {
					"uv": [
						1.5,
						0,
						0,
						0
					],
					"texture": "#0"
				}
			}
		}
	],
	"display": {
		"head": {
			"rotation": [
				0,
				180,
				0
			]
		}
	}
}