{
	"textures": {
		"0": "animated_java:item/resolyst/shiny"
	},
	"elements": [
		{
			"from": [
				3,
				8.25,
				3.5
			],
			"to": [
				13,
				15.25,
				11.5
			],
			"rotation": {
				"angle": 0,
				"axis": "y",
				"origin": [
					8,
					8.25,
					10.5
				]
			},
			"faces": {
				"north": {
					"uv": [
						0,
						4.25,
						1.25,
						5.125
					],
					"texture": "#0"
				},
				"east": {
					"uv": [
						4.75,
						3.125,
						5.75,
						4
					],
					"texture": "#0"
				},
				"south": {
					"uv": [
						4.5,
						4.125,
						5.75,
						5
					],
					"texture": "#0"
				},
				"west": {
					"uv": [
						5,
						1.375,
						6,
						2.25
					],
					"texture": "#0"
				},
				"up": {
					"uv": [
						3.75,
						4,
						2.5,
						3
					],
					"texture": "#0"
				},
				"down": {
					"uv": [
						5,
						0,
						3.75,
						1
					],
					"texture": "#0"
				}
			}
		}
	],
	"display": {
		"head": {
			"rotation": [
				0,
				180,
				0
			]
		}
	}
}