{
	"textures": {
		"0": "animated_java:item/resolyst/shiny"
	},
	"elements": [
		{
			"from": [
				5.75,
				6.5,
				5
			],
			"to": [
				7.75,
				8.5,
				13
			],
			"rotation": {
				"angle": 0,
				"axis": "y",
				"origin": [
					6.75,
					7.5,
					5
				]
			},
			"faces": {
				"north": {
					"uv": [
						1.25,
						4.25,
						1.5,
						4.5
					],
					"texture": "#0"
				},
				"east": {
					"uv": [
						6.75,
						0.5,
						7.75,
						0.75
					],
					"texture": "#0"
				},
				"south": {
					"uv": [
						4.25,
						2.625,
						4.5,
						2.875
					],
					"texture": "#0"
				},
				"west": {
					"uv": [
						1.125,
						6.75,
						2.125,
						7
					],
					"texture": "#0"
				},
				"up": {
					"uv": [
						2.375,
						7.75,
						2.125,
						6.75
					],
					"texture": "#0"
				},
				"down": {
					"uv": [
						7,
						3.125,
						6.75,
						4.125
					],
					"texture": "#0"
				}
			}
		},
		{
			"from": [
				5.25,
				6,
				10
			],
			"to": [
				8.25,
				9,
				17
			],
			"rotation": {
				"angle": 0,
				"axis": "y",
				"origin": [
					7.25,
					8,
					10
				]
			},
			"faces": {
				"north": {
					"uv": [
						4.25,
						6.75,
						4.625,
						7.125
					],
					"texture": "#0"
				},
				"east": {
					"uv": [
						4.25,
						6.375,
						5.125,
						6.75
					],
					"texture": "#0"
				},
				"south": {
					"uv": [
						6.75,
						4.5,
						7.125,
						4.875
					],
					"texture": "#0"
				},
				"west": {
					"uv": [
						0,
						6.75,
						0.875,
						7.125
					],
					"texture": "#0"
				},
				"up": {
					"uv": [
						2.875,
						7.5,
						2.5,
						6.625
					],
					"texture": "#0"
				},
				"down": {
					"uv": [
						3.25,
						6.625,
						2.875,
						7.5
					],
					"texture": "#0"
				}
			}
		}
	],
	"display": {
		"head": {
			"rotation": [
				0,
				180,
				0
			]
		}
	}
}