{
	"textures": {
		"0": "animated_java:item/resolyst/shiny"
	},
	"elements": [
		{
			"from": [
				-7,
				6.75,
				6.5
			],
			"to": [
				8,
				9.75,
				9.5
			],
			"rotation": {
				"angle": 0,
				"axis": "y",
				"origin": [
					-3.75,
					7.75,
					8.5
				]
			},
			"faces": {
				"north": {
					"uv": [
						5.75,
						0.875,
						7.625,
						1.25
					],
					"texture": "#0"
				},
				"east": {
					"uv": [
						2.25,
						1.25,
						2.625,
						1.625
					],
					"texture": "#0"
				},
				"south": {
					"uv": [
						5.25,
						5.875,
						7.125,
						6.25
					],
					"texture": "#0"
				},
				"west": {
					"uv": [
						2.625,
						1.25,
						3,
						1.625
					],
					"texture": "#0"
				},
				"up": {
					"uv": [
						7.875,
						1.625,
						6,
						1.25
					],
					"texture": "#0"
				},
				"down": {
					"uv": [
						7.875,
						1.625,
						6,
						2
					],
					"texture": "#0"
				}
			}
		}
	],
	"display": {
		"head": {
			"rotation": [
				0,
				180,
				0
			]
		}
	}
}