{
	"textures": {
		"0": "animated_java:item/resolyst/shiny"
	},
	"elements": [
		{
			"from": [
				8.128499999999999,
				-1.9233499999999992,
				3
			],
			"to": [
				8.128499999999999,
				8.07665,
				11
			],
			"rotation": {
				"angle": 0,
				"axis": "y",
				"origin": [
					8.128499999999999,
					5.07665,
					8
				]
			},
			"faces": {
				"north": {
					"uv": [
						0,
						0,
						0,
						1.25
					],
					"texture": "#0"
				},
				"east": {
					"uv": [
						3.75,
						2.875,
						4.75,
						4.125
					],
					"texture": "#0"
				},
				"south": {
					"uv": [
						0,
						0,
						0,
						1.25
					],
					"texture": "#0"
				},
				"west": {
					"uv": [
						4,
						1,
						5,
						2.25
					],
					"texture": "#0"
				},
				"up": {
					"uv": [
						0,
						1,
						0,
						0
					],
					"texture": "#0"
				},
				"down": {
					"uv": [
						0,
						0,
						0,
						1
					],
					"texture": "#0"
				}
			}
		}
	],
	"display": {
		"head": {
			"rotation": [
				0,
				180,
				0
			]
		}
	}
}