{
	"textures": {
		"0": "animated_java:item/resolyst/shiny"
	},
	"elements": [
		{
			"from": [
				8.25,
				6.5,
				8
			],
			"to": [
				10.25,
				8.5,
				16
			],
			"rotation": {
				"angle": 0,
				"axis": "y",
				"origin": [
					9.25,
					7.5,
					8
				]
			},
			"faces": {
				"north": {
					"uv": [
						3.75,
						1,
						4,
						1.25
					],
					"texture": "#0"
				},
				"east": {
					"uv": [
						6.75,
						0,
						7.75,
						0.25
					],
					"texture": "#0"
				},
				"south": {
					"uv": [
						4,
						2.625,
						4.25,
						2.875
					],
					"texture": "#0"
				},
				"west": {
					"uv": [
						6.75,
						0.25,
						7.75,
						0.5
					],
					"texture": "#0"
				},
				"up": {
					"uv": [
						4.5,
						6.375,
						4.25,
						5.375
					],
					"texture": "#0"
				},
				"down": {
					"uv": [
						1.125,
						6.75,
						0.875,
						7.75
					],
					"texture": "#0"
				}
			}
		},
		{
			"from": [
				7.75,
				6,
				13
			],
			"to": [
				10.75,
				9,
				20
			],
			"rotation": {
				"angle": 0,
				"axis": "y",
				"origin": [
					9.75,
					8,
					13
				]
			},
			"faces": {
				"north": {
					"uv": [
						0.75,
						5.125,
						1.125,
						5.5
					],
					"texture": "#0"
				},
				"east": {
					"uv": [
						0.75,
						6.375,
						1.625,
						6.75
					],
					"texture": "#0"
				},
				"south": {
					"uv": [
						6.75,
						4.125,
						7.125,
						4.5
					],
					"texture": "#0"
				},
				"west": {
					"uv": [
						1.625,
						6.375,
						2.5,
						6.75
					],
					"texture": "#0"
				},
				"up": {
					"uv": [
						2.125,
						6.375,
						1.75,
						5.5
					],
					"texture": "#0"
				},
				"down": {
					"uv": [
						2.5,
						5.5,
						2.125,
						6.375
					],
					"texture": "#0"
				}
			}
		}
	],
	"display": {
		"head": {
			"rotation": [
				0,
				180,
				0
			]
		}
	}
}