{
	"textures": {
		"0": "animated_java:item/dahliasis/texture"
	},
	"elements": [
		{
			"from": [
				6.5,
				6.6775400000000005,
				7.7
			],
			"to": [
				9.5,
				9.67754,
				14.7
			],
			"rotation": {
				"angle": -22.5,
				"axis": "x",
				"origin": [
					8,
					8,
					7.5
				]
			},
			"faces": {
				"north": {
					"uv": [
						13,
						13,
						13.75,
						13.75
					],
					"texture": "#0"
				},
				"east": {
					"uv": [
						8.25,
						5.25,
						10,
						6
					],
					"texture": "#0"
				},
				"south": {
					"uv": [
						4,
						13.25,
						4.75,
						14
					],
					"texture": "#0"
				},
				"west": {
					"uv": [
						11.5,
						4.5,
						13.25,
						5.25
					],
					"texture": "#0"
				},
				"up": {
					"uv": [
						5.75,
						11.75,
						5,
						10
					],
					"texture": "#0"
				},
				"down": {
					"uv": [
						3.5,
						11,
						2.75,
						12.75
					],
					"texture": "#0"
				}
			}
		}
	],
	"display": {
		"head": {
			"rotation": [
				0,
				180,
				0
			]
		}
	}
}