{
	"textures": {
		"0": "animated_java:item/reevin/resin_bug"
	},
	"elements": [
		{
			"from": [
				7,
				8,
				7.5
			],
			"to": [
				8,
				8,
				8.5
			],
			"rotation": {
				"angle": 0,
				"axis": "y",
				"origin": [
					6,
					8.5,
					9
				]
			},
			"faces": {
				"north": {
					"uv": [
						8.75,
						6.75,
						9,
						6.75
					],
					"texture": "#0"
				},
				"east": {
					"uv": [
						8.5,
						6.75,
						8.75,
						6.75
					],
					"texture": "#0"
				},
				"south": {
					"uv": [
						9.25,
						6.75,
						9.5,
						6.75
					],
					"texture": "#0"
				},
				"west": {
					"uv": [
						9,
						6.75,
						9.25,
						6.75
					],
					"texture": "#0"
				},
				"up": {
					"uv": [
						9,
						6.75,
						8.75,
						6.5
					],
					"texture": "#0"
				},
				"down": {
					"uv": [
						9.25,
						6.5,
						9,
						6.75
					],
					"texture": "#0"
				}
			}
		}
	],
	"display": {
		"head": {
			"rotation": [
				0,
				180,
				0
			]
		}
	}
}