{
	"textures": {
		"0": "animated_java:item/reevin/resin_bug"
	},
	"elements": [
		{
			"from": [
				4,
				8,
				7.5
			],
			"to": [
				8,
				8,
				8.5
			],
			"rotation": {
				"angle": 0,
				"axis": "y",
				"origin": [
					6,
					8.5,
					9
				]
			},
			"faces": {
				"north": {
					"uv": [
						6.25,
						2.5,
						7.25,
						2.5
					],
					"texture": "#0"
				},
				"east": {
					"uv": [
						6,
						2.5,
						6.25,
						2.5
					],
					"texture": "#0"
				},
				"south": {
					"uv": [
						7.5,
						2.5,
						8.5,
						2.5
					],
					"texture": "#0"
				},
				"west": {
					"uv": [
						7.25,
						2.5,
						7.5,
						2.5
					],
					"texture": "#0"
				},
				"up": {
					"uv": [
						7.25,
						2.5,
						6.25,
						2.25
					],
					"texture": "#0"
				},
				"down": {
					"uv": [
						8.25,
						2.25,
						7.25,
						2.5
					],
					"texture": "#0"
				}
			}
		},
		{
			"from": [
				4.51,
				8.01,
				7.51
			],
			"to": [
				6.99,
				8.99,
				8.49
			],
			"rotation": {
				"angle": 0,
				"axis": "y",
				"origin": [
					6,
					8.5,
					9
				]
			},
			"faces": {
				"north": {
					"uv": [
						4.75,
						8.5,
						5.25,
						8.75
					],
					"texture": "#0"
				},
				"east": {
					"uv": [
						4.5,
						8.5,
						4.75,
						8.75
					],
					"texture": "#0"
				},
				"south": {
					"uv": [
						5.5,
						8.5,
						6,
						8.75
					],
					"texture": "#0"
				},
				"west": {
					"uv": [
						5.25,
						8.5,
						5.5,
						8.75
					],
					"texture": "#0"
				},
				"up": {
					"uv": [
						5.25,
						8.5,
						4.75,
						8.25
					],
					"texture": "#0"
				},
				"down": {
					"uv": [
						5.75,
						8.25,
						5.25,
						8.5
					],
					"texture": "#0"
				}
			}
		}
	],
	"display": {
		"head": {
			"rotation": [
				0,
				180,
				0
			]
		}
	}
}