{
	"textures": {
		"0": "animated_java:item/reevin/resin_bug"
	},
	"elements": [
		{
			"from": [
				4,
				8,
				7.5
			],
			"to": [
				8,
				8,
				8.5
			],
			"rotation": {
				"angle": 0,
				"axis": "y",
				"origin": [
					6,
					8.5,
					9
				]
			},
			"faces": {
				"north": {
					"uv": [
						4.75,
						7.25,
						5.75,
						7.25
					],
					"texture": "#0"
				},
				"east": {
					"uv": [
						4.5,
						7.25,
						4.75,
						7.25
					],
					"texture": "#0"
				},
				"south": {
					"uv": [
						6,
						7.25,
						7,
						7.25
					],
					"texture": "#0"
				},
				"west": {
					"uv": [
						5.75,
						7.25,
						6,
						7.25
					],
					"texture": "#0"
				},
				"up": {
					"uv": [
						5.75,
						7.25,
						4.75,
						7
					],
					"texture": "#0"
				},
				"down": {
					"uv": [
						6.75,
						7,
						5.75,
						7.25
					],
					"texture": "#0"
				}
			}
		},
		{
			"from": [
				4.51,
				8.01,
				7.51
			],
			"to": [
				6.99,
				8.99,
				8.49
			],
			"rotation": {
				"angle": 0,
				"axis": "y",
				"origin": [
					6,
					8.5,
					9
				]
			},
			"faces": {
				"north": {
					"uv": [
						3.25,
						7.75,
						3.75,
						8
					],
					"texture": "#0"
				},
				"east": {
					"uv": [
						3,
						7.75,
						3.25,
						8
					],
					"texture": "#0"
				},
				"south": {
					"uv": [
						4,
						7.75,
						4.5,
						8
					],
					"texture": "#0"
				},
				"west": {
					"uv": [
						3.75,
						7.75,
						4,
						8
					],
					"texture": "#0"
				},
				"up": {
					"uv": [
						3.75,
						7.75,
						3.25,
						7.5
					],
					"texture": "#0"
				},
				"down": {
					"uv": [
						4.25,
						7.5,
						3.75,
						7.75
					],
					"texture": "#0"
				}
			}
		}
	],
	"display": {
		"head": {
			"rotation": [
				0,
				180,
				0
			]
		}
	}
}