{
	"textures": {
		"0": "animated_java:item/archelder/shiny"
	},
	"elements": [
		{
			"from": [
				8,
				4.5021,
				7.996860000000002
			],
			"to": [
				8.01,
				11.5021,
				13.996860000000002
			],
			"rotation": {
				"angle": 0,
				"axis": "y",
				"origin": [
					8,
					8,
					1
				]
			},
			"faces": {
				"north": {
					"uv": [
						0,
						0,
						0,
						0.875
					],
					"texture": "#0"
				},
				"east": {
					"uv": [
						6.125,
						3.25,
						6.875,
						4.125
					],
					"texture": "#0"
				},
				"south": {
					"uv": [
						0,
						0,
						0,
						0.875
					],
					"texture": "#0"
				},
				"west": {
					"uv": [
						6,
						4.5,
						6.75,
						5.375
					],
					"texture": "#0"
				},
				"up": {
					"uv": [
						0,
						0.75,
						0,
						0
					],
					"texture": "#0"
				},
				"down": {
					"uv": [
						0,
						0,
						0,
						0.75
					],
					"texture": "#0"
				}
			}
		}
	],
	"display": {
		"head": {
			"rotation": [
				0,
				180,
				0
			]
		}
	}
}