{
	"textures": {
		"0": "animated_java:item/archelder/shiny"
	},
	"elements": [
		{
			"from": [
				8,
				3.5021000000000004,
				7.996860000000002
			],
			"to": [
				8.01,
				12.5021,
				15.996859999999998
			],
			"rotation": {
				"angle": 0,
				"axis": "y",
				"origin": [
					8,
					8,
					-5
				]
			},
			"faces": {
				"north": {
					"uv": [
						0,
						0,
						0,
						1.125
					],
					"texture": "#0"
				},
				"east": {
					"uv": [
						0,
						3.875,
						1,
						5
					],
					"texture": "#0"
				},
				"south": {
					"uv": [
						0,
						0,
						0,
						1.125
					],
					"texture": "#0"
				},
				"west": {
					"uv": [
						1,
						3.875,
						2,
						5
					],
					"texture": "#0"
				},
				"up": {
					"uv": [
						0,
						1,
						0,
						0
					],
					"texture": "#0"
				},
				"down": {
					"uv": [
						0,
						0,
						0,
						1
					],
					"texture": "#0"
				}
			}
		}
	],
	"display": {
		"head": {
			"rotation": [
				0,
				180,
				0
			]
		}
	}
}