{
	"textures": {
		"0": "animated_java:item/archelder/shiny"
	},
	"elements": [
		{
			"from": [
				7,
				8,
				7
			],
			"to": [
				9,
				10,
				20
			],
			"rotation": {
				"angle": 0,
				"axis": "y",
				"origin": [
					8,
					8,
					8
				]
			},
			"faces": {
				"north": {
					"uv": [
						8.25,
						4.25,
						8.5,
						4.5
					],
					"texture": "#0"
				},
				"east": {
					"uv": [
						6.625,
						2.125,
						8.25,
						2.375
					],
					"texture": "#0"
				},
				"south": {
					"uv": [
						8.25,
						4.5,
						8.5,
						4.75
					],
					"texture": "#0"
				},
				"west": {
					"uv": [
						6.875,
						3.75,
						8.5,
						4
					],
					"texture": "#0"
				},
				"up": {
					"uv": [
						2.625,
						8.25,
						2.375,
						6.625
					],
					"texture": "#0"
				},
				"down": {
					"uv": [
						2.875,
						6.625,
						2.625,
						8.25
					],
					"texture": "#0"
				}
			}
		}
	],
	"display": {
		"head": {
			"rotation": [
				0,
				180,
				0
			]
		}
	}
}