{
	"textures": {
		"0": "animated_java:item/archelder/shiny"
	},
	"elements": [
		{
			"from": [
				5,
				8.04068,
				7.93402
			],
			"to": [
				11,
				8.04068,
				14.93402
			],
			"rotation": {
				"angle": 0,
				"axis": "y",
				"origin": [
					8,
					8,
					8
				]
			},
			"faces": {
				"north": {
					"uv": [
						0,
						0,
						0.75,
						0
					],
					"texture": "#0"
				},
				"east": {
					"uv": [
						0,
						0,
						0.875,
						0
					],
					"texture": "#0"
				},
				"south": {
					"uv": [
						0,
						0,
						0.75,
						0
					],
					"texture": "#0"
				},
				"west": {
					"uv": [
						0,
						0,
						0.875,
						0
					],
					"texture": "#0"
				},
				"up": {
					"uv": [
						3,
						6.625,
						2.25,
						5.75
					],
					"texture": "#0"
				},
				"down": {
					"uv": [
						2.25,
						5.75,
						1.5,
						6.625
					],
					"texture": "#0"
				}
			}
		}
	],
	"display": {
		"head": {
			"rotation": [
				0,
				180,
				0
			]
		}
	}
}