{
	"textures": {
		"0": "animated_java:item/gnatwig/gnatimbersprite"
	},
	"elements": [
		{
			"from": [
				6,
				6.80739,
				7.56132
			],
			"to": [
				10,
				9.80739,
				15.56132
			],
			"rotation": {
				"angle": 22.5,
				"axis": "x",
				"origin": [
					6,
					6.80739,
					7.56132
				]
			},
			"faces": {
				"north": {
					"uv": [
						4,
						12,
						8,
						16
					],
					"texture": "#0"
				},
				"east": {
					"uv": [
						4,
						13,
						12,
						16
					],
					"texture": "#0"
				},
				"south": {
					"uv": [
						4,
						12,
						8,
						16
					],
					"texture": "#0"
				},
				"west": {
					"uv": [
						4,
						13,
						12,
						16
					],
					"texture": "#0"
				},
				"up": {
					"uv": [
						4,
						12,
						12,
						16
					],
					"rotation": 90,
					"texture": "#0"
				},
				"down": {
					"uv": [
						4,
						12,
						12,
						16
					],
					"rotation": 90,
					"texture": "#0"
				}
			}
		},
		{
			"from": [
				8,
				8.80739,
				6.56132
			],
			"to": [
				8,
				15.807390000000002,
				12.56132
			],
			"rotation": {
				"angle": 22.5,
				"axis": "x",
				"origin": [
					8,
					8.80739,
					9.56132
				]
			},
			"faces": {
				"north": {
					"uv": [
						0,
						0,
						0,
						7
					],
					"texture": "#0"
				},
				"east": {
					"uv": [
						5,
						0,
						11,
						7
					],
					"texture": "#0"
				},
				"south": {
					"uv": [
						0,
						0,
						0,
						7
					],
					"texture": "#0"
				},
				"west": {
					"uv": [
						0,
						0,
						6,
						7
					],
					"texture": "#0"
				},
				"up": {
					"uv": [
						0,
						0,
						6,
						0
					],
					"rotation": 270,
					"texture": "#0"
				},
				"down": {
					"uv": [
						0,
						0,
						6,
						0
					],
					"rotation": 90,
					"texture": "#0"
				}
			}
		}
	],
	"display": {
		"head": {
			"rotation": [
				0,
				180,
				0
			]
		}
	}
}