{
	"textures": {
		"0": "animated_java:item/gnatwig/gnatimbersprite"
	},
	"elements": [
		{
			"from": [
				8,
				5.75,
				5
			],
			"to": [
				8,
				9.75,
				6
			],
			"rotation": {
				"angle": 45,
				"axis": "x",
				"origin": [
					9,
					5.75,
					5
				]
			},
			"faces": {
				"north": {
					"uv": [
						0,
						0,
						0,
						7
					],
					"texture": "#0"
				},
				"east": {
					"uv": [
						8,
						8,
						9,
						4
					],
					"texture": "#0"
				},
				"south": {
					"uv": [
						0,
						0,
						0,
						7
					],
					"texture": "#0"
				},
				"west": {
					"uv": [
						14,
						14,
						15,
						10
					],
					"texture": "#0"
				},
				"up": {
					"uv": [
						0,
						0,
						0,
						1
					],
					"texture": "#0"
				},
				"down": {
					"uv": [
						0,
						0,
						0,
						1
					],
					"texture": "#0"
				}
			}
		}
	],
	"display": {
		"head": {
			"rotation": [
				0,
				180,
				0
			]
		}
	}
}