{
	"textures": {
		"0": "animated_java:item/gnatwig/gnatimbersprite"
	},
	"elements": [
		{
			"from": [
				1,
				8,
				7
			],
			"to": [
				8,
				8,
				10
			],
			"rotation": {
				"angle": 0,
				"axis": "y",
				"origin": [
					8,
					9,
					7
				]
			},
			"faces": {
				"north": {
					"uv": [
						0,
						0,
						11,
						0
					],
					"texture": "#0"
				},
				"east": {
					"uv": [
						0,
						0,
						3,
						0
					],
					"texture": "#0"
				},
				"south": {
					"uv": [
						0,
						0,
						11,
						0
					],
					"texture": "#0"
				},
				"west": {
					"uv": [
						0,
						0,
						3,
						0
					],
					"texture": "#0"
				},
				"up": {
					"uv": [
						16,
						5,
						13,
						12
					],
					"rotation": 270,
					"texture": "#0"
				},
				"down": {
					"uv": [
						13,
						5,
						16,
						12
					],
					"rotation": 270,
					"texture": "#0"
				}
			}
		}
	],
	"display": {
		"head": {
			"rotation": [
				0,
				180,
				0
			]
		}
	}
}