{
	"textures": {
		"0": "animated_java:item/chameleon_smol/chameleon_smol"
	},
	"elements": [
		{
			"from": [
				6.5,
				7.5,
				6
			],
			"to": [
				9.5,
				9.5,
				8
			],
			"rotation": {
				"angle": 0,
				"axis": "y",
				"origin": [
					8.5,
					7.5,
					7
				]
			},
			"faces": {
				"north": {
					"uv": [
						6,
						6,
						9,
						8
					],
					"texture": "#0"
				},
				"east": {
					"uv": [
						0,
						10,
						2,
						12
					],
					"texture": "#0"
				},
				"south": {
					"uv": [
						0,
						8,
						3,
						10
					],
					"texture": "#0"
				},
				"west": {
					"uv": [
						2,
						10,
						4,
						12
					],
					"texture": "#0"
				},
				"up": {
					"uv": [
						6,
						10,
						3,
						8
					],
					"texture": "#0"
				},
				"down": {
					"uv": [
						9,
						8,
						6,
						10
					],
					"texture": "#0"
				}
			}
		},
		{
			"from": [
				6.5,
				8.5,
				5
			],
			"to": [
				9.5,
				9.5,
				6
			],
			"rotation": {
				"angle": 0,
				"axis": "y",
				"origin": [
					8,
					7.5,
					5
				]
			},
			"faces": {
				"north": {
					"uv": [
						11,
						11,
						14,
						12
					],
					"texture": "#0"
				},
				"east": {
					"uv": [
						4,
						13,
						5,
						14
					],
					"texture": "#0"
				},
				"south": {
					"uv": [
						0,
						12,
						3,
						13
					],
					"texture": "#0"
				},
				"west": {
					"uv": [
						13,
						4,
						14,
						5
					],
					"texture": "#0"
				},
				"up": {
					"uv": [
						15,
						1,
						12,
						0
					],
					"texture": "#0"
				},
				"down": {
					"uv": [
						15,
						1,
						12,
						2
					],
					"texture": "#0"
				}
			}
		},
		{
			"from": [
				6,
				6.75,
				7.25
			],
			"to": [
				10,
				8.75,
				7.25
			],
			"rotation": {
				"angle": 0,
				"axis": "y",
				"origin": [
					8,
					6.75,
					8.25
				]
			},
			"faces": {
				"north": {
					"uv": [
						14,
						3,
						16,
						7
					],
					"rotation": 90,
					"texture": "#0"
				},
				"south": {
					"uv": [
						14,
						3,
						16,
						7
					],
					"rotation": 90,
					"texture": "#0"
				}
			}
		}
	],
	"display": {
		"head": {
			"rotation": [
				0,
				180,
				0
			]
		}
	}
}