{
	"textures": {
		"0": "animated_java:item/chascada/shiny"
	},
	"elements": [
		{
			"from": [
				6.5,
				7,
				2
			],
			"to": [
				9.5,
				9,
				8
			],
			"rotation": {
				"angle": 0,
				"axis": "y",
				"origin": [
					7.5,
					7,
					7
				]
			},
			"faces": {
				"north": {
					"uv": [
						10.5,
						10.75,
						11.25,
						11.25
					],
					"texture": "#0"
				},
				"east": {
					"uv": [
						9,
						10.75,
						10.5,
						11.25
					],
					"texture": "#0"
				},
				"south": {
					"uv": [
						12.75,
						10.75,
						13.5,
						11.25
					],
					"texture": "#0"
				},
				"west": {
					"uv": [
						11.25,
						10.75,
						12.75,
						11.25
					],
					"texture": "#0"
				},
				"up": {
					"uv": [
						11.25,
						10.75,
						10.5,
						9.25
					],
					"texture": "#0"
				},
				"down": {
					"uv": [
						12,
						9.25,
						11.25,
						10.75
					],
					"texture": "#0"
				}
			}
		}
	],
	"display": {
		"head": {
			"rotation": [
				0,
				180,
				0
			]
		}
	}
}