{
	"textures": {
		"0": "animated_java:item/chascada/shiny"
	},
	"elements": [
		{
			"from": [
				7,
				7,
				2
			],
			"to": [
				9,
				9,
				9
			],
			"rotation": {
				"angle": 0,
				"axis": "y",
				"origin": [
					8,
					7,
					7
				]
			},
			"faces": {
				"north": {
					"uv": [
						6.25,
						11,
						6.75,
						11.5
					],
					"texture": "#0"
				},
				"east": {
					"uv": [
						4.5,
						11,
						6.25,
						11.5
					],
					"texture": "#0"
				},
				"south": {
					"uv": [
						8.5,
						11,
						9,
						11.5
					],
					"texture": "#0"
				},
				"west": {
					"uv": [
						6.75,
						11,
						8.5,
						11.5
					],
					"texture": "#0"
				},
				"up": {
					"uv": [
						6.75,
						11,
						6.25,
						9.25
					],
					"texture": "#0"
				},
				"down": {
					"uv": [
						7.25,
						9.25,
						6.75,
						11
					],
					"texture": "#0"
				}
			}
		}
	],
	"display": {
		"head": {
			"rotation": [
				0,
				180,
				0
			]
		}
	}
}