{
	"textures": {
		"0": "animated_java:item/chascada/shiny"
	},
	"elements": [
		{
			"from": [
				4,
				7,
				6
			],
			"to": [
				12,
				14,
				18
			],
			"rotation": {
				"angle": 0,
				"axis": "y",
				"origin": [
					8,
					7,
					7
				]
			},
			"faces": {
				"north": {
					"uv": [
						3,
						3,
						5,
						4.75
					],
					"texture": "#0"
				},
				"east": {
					"uv": [
						0,
						3,
						3,
						4.75
					],
					"texture": "#0"
				},
				"south": {
					"uv": [
						8,
						3,
						10,
						4.75
					],
					"texture": "#0"
				},
				"west": {
					"uv": [
						5,
						3,
						8,
						4.75
					],
					"texture": "#0"
				},
				"up": {
					"uv": [
						5,
						3,
						3,
						0
					],
					"texture": "#0"
				},
				"down": {
					"uv": [
						7,
						0,
						5,
						3
					],
					"texture": "#0"
				}
			}
		}
	],
	"display": {
		"head": {
			"rotation": [
				0,
				180,
				0
			]
		}
	}
}