{
	"textures": {
		"0": "animated_java:item/chascada/shiny"
	},
	"elements": [
		{
			"from": [
				5,
				8,
				5.5
			],
			"to": [
				11,
				13,
				10.5
			],
			"rotation": {
				"angle": 0,
				"axis": "y",
				"origin": [
					8,
					10,
					9.5
				]
			},
			"faces": {
				"north": {
					"uv": [
						1.25,
						6,
						2.75,
						7.25
					],
					"texture": "#0"
				},
				"east": {
					"uv": [
						0,
						6,
						1.25,
						7.25
					],
					"texture": "#0"
				},
				"south": {
					"uv": [
						4,
						6,
						5.5,
						7.25
					],
					"texture": "#0"
				},
				"west": {
					"uv": [
						2.75,
						6,
						4,
						7.25
					],
					"texture": "#0"
				},
				"up": {
					"uv": [
						2.75,
						6,
						1.25,
						4.75
					],
					"texture": "#0"
				},
				"down": {
					"uv": [
						4.25,
						4.75,
						2.75,
						6
					],
					"texture": "#0"
				}
			}
		}
	],
	"display": {
		"head": {
			"rotation": [
				0,
				180,
				0
			]
		}
	}
}