{
	"textures": {
		"0": "animated_java:item/chameleon/shiny"
	},
	"elements": [
		{
			"from": [
				5.5252,
				7,
				5.0709
			],
			"to": [
				6.5252,
				9,
				7.0709
			],
			"rotation": {
				"angle": -45,
				"axis": "y",
				"origin": [
					6.5252,
					8,
					6.0709
				]
			},
			"faces": {
				"north": {
					"uv": [
						5,
						7.25,
						5.25,
						7.75
					],
					"texture": "#0"
				},
				"east": {
					"uv": [
						5.25,
						7.25,
						5.75,
						7.75
					],
					"texture": "#0"
				},
				"south": {
					"uv": [
						5.75,
						7.25,
						6,
						7.75
					],
					"texture": "#0"
				},
				"west": {
					"uv": [
						6.25,
						7.25,
						6.75,
						7.75
					],
					"texture": "#0"
				},
				"up": {
					"uv": [
						0.5,
						8,
						0.25,
						7.5
					],
					"texture": "#0"
				},
				"down": {
					"uv": [
						8,
						0.25,
						7.5,
						0.5
					],
					"texture": "#0"
				}
			}
		},
		{
			"from": [
				8.4748,
				7,
				5.0709
			],
			"to": [
				10.4748,
				9,
				6.0709
			],
			"rotation": {
				"angle": -45,
				"axis": "y",
				"origin": [
					9.4748,
					8,
					6.0709
				]
			},
			"faces": {
				"north": {
					"uv": [
						7.5,
						0.5,
						8,
						1
					],
					"texture": "#0"
				},
				"east": {
					"uv": [
						7.75,
						1,
						8,
						1.5
					],
					"texture": "#0"
				},
				"south": {
					"uv": [
						1.5,
						7.5,
						2,
						8
					],
					"texture": "#0"
				},
				"west": {
					"uv": [
						0.5,
						7.5,
						1,
						8
					],
					"texture": "#0"
				},
				"up": {
					"uv": [
						2.25,
						8,
						2,
						7.5
					],
					"rotation": 270,
					"texture": "#0"
				},
				"down": {
					"uv": [
						8,
						2.75,
						7.5,
						3
					],
					"rotation": 90,
					"texture": "#0"
				}
			}
		}
	],
	"display": {
		"head": {
			"rotation": [
				0,
				180,
				0
			]
		}
	}
}