{
	"textures": {
		"0": "animated_java:item/chameleon/shiny"
	},
	"elements": [
		{
			"from": [
				6.6,
				6.3,
				3.9000000000000004
			],
			"to": [
				9.6,
				9.3,
				7.8999999999999995
			],
			"rotation": {
				"angle": 0,
				"axis": "y",
				"origin": [
					8.1,
					7.8,
					5.9
				]
			},
			"faces": {
				"north": {
					"uv": [
						5.5,
						0,
						6.25,
						0.75
					],
					"texture": "#0"
				},
				"east": {
					"uv": [
						4.25,
						2.75,
						5.25,
						3.5
					],
					"texture": "#0"
				},
				"south": {
					"uv": [
						0,
						5.75,
						0.75,
						6.5
					],
					"texture": "#0"
				},
				"west": {
					"uv": [
						4.5,
						0,
						5.5,
						0.75
					],
					"texture": "#0"
				},
				"up": {
					"uv": [
						5.25,
						1.75,
						4.5,
						0.75
					],
					"texture": "#0"
				},
				"down": {
					"uv": [
						0.75,
						4.75,
						0,
						5.75
					],
					"texture": "#0"
				}
			}
		},
		{
			"from": [
				7.1,
				5.74291,
				3.098229999999999
			],
			"to": [
				9.1,
				7.74291,
				5.9982299999999995
			],
			"rotation": {
				"angle": 45,
				"axis": "x",
				"origin": [
					8.1,
					6.74291,
					4.54823
				]
			},
			"faces": {
				"north": {
					"uv": [
						3.75,
						7.25,
						4.25,
						7.75
					],
					"texture": "#0"
				},
				"east": {
					"uv": [
						6.5,
						2,
						7.25,
						2.5
					],
					"texture": "#0"
				},
				"south": {
					"uv": [
						7.25,
						4.5,
						7.75,
						5
					],
					"texture": "#0"
				},
				"west": {
					"uv": [
						6.5,
						4.5,
						7.25,
						5
					],
					"texture": "#0"
				},
				"up": {
					"uv": [
						5.5,
						7.25,
						5,
						6.5
					],
					"texture": "#0"
				},
				"down": {
					"uv": [
						7,
						5,
						6.5,
						5.75
					],
					"texture": "#0"
				}
			}
		},
		{
			"from": [
				7.1,
				8.19975,
				4.94089
			],
			"to": [
				9.1,
				10.899750000000001,
				7.94089
			],
			"rotation": {
				"angle": 22.5,
				"axis": "x",
				"origin": [
					8.1,
					9.54975,
					6.44089
				]
			},
			"faces": {
				"north": {
					"uv": [
						5.5,
						6.5,
						6,
						7.25
					],
					"texture": "#0"
				},
				"east": {
					"uv": [
						0.75,
						5.75,
						1.5,
						6.5
					],
					"texture": "#0"
				},
				"south": {
					"uv": [
						6.5,
						5.75,
						7,
						6.5
					],
					"texture": "#0"
				},
				"west": {
					"uv": [
						1.5,
						5.75,
						2.25,
						6.5
					],
					"texture": "#0"
				},
				"up": {
					"uv": [
						6.5,
						7.25,
						6,
						6.5
					],
					"texture": "#0"
				},
				"down": {
					"uv": [
						7,
						6.5,
						6.5,
						7.25
					],
					"texture": "#0"
				}
			}
		},
		{
			"from": [
				7.09,
				5.09,
				4.99
			],
			"to": [
				9.11,
				8.21,
				8.21
			],
			"rotation": {
				"angle": 0,
				"axis": "y",
				"origin": [
					8.1,
					6.65,
					6.6
				]
			},
			"faces": {
				"north": {
					"uv": [
						4.25,
						6.75,
						4.75,
						7.5
					],
					"texture": "#0"
				},
				"east": {
					"uv": [
						5.75,
						1.75,
						6.5,
						2.5
					],
					"texture": "#0"
				},
				"south": {
					"uv": [
						7,
						0,
						7.5,
						0.75
					],
					"texture": "#0"
				},
				"west": {
					"uv": [
						2.25,
						5.75,
						3,
						6.5
					],
					"texture": "#0"
				},
				"up": {
					"uv": [
						7.5,
						1.5,
						7,
						0.75
					],
					"texture": "#0"
				},
				"down": {
					"uv": [
						1.5,
						7,
						1,
						7.75
					],
					"texture": "#0"
				}
			}
		},
		{
			"from": [
				5.5252,
				7,
				6.0709
			],
			"to": [
				7.5252,
				9,
				7.0709
			],
			"rotation": {
				"angle": 45,
				"axis": "y",
				"origin": [
					6.5252,
					8,
					6.0709
				]
			},
			"faces": {
				"north": {
					"uv": [
						6.25,
						7.25,
						6.75,
						7.75
					],
					"texture": "#0"
				},
				"east": {
					"uv": [
						4.75,
						7.25,
						5.25,
						7.75
					],
					"texture": "#0"
				},
				"south": {
					"uv": [
						5.25,
						7.25,
						5.75,
						7.75
					],
					"texture": "#0"
				},
				"west": {
					"uv": [
						6,
						7.25,
						6.25,
						7.75
					],
					"texture": "#0"
				},
				"up": {
					"uv": [
						0.25,
						7.75,
						0,
						7.5
					],
					"rotation": 90,
					"texture": "#0"
				},
				"down": {
					"uv": [
						8,
						0,
						7.5,
						0.25
					],
					"rotation": 270,
					"texture": "#0"
				}
			}
		},
		{
			"from": [
				8.4748,
				7,
				5.0709
			],
			"to": [
				9.4748,
				9,
				7.0709
			],
			"rotation": {
				"angle": 45,
				"axis": "y",
				"origin": [
					9.4748,
					8,
					6.0709
				]
			},
			"faces": {
				"north": {
					"uv": [
						0.5,
						7.5,
						1,
						8
					],
					"texture": "#0"
				},
				"east": {
					"uv": [
						7.5,
						0.5,
						8,
						1
					],
					"texture": "#0"
				},
				"south": {
					"uv": [
						7.5,
						1,
						7.75,
						1.5
					],
					"texture": "#0"
				},
				"west": {
					"uv": [
						1.5,
						7.5,
						2,
						8
					],
					"texture": "#0"
				},
				"up": {
					"uv": [
						2.5,
						8,
						2.25,
						7.5
					],
					"texture": "#0"
				},
				"down": {
					"uv": [
						8,
						2.5,
						7.75,
						3
					],
					"texture": "#0"
				}
			}
		}
	],
	"display": {
		"head": {
			"rotation": [
				0,
				180,
				0
			]
		}
	}
}