{
	"textures": {
		"0": "animated_java:item/chameleon/shiny"
	},
	"elements": [
		{
			"from": [
				6.0086200000000005,
				3.8468600000000004,
				7.10421
			],
			"to": [
				7.90862,
				4.24686,
				7.60421
			],
			"rotation": {
				"angle": 45,
				"axis": "y",
				"origin": [
					6.95862,
					4.046860000000001,
					7.35421
				]
			},
			"faces": {
				"north": {
					"uv": [
						5,
						8,
						5.5,
						8.25
					],
					"texture": "#0"
				},
				"east": {
					"uv": [
						6.25,
						0.5,
						6.5,
						0.75
					],
					"texture": "#0"
				},
				"south": {
					"uv": [
						5.5,
						8,
						6,
						8.25
					],
					"texture": "#0"
				},
				"west": {
					"uv": [
						5,
						6.25,
						5.25,
						6.5
					],
					"texture": "#0"
				},
				"up": {
					"uv": [
						6.5,
						8.25,
						6,
						8
					],
					"texture": "#0"
				},
				"down": {
					"uv": [
						7,
						8,
						6.5,
						8.25
					],
					"texture": "#0"
				}
			}
		},
		{
			"from": [
				5.8151600000000006,
				3.80288,
				6.2432300000000005
			],
			"to": [
				6.8151600000000006,
				4.30288,
				8.143229999999999
			],
			"rotation": {
				"angle": 22.5,
				"axis": "y",
				"origin": [
					6.3151600000000006,
					4.05288,
					7.19323
				]
			},
			"faces": {
				"north": {
					"uv": [
						3.5,
						6.75,
						3.75,
						7
					],
					"rotation": 90,
					"texture": "#0"
				},
				"east": {
					"uv": [
						0.5,
						8.25,
						0,
						8.5
					],
					"rotation": 180,
					"texture": "#0"
				},
				"south": {
					"uv": [
						3.5,
						6.5,
						3.75,
						6.75
					],
					"rotation": 270,
					"texture": "#0"
				},
				"west": {
					"uv": [
						8.5,
						8.25,
						8,
						8
					],
					"texture": "#0"
				},
				"up": {
					"uv": [
						7,
						8,
						7.5,
						8.25
					],
					"rotation": 270,
					"texture": "#0"
				},
				"down": {
					"uv": [
						7.5,
						8,
						8,
						8.25
					],
					"rotation": 270,
					"texture": "#0"
				}
			}
		},
		{
			"from": [
				5.78064,
				4.04305,
				6.96785
			],
			"to": [
				7.18064,
				6.74305,
				8.46785
			],
			"rotation": {
				"angle": -22.5,
				"axis": "y",
				"origin": [
					6.48064,
					5.393050000000001,
					7.71785
				]
			},
			"faces": {
				"north": {
					"uv": [
						7.75,
						4,
						8.5,
						4.25
					],
					"rotation": 90,
					"texture": "#0"
				},
				"east": {
					"uv": [
						7.75,
						5,
						7,
						5.5
					],
					"rotation": 270,
					"texture": "#0"
				},
				"south": {
					"uv": [
						7.75,
						4.25,
						8.5,
						4.5
					],
					"rotation": 270,
					"texture": "#0"
				},
				"west": {
					"uv": [
						7.75,
						4.5,
						7,
						4
					],
					"rotation": 270,
					"texture": "#0"
				},
				"up": {
					"uv": [
						0.5,
						8.25,
						1,
						8.5
					],
					"rotation": 270,
					"texture": "#0"
				},
				"down": {
					"uv": [
						1,
						8.25,
						1.5,
						8.5
					],
					"rotation": 270,
					"texture": "#0"
				}
			}
		},
		{
			"from": [
				5.89559,
				6.50722,
				7.03472
			],
			"to": [
				8.59559,
				8.10722,
				8.83472
			],
			"rotation": {
				"angle": 45,
				"axis": "z",
				"origin": [
					7.24559,
					7.30722,
					7.93472
				]
			},
			"faces": {
				"north": {
					"uv": [
						7.75,
						4.5,
						8.5,
						4.75
					],
					"texture": "#0"
				},
				"east": {
					"uv": [
						1.5,
						8.25,
						2,
						8.5
					],
					"texture": "#0"
				},
				"south": {
					"uv": [
						4.75,
						7.75,
						5.5,
						8
					],
					"texture": "#0"
				},
				"west": {
					"uv": [
						8.25,
						1.5,
						8.75,
						1.75
					],
					"texture": "#0"
				},
				"up": {
					"uv": [
						7.75,
						6,
						7,
						5.5
					],
					"texture": "#0"
				},
				"down": {
					"uv": [
						7.75,
						6,
						7,
						6.5
					],
					"texture": "#0"
				}
			}
		}
	],
	"display": {
		"head": {
			"rotation": [
				0,
				180,
				0
			]
		}
	}
}