{
	"textures": {
		"0": "animated_java:item/chameleon/shiny"
	},
	"elements": [
		{
			"from": [
				7.99138,
				3.64686,
				6.90421
			],
			"to": [
				9.89138,
				4.046860000000001,
				7.40421
			],
			"rotation": {
				"angle": -45,
				"axis": "y",
				"origin": [
					8.94138,
					3.8468600000000004,
					7.15421
				]
			},
			"faces": {
				"north": {
					"uv": [
						8.25,
						1.75,
						8.75,
						2
					],
					"texture": "#0"
				},
				"east": {
					"uv": [
						4.75,
						6.75,
						5,
						7
					],
					"texture": "#0"
				},
				"south": {
					"uv": [
						2,
						8.25,
						2.5,
						8.5
					],
					"texture": "#0"
				},
				"west": {
					"uv": [
						3.5,
						7,
						3.75,
						7.25
					],
					"texture": "#0"
				},
				"up": {
					"uv": [
						3,
						8.5,
						2.5,
						8.25
					],
					"texture": "#0"
				},
				"down": {
					"uv": [
						3.5,
						8.25,
						3,
						8.5
					],
					"texture": "#0"
				}
			}
		},
		{
			"from": [
				9.08484,
				3.60288,
				6.04323
			],
			"to": [
				10.08484,
				4.10288,
				7.94323
			],
			"rotation": {
				"angle": -22.5,
				"axis": "y",
				"origin": [
					9.58484,
					3.85288,
					6.99323
				]
			},
			"faces": {
				"north": {
					"uv": [
						4.75,
						7,
						5,
						7.25
					],
					"rotation": 270,
					"texture": "#0"
				},
				"east": {
					"uv": [
						4,
						8.5,
						3.5,
						8.25
					],
					"texture": "#0"
				},
				"south": {
					"uv": [
						6.75,
						7.25,
						7,
						7.5
					],
					"rotation": 90,
					"texture": "#0"
				},
				"west": {
					"uv": [
						4.5,
						8.25,
						4,
						8.5
					],
					"rotation": 180,
					"texture": "#0"
				},
				"up": {
					"uv": [
						8.25,
						3,
						8.75,
						3.25
					],
					"rotation": 90,
					"texture": "#0"
				},
				"down": {
					"uv": [
						8.25,
						3.25,
						8.75,
						3.5
					],
					"rotation": 90,
					"texture": "#0"
				}
			}
		},
		{
			"from": [
				8.71936,
				3.84305,
				6.76785
			],
			"to": [
				10.11936,
				6.54305,
				8.26785
			],
			"rotation": {
				"angle": 22.5,
				"axis": "y",
				"origin": [
					9.41936,
					5.1930499999999995,
					7.51785
				]
			},
			"faces": {
				"north": {
					"uv": [
						7.75,
						4.75,
						8.5,
						5
					],
					"rotation": 270,
					"texture": "#0"
				},
				"east": {
					"uv": [
						7.75,
						7,
						7,
						6.5
					],
					"rotation": 90,
					"texture": "#0"
				},
				"south": {
					"uv": [
						7.75,
						5,
						8.5,
						5.25
					],
					"rotation": 90,
					"texture": "#0"
				},
				"west": {
					"uv": [
						7.75,
						7,
						7,
						7.5
					],
					"rotation": 90,
					"texture": "#0"
				},
				"up": {
					"uv": [
						5,
						8.25,
						5.5,
						8.5
					],
					"rotation": 90,
					"texture": "#0"
				},
				"down": {
					"uv": [
						4.5,
						8.25,
						5,
						8.5
					],
					"rotation": 90,
					"texture": "#0"
				}
			}
		},
		{
			"from": [
				7.85441,
				5.75722,
				6.83472
			],
			"to": [
				9.45441,
				8.45722,
				8.63472
			],
			"rotation": {
				"angle": 45,
				"axis": "z",
				"origin": [
					8.65441,
					7.10722,
					7.73472
				]
			},
			"faces": {
				"north": {
					"uv": [
						7.75,
						5.25,
						8.5,
						5.5
					],
					"rotation": 270,
					"texture": "#0"
				},
				"east": {
					"uv": [
						8,
						2.5,
						7.25,
						2
					],
					"rotation": 90,
					"texture": "#0"
				},
				"south": {
					"uv": [
						5.5,
						7.75,
						6.25,
						8
					],
					"rotation": 90,
					"texture": "#0"
				},
				"west": {
					"uv": [
						3.25,
						7.25,
						2.5,
						7.75
					],
					"rotation": 90,
					"texture": "#0"
				},
				"up": {
					"uv": [
						8.25,
						5.5,
						8.75,
						5.75
					],
					"rotation": 90,
					"texture": "#0"
				},
				"down": {
					"uv": [
						5.5,
						8.25,
						6,
						8.5
					],
					"rotation": 90,
					"texture": "#0"
				}
			}
		}
	],
	"display": {
		"head": {
			"rotation": [
				0,
				180,
				0
			]
		}
	}
}