{
	"textures": {
		"0": "animated_java:item/chameleon/shiny"
	},
	"elements": [
		{
			"from": [
				6.8,
				1.89079,
				9.5459
			],
			"to": [
				9.5,
				6.290789999999999,
				14.045900000000001
			],
			"rotation": {
				"angle": 45,
				"axis": "x",
				"origin": [
					8.15,
					4.09079,
					11.7959
				]
			},
			"faces": {
				"north": {
					"uv": [
						0.75,
						4.75,
						1.5,
						5.75
					],
					"texture": "#0"
				},
				"east": {
					"uv": [
						0,
						3,
						1.25,
						4
					],
					"texture": "#0"
				},
				"south": {
					"uv": [
						1.5,
						4.75,
						2.25,
						5.75
					],
					"texture": "#0"
				},
				"west": {
					"uv": [
						3.25,
						1,
						4.5,
						2
					],
					"texture": "#0"
				},
				"up": {
					"uv": [
						2,
						4.75,
						1.25,
						3.5
					],
					"texture": "#0"
				},
				"down": {
					"uv": [
						2.75,
						3.5,
						2,
						4.75
					],
					"texture": "#0"
				}
			}
		},
		{
			"from": [
				6.8,
				5.7136700000000005,
				6.48086
			],
			"to": [
				9.4,
				8.91367,
				9.180860000000001
			],
			"rotation": {
				"angle": 22.5,
				"axis": "x",
				"origin": [
					8.1,
					7.31367,
					7.8308599999999995
				]
			},
			"faces": {
				"north": {
					"uv": [
						3,
						5.75,
						3.75,
						6.5
					],
					"texture": "#0"
				},
				"east": {
					"uv": [
						5.75,
						3.5,
						6.5,
						4.25
					],
					"texture": "#0"
				},
				"south": {
					"uv": [
						5.75,
						4.25,
						6.5,
						5
					],
					"texture": "#0"
				},
				"west": {
					"uv": [
						5.75,
						5,
						6.5,
						5.75
					],
					"texture": "#0"
				},
				"up": {
					"uv": [
						6.5,
						6.5,
						5.75,
						5.75
					],
					"texture": "#0"
				},
				"down": {
					"uv": [
						5,
						6,
						4.25,
						6.75
					],
					"texture": "#0"
				}
			}
		},
		{
			"from": [
				7.29,
				7.04031,
				6.50068
			],
			"to": [
				8.91,
				8.660309999999999,
				12.12068
			],
			"rotation": {
				"angle": 45,
				"axis": "x",
				"origin": [
					8.1,
					7.85031,
					9.31068
				]
			},
			"faces": {
				"north": {
					"uv": [
						7.75,
						1.5,
						8.25,
						2
					],
					"texture": "#0"
				},
				"east": {
					"uv": [
						4.25,
						3.5,
						5.75,
						4
					],
					"texture": "#0"
				},
				"south": {
					"uv": [
						2.5,
						7.75,
						3,
						8.25
					],
					"texture": "#0"
				},
				"west": {
					"uv": [
						2.25,
						4.75,
						3.75,
						5.25
					],
					"texture": "#0"
				},
				"up": {
					"uv": [
						4.25,
						6.25,
						3.75,
						4.75
					],
					"texture": "#0"
				},
				"down": {
					"uv": [
						5.25,
						4,
						4.75,
						5.5
					],
					"texture": "#0"
				}
			}
		},
		{
			"from": [
				7.1,
				5.18391,
				7.974740000000001
			],
			"to": [
				9.1,
				7.58391,
				11.67474
			],
			"rotation": {
				"angle": 22.5,
				"axis": "x",
				"origin": [
					8.1,
					6.38391,
					9.82474
				]
			},
			"faces": {
				"north": {
					"uv": [
						3,
						7.75,
						3.5,
						8.25
					],
					"texture": "#0"
				},
				"east": {
					"uv": [
						5.75,
						2.5,
						6.75,
						3
					],
					"texture": "#0"
				},
				"south": {
					"uv": [
						7.75,
						3,
						8.25,
						3.5
					],
					"texture": "#0"
				},
				"west": {
					"uv": [
						1,
						6.5,
						2,
						7
					],
					"texture": "#0"
				},
				"up": {
					"uv": [
						7,
						2,
						6.5,
						1
					],
					"texture": "#0"
				},
				"down": {
					"uv": [
						2.5,
						6.5,
						2,
						7.5
					],
					"texture": "#0"
				}
			}
		}
	],
	"display": {
		"head": {
			"rotation": [
				0,
				180,
				0
			]
		}
	}
}