{
	"textures": {
		"0": "animated_java:item/firefly2/texture"
	},
	"elements": [
		{
			"from": [
				8,
				8,
				7
			],
			"to": [
				8,
				19,
				13
			],
			"rotation": {
				"angle": 0,
				"axis": "y",
				"origin": [
					7,
					8,
					8
				]
			},
			"faces": {
				"north": {
					"uv": [
						0,
						0,
						0,
						2.75
					],
					"texture": "#0"
				},
				"east": {
					"uv": [
						0,
						0,
						1.5,
						2.75
					],
					"texture": "#0"
				},
				"south": {
					"uv": [
						0,
						0,
						0,
						2.75
					],
					"texture": "#0"
				},
				"west": {
					"uv": [
						1.5,
						0,
						3,
						2.75
					],
					"texture": "#0"
				},
				"up": {
					"uv": [
						0,
						1.5,
						0,
						0
					],
					"texture": "#0"
				},
				"down": {
					"uv": [
						0,
						0,
						0,
						1.5
					],
					"texture": "#0"
				}
			}
		}
	],
	"display": {
		"head": {
			"rotation": [
				0,
				180,
				0
			]
		}
	}
}