{
	"textures": {
		"0": "animated_java:item/firefly2/texture"
	},
	"elements": [
		{
			"from": [
				7.01,
				6.75,
				8.25
			],
			"to": [
				7.01,
				8.75,
				9.25
			],
			"rotation": {
				"angle": 45,
				"axis": "x",
				"origin": [
					8,
					8.75,
					7.25
				]
			},
			"faces": {
				"north": {
					"uv": [
						0,
						0,
						0,
						0.5
					],
					"texture": "#0"
				},
				"east": {
					"uv": [
						7.75,
						1,
						8,
						1.5
					],
					"texture": "#0"
				},
				"south": {
					"uv": [
						0,
						0,
						0,
						0.5
					],
					"texture": "#0"
				},
				"west": {
					"uv": [
						7.75,
						1.5,
						8,
						2
					],
					"texture": "#0"
				},
				"up": {
					"uv": [
						0,
						0.25,
						0,
						0
					],
					"texture": "#0"
				},
				"down": {
					"uv": [
						0,
						0,
						0,
						0.25
					],
					"texture": "#0"
				}
			}
		}
	],
	"display": {
		"head": {
			"rotation": [
				0,
				180,
				0
			]
		}
	}
}