{
	"textures": {
		"0": "animated_java:item/firefly2/texture"
	},
	"elements": [
		{
			"from": [
				8,
				7.75,
				5.75
			],
			"to": [
				8,
				15.75,
				9.75
			],
			"rotation": {
				"angle": 0,
				"axis": "y",
				"origin": [
					8,
					8,
					6.75
				]
			},
			"faces": {
				"north": {
					"uv": [
						0,
						0,
						0,
						2
					],
					"texture": "#0"
				},
				"east": {
					"uv": [
						4,
						6,
						5,
						8
					],
					"texture": "#0"
				},
				"south": {
					"uv": [
						0,
						0,
						0,
						2
					],
					"texture": "#0"
				},
				"west": {
					"uv": [
						5,
						6,
						6,
						8
					],
					"texture": "#0"
				},
				"up": {
					"uv": [
						0,
						1,
						0,
						0
					],
					"texture": "#0"
				},
				"down": {
					"uv": [
						0,
						0,
						0,
						1
					],
					"texture": "#0"
				}
			}
		}
	],
	"display": {
		"head": {
			"rotation": [
				0,
				180,
				0
			]
		}
	}
}