{
	"textures": {
		"0": "animated_java:item/firefly2/texture"
	},
	"elements": [
		{
			"from": [
				5,
				3,
				6.5
			],
			"to": [
				11,
				9,
				12.5
			],
			"rotation": {
				"angle": 22.5,
				"axis": "x",
				"origin": [
					8,
					7,
					8.5
				]
			},
			"faces": {
				"north": {
					"uv": [
						3,
						0,
						4.5,
						1.5
					],
					"texture": "#0"
				},
				"east": {
					"uv": [
						3,
						1.5,
						4.5,
						3
					],
					"texture": "#0"
				},
				"south": {
					"uv": [
						3,
						3,
						4.5,
						4.5
					],
					"texture": "#0"
				},
				"west": {
					"uv": [
						4.5,
						0,
						6,
						1.5
					],
					"texture": "#0"
				},
				"up": {
					"uv": [
						6,
						3,
						4.5,
						1.5
					],
					"texture": "#0"
				},
				"down": {
					"uv": [
						4.5,
						4.5,
						3,
						6
					],
					"texture": "#0"
				}
			}
		},
		{
			"from": [
				5.25,
				3.5,
				7
			],
			"to": [
				10.75,
				9,
				12.5
			],
			"rotation": {
				"angle": 22.5,
				"axis": "x",
				"origin": [
					8,
					7.25,
					8.75
				]
			},
			"faces": {
				"north": {
					"uv": [
						4.5,
						3,
						6,
						4.5
					],
					"texture": "#0"
				},
				"east": {
					"uv": [
						4.5,
						4.5,
						6,
						6
					],
					"texture": "#0"
				},
				"south": {
					"uv": [
						0,
						5.5,
						1.5,
						7
					],
					"texture": "#0"
				},
				"west": {
					"uv": [
						1.5,
						5.5,
						3,
						7
					],
					"texture": "#0"
				},
				"up": {
					"uv": [
						7.5,
						1.5,
						6,
						0
					],
					"texture": "#0"
				},
				"down": {
					"uv": [
						7.5,
						1.5,
						6,
						3
					],
					"texture": "#0"
				}
			}
		}
	],
	"display": {
		"head": {
			"rotation": [
				0,
				180,
				0
			]
		}
	}
}