{
	"textures": {
		"0": "animated_java:item/chameleon_smol/shiny"
	},
	"elements": [
		{
			"from": [
				6.5,
				7,
				7
			],
			"to": [
				9.5,
				8,
				8
			],
			"rotation": {
				"angle": 0,
				"axis": "y",
				"origin": [
					8,
					8,
					8
				]
			},
			"faces": {
				"north": {
					"uv": [
						4,
						11,
						7,
						12
					],
					"texture": "#0"
				},
				"east": {
					"uv": [
						3,
						13,
						4,
						14
					],
					"texture": "#0"
				},
				"south": {
					"uv": [
						11,
						5,
						14,
						6
					],
					"texture": "#0"
				},
				"west": {
					"uv": [
						13,
						3,
						14,
						4
					],
					"texture": "#0"
				},
				"up": {
					"uv": [
						10,
						12,
						7,
						11
					],
					"texture": "#0"
				},
				"down": {
					"uv": [
						14,
						10,
						11,
						11
					],
					"texture": "#0"
				}
			}
		}
	],
	"display": {
		"head": {
			"rotation": [
				0,
				180,
				0
			]
		}
	}
}