{
	"textures": {
		"0": "animated_java:item/chameleon_smol/shiny"
	},
	"elements": [
		{
			"from": [
				7.5,
				7.5,
				8
			],
			"to": [
				8.5,
				8.5,
				11
			],
			"rotation": {
				"angle": 0,
				"axis": "y",
				"origin": [
					8.5,
					7.5,
					9
				]
			},
			"faces": {
				"north": {
					"uv": [
						5,
						13,
						6,
						14
					],
					"texture": "#0"
				},
				"east": {
					"uv": [
						12,
						2,
						15,
						3
					],
					"texture": "#0"
				},
				"south": {
					"uv": [
						13,
						6,
						14,
						7
					],
					"texture": "#0"
				},
				"west": {
					"uv": [
						3,
						12,
						6,
						13
					],
					"texture": "#0"
				},
				"up": {
					"uv": [
						7,
						15,
						6,
						12
					],
					"texture": "#0"
				},
				"down": {
					"uv": [
						13,
						6,
						12,
						9
					],
					"texture": "#0"
				}
			}
		}
	],
	"display": {
		"head": {
			"rotation": [
				0,
				180,
				0
			]
		}
	}
}