{
	"textures": {
		"0": "animated_java:item/ambeetra/ambeetra"
	},
	"elements": [
		{
			"from": [
				8,
				8,
				7.5
			],
			"to": [
				8,
				9,
				8.5
			],
			"rotation": {
				"angle": 0,
				"axis": "y",
				"origin": [
					8,
					8,
					8
				]
			},
			"faces": {
				"east": {
					"uv": [
						3.625,
						0.25,
						3.75,
						0.375
					],
					"texture": "#0"
				},
				"west": {
					"uv": [
						3.625,
						0.25,
						3.75,
						0.375
					],
					"texture": "#0"
				}
			}
		},
		{
			"from": [
				7.5,
				8,
				7.5
			],
			"to": [
				8.5,
				10,
				8.5
			],
			"rotation": {
				"angle": 0,
				"axis": "y",
				"origin": [
					8,
					8,
					8
				]
			},
			"faces": {
				"north": {
					"uv": [
						3.25,
						0.125,
						3.125,
						0.375
					],
					"texture": "#0"
				},
				"east": {
					"uv": [
						3.375,
						0.125,
						3.25,
						0.375
					],
					"texture": "#0"
				},
				"south": {
					"uv": [
						3.5,
						0.125,
						3.375,
						0.375
					],
					"texture": "#0"
				},
				"west": {
					"uv": [
						3.125,
						0.125,
						3,
						0.375
					],
					"texture": "#0"
				},
				"up": {
					"uv": [
						3.125,
						0.125,
						3.25,
						0
					],
					"texture": "#0"
				},
				"down": {
					"uv": [
						3.25,
						0,
						3.375,
						0.125
					],
					"texture": "#0"
				}
			}
		}
	],
	"display": {
		"head": {
			"rotation": [
				0,
				180,
				0
			]
		}
	}
}