{
	"textures": {
		"0": "animated_java:item/ambeetra/ambeetra"
	},
	"elements": [
		{
			"from": [
				11,
				6.875,
				6.875
			],
			"to": [
				12,
				9.125,
				9.125
			],
			"rotation": {
				"angle": 0,
				"axis": "y",
				"origin": [
					14,
					5.875,
					-3.375
				]
			},
			"faces": {
				"north": {
					"uv": [
						0.25,
						2,
						0.375,
						2.25
					],
					"texture": "#0"
				},
				"east": {
					"uv": [
						0,
						2,
						0.25,
						2.25
					],
					"texture": "#0"
				},
				"south": {
					"uv": [
						0.625,
						2,
						0.75,
						2.25
					],
					"texture": "#0"
				},
				"west": {
					"uv": [
						0.375,
						2,
						0.625,
						2.25
					],
					"texture": "#0"
				},
				"up": {
					"uv": [
						0.375,
						2,
						0.25,
						1.75
					],
					"texture": "#0"
				},
				"down": {
					"uv": [
						0.5,
						1.75,
						0.375,
						2
					],
					"texture": "#0"
				}
			}
		},
		{
			"from": [
				4,
				6.875,
				6.875
			],
			"to": [
				5,
				9.125,
				9.125
			],
			"rotation": {
				"angle": 0,
				"axis": "y",
				"origin": [
					7,
					5.875,
					-3.375
				]
			},
			"faces": {
				"north": {
					"uv": [
						2.5,
						2,
						2.625,
						2.25
					],
					"texture": "#0"
				},
				"east": {
					"uv": [
						2.25,
						2,
						2.5,
						2.25
					],
					"texture": "#0"
				},
				"south": {
					"uv": [
						2.875,
						2,
						3,
						2.25
					],
					"texture": "#0"
				},
				"west": {
					"uv": [
						2.625,
						2,
						2.875,
						2.25
					],
					"texture": "#0"
				},
				"up": {
					"uv": [
						2.625,
						2,
						2.5,
						1.75
					],
					"texture": "#0"
				},
				"down": {
					"uv": [
						2.75,
						1.75,
						2.625,
						2
					],
					"texture": "#0"
				}
			}
		}
	],
	"display": {
		"head": {
			"rotation": [
				0,
				180,
				0
			]
		}
	}
}