{
	"textures": {
		"0": "animated_java:item/ambeetra/ambeetra"
	},
	"elements": [
		{
			"from": [
				5,
				8,
				2.5
			],
			"to": [
				11,
				12,
				8
			],
			"rotation": {
				"angle": 0,
				"axis": "y",
				"origin": [
					8,
					9,
					-6
				]
			},
			"faces": {
				"north": {
					"uv": [
						0.75,
						2.25,
						1.5,
						2.75
					],
					"texture": "#0"
				},
				"east": {
					"uv": [
						0.125,
						2.25,
						0.75,
						2.75
					],
					"texture": "#0"
				},
				"south": {
					"uv": [
						2.125,
						2.25,
						2.875,
						2.75
					],
					"texture": "#0"
				},
				"west": {
					"uv": [
						1.5,
						2.25,
						2.125,
						2.75
					],
					"texture": "#0"
				},
				"up": {
					"uv": [
						1.5,
						2.25,
						0.75,
						1.625
					],
					"texture": "#0"
				},
				"down": {
					"uv": [
						2.25,
						1.625,
						1.5,
						2.25
					],
					"texture": "#0"
				}
			}
		}
	],
	"display": {
		"head": {
			"rotation": [
				0,
				180,
				0
			]
		}
	}
}