{
	"textures": {
		"0": "animated_java:item/ambeetra/ambeetra"
	},
	"elements": [
		{
			"from": [
				4.5,
				5,
				8
			],
			"to": [
				11.5,
				8,
				12
			],
			"rotation": {
				"angle": 0,
				"axis": "y",
				"origin": [
					8,
					5,
					-2
				]
			},
			"faces": {
				"north": {
					"uv": [
						0.625,
						0.5,
						1.5,
						0.875
					],
					"texture": "#0"
				},
				"east": {
					"uv": [
						0.125,
						0.5,
						0.625,
						0.875
					],
					"texture": "#0"
				},
				"south": {
					"uv": [
						2,
						0.5,
						2.875,
						0.875
					],
					"texture": "#0"
				},
				"west": {
					"uv": [
						1.5,
						0.5,
						2,
						0.875
					],
					"texture": "#0"
				},
				"up": {
					"uv": [
						1.5,
						0.5,
						0.625,
						0
					],
					"texture": "#0"
				},
				"down": {
					"uv": [
						2.375,
						0,
						1.5,
						0.5
					],
					"texture": "#0"
				}
			}
		},
		{
			"from": [
				5.01,
				5.01,
				7.01
			],
			"to": [
				10.99,
				7.99,
				7.99
			],
			"rotation": {
				"angle": -22.5,
				"axis": "x",
				"origin": [
					8,
					8,
					8
				]
			},
			"faces": {
				"north": {
					"uv": [
						0.75,
						1.125,
						1.5,
						1.5
					],
					"texture": "#0"
				},
				"east": {
					"uv": [
						0.625,
						1.125,
						0.75,
						1.5
					],
					"texture": "#0"
				},
				"south": {
					"uv": [
						1.625,
						1.125,
						2.375,
						1.5
					],
					"texture": "#0"
				},
				"west": {
					"uv": [
						1.5,
						1.125,
						1.625,
						1.5
					],
					"texture": "#0"
				},
				"up": {
					"uv": [
						1.5,
						1.125,
						0.75,
						1
					],
					"texture": "#0"
				},
				"down": {
					"uv": [
						2.25,
						1,
						1.5,
						1.125
					],
					"texture": "#0"
				}
			}
		}
	],
	"display": {
		"head": {
			"rotation": [
				0,
				180,
				0
			]
		}
	}
}