{
	"textures": {
		"0": "animated_java:item/ambeetra/ambeetra"
	},
	"elements": [
		{
			"from": [
				2,
				8,
				7.25
			],
			"to": [
				8,
				8,
				8.75
			],
			"rotation": {
				"angle": 0,
				"axis": "y",
				"origin": [
					8,
					8,
					8
				]
			},
			"faces": {
				"up": {
					"uv": [
						9.25,
						14.625,
						9.125,
						15.375
					],
					"rotation": 90,
					"texture": "#0"
				},
				"down": {
					"uv": [
						9.125,
						14.625,
						9.25,
						15.375
					],
					"rotation": 90,
					"texture": "#0"
				}
			}
		},
		{
			"from": [
				6.25,
				7.5,
				7.25
			],
			"to": [
				7.75,
				8.5,
				8.75
			],
			"rotation": {
				"angle": 0,
				"axis": "y",
				"origin": [
					7,
					7.25,
					8
				]
			},
			"faces": {
				"north": {
					"uv": [
						8.625,
						14.5,
						8.75,
						14.625
					],
					"texture": "#0"
				},
				"east": {
					"uv": [
						8.5,
						14.5,
						8.625,
						14.625
					],
					"texture": "#0"
				},
				"south": {
					"uv": [
						8.875,
						14.5,
						9,
						14.625
					],
					"texture": "#0"
				},
				"west": {
					"uv": [
						8.75,
						14.5,
						8.875,
						14.625
					],
					"texture": "#0"
				},
				"up": {
					"uv": [
						8.75,
						14.5,
						8.625,
						14.375
					],
					"texture": "#0"
				},
				"down": {
					"uv": [
						8.875,
						14.375,
						8.75,
						14.5
					],
					"texture": "#0"
				}
			}
		},
		{
			"from": [
				2.25,
				7.5,
				7.25
			],
			"to": [
				4.75,
				8.5,
				8.75
			],
			"rotation": {
				"angle": 0,
				"axis": "y",
				"origin": [
					3.5,
					7.25,
					8
				]
			},
			"faces": {
				"north": {
					"uv": [
						8.625,
						14.875,
						8.75,
						15.125
					],
					"rotation": 90,
					"texture": "#0"
				},
				"east": {
					"uv": [
						8.625,
						14.75,
						8.75,
						14.875
					],
					"texture": "#0"
				},
				"south": {
					"uv": [
						8.875,
						14.875,
						9,
						15.125
					],
					"rotation": 90,
					"texture": "#0"
				},
				"west": {
					"uv": [
						8.75,
						14.75,
						8.875,
						14.875
					],
					"texture": "#0"
				},
				"up": {
					"uv": [
						8.625,
						15.125,
						8.5,
						14.875
					],
					"rotation": 90,
					"texture": "#0"
				},
				"down": {
					"uv": [
						8.75,
						15.125,
						8.875,
						14.875
					],
					"rotation": 90,
					"texture": "#0"
				}
			}
		}
	],
	"display": {
		"head": {
			"rotation": [
				0,
				180,
				0
			]
		}
	}
}