{
	"textures": {
		"0": "animated_java:item/ambeetra/ambeetra"
	},
	"elements": [
		{
			"from": [
				8,
				8,
				4
			],
			"to": [
				9.5,
				9.5,
				8
			],
			"rotation": {
				"angle": 0,
				"axis": "y",
				"origin": [
					6.5,
					9,
					-6
				]
			},
			"faces": {
				"north": {
					"uv": [
						0.5,
						3,
						0.625,
						3.125
					],
					"texture": "#0"
				},
				"east": {
					"uv": [
						0,
						3,
						0.5,
						3.125
					],
					"texture": "#0"
				},
				"south": {
					"uv": [
						1.125,
						3,
						1.25,
						3.125
					],
					"texture": "#0"
				},
				"west": {
					"uv": [
						0.625,
						3,
						1.125,
						3.125
					],
					"texture": "#0"
				},
				"up": {
					"uv": [
						0.625,
						3,
						0.125,
						2.875
					],
					"rotation": 90,
					"texture": "#0"
				},
				"down": {
					"uv": [
						0.625,
						3,
						1.125,
						2.875
					],
					"rotation": 90,
					"texture": "#0"
				}
			}
		},
		{
			"from": [
				7.9,
				7.9,
				3.8999999999999986
			],
			"to": [
				9.6,
				9.6,
				6.1
			],
			"rotation": {
				"angle": 0,
				"axis": "y",
				"origin": [
					6.5,
					9,
					-6
				]
			},
			"faces": {
				"north": {
					"uv": [
						0.25,
						3.25,
						0.375,
						3.375
					],
					"texture": "#0"
				},
				"east": {
					"uv": [
						0,
						3.25,
						0.25,
						3.375
					],
					"texture": "#0"
				},
				"south": {
					"uv": [
						0.625,
						3.25,
						0.75,
						3.375
					],
					"texture": "#0"
				},
				"west": {
					"uv": [
						0.375,
						3.25,
						0.625,
						3.375
					],
					"texture": "#0"
				},
				"up": {
					"uv": [
						0.375,
						3.25,
						0.125,
						3.125
					],
					"rotation": 90,
					"texture": "#0"
				},
				"down": {
					"uv": [
						0.375,
						3.25,
						0.625,
						3.125
					],
					"rotation": 90,
					"texture": "#0"
				}
			}
		},
		{
			"from": [
				7.985,
				7.91,
				3.960000000000001
			],
			"to": [
				9.54,
				9.59,
				4.59
			],
			"rotation": {
				"angle": -22.5,
				"axis": "y",
				"origin": [
					9.7,
					8.75,
					4.050000000000001
				]
			},
			"faces": {
				"north": {
					"uv": [
						1,
						3.25,
						1.125,
						3.375
					],
					"texture": "#0"
				},
				"east": {
					"uv": [
						0.875,
						3.25,
						1,
						3.375
					],
					"texture": "#0"
				},
				"south": {
					"uv": [
						1.25,
						3.25,
						1.375,
						3.375
					],
					"texture": "#0"
				},
				"west": {
					"uv": [
						1.125,
						3.25,
						1.25,
						3.375
					],
					"texture": "#0"
				},
				"up": {
					"uv": [
						1.125,
						3.25,
						1,
						3.125
					],
					"rotation": 90,
					"texture": "#0"
				},
				"down": {
					"uv": [
						1.125,
						3.25,
						1.25,
						3.125
					],
					"rotation": 90,
					"texture": "#0"
				}
			}
		}
	],
	"display": {
		"head": {
			"rotation": [
				0,
				180,
				0
			]
		}
	}
}