{
	"textures": {
		"0": "animated_java:item/ambeetra/ambeetra"
	},
	"elements": [
		{
			"from": [
				3,
				7,
				5.5
			],
			"to": [
				13,
				12,
				14
			],
			"rotation": {
				"angle": 0,
				"axis": "y",
				"origin": [
					8,
					8,
					0
				]
			},
			"faces": {
				"north": {
					"uv": [
						1,
						7,
						2.25,
						7.625
					],
					"texture": "#0"
				},
				"east": {
					"uv": [
						0,
						7,
						1,
						7.625
					],
					"texture": "#0"
				},
				"south": {
					"uv": [
						3.25,
						7,
						4.5,
						7.625
					],
					"texture": "#0"
				},
				"west": {
					"uv": [
						2.25,
						7,
						3.25,
						7.625
					],
					"texture": "#0"
				},
				"up": {
					"uv": [
						2.25,
						7,
						1,
						6
					],
					"texture": "#0"
				},
				"down": {
					"uv": [
						3.5,
						6,
						2.25,
						7
					],
					"texture": "#0"
				}
			}
		},
		{
			"from": [
				2.5,
				8,
				8
			],
			"to": [
				13.5,
				14,
				15
			],
			"rotation": {
				"angle": 0,
				"axis": "y",
				"origin": [
					8,
					8,
					8
				]
			},
			"faces": {
				"north": {
					"uv": [
						0.875,
						4.375,
						2.25,
						5.125
					],
					"texture": "#0"
				},
				"east": {
					"uv": [
						0,
						4.375,
						0.875,
						5.125
					],
					"texture": "#0"
				},
				"south": {
					"uv": [
						3.125,
						4.375,
						4.5,
						5.125
					],
					"texture": "#0"
				},
				"west": {
					"uv": [
						2.25,
						4.375,
						3.125,
						5.125
					],
					"texture": "#0"
				},
				"up": {
					"uv": [
						2.25,
						4.375,
						0.875,
						3.5
					],
					"texture": "#0"
				},
				"down": {
					"uv": [
						3.625,
						3.5,
						2.25,
						4.375
					],
					"texture": "#0"
				}
			}
		},
		{
			"from": [
				2.51,
				8.01,
				8.01
			],
			"to": [
				13.49,
				13.565,
				10.265
			],
			"rotation": {
				"angle": -22.5,
				"axis": "x",
				"origin": [
					8,
					8,
					8
				]
			},
			"faces": {
				"north": {
					"uv": [
						0.875,
						5.375,
						2.25,
						6
					],
					"texture": "#0"
				},
				"east": {
					"uv": [
						0.625,
						5.375,
						0.875,
						6
					],
					"texture": "#0"
				},
				"south": {
					"uv": [
						2.5,
						5.375,
						3.875,
						6
					],
					"texture": "#0"
				},
				"west": {
					"uv": [
						2.25,
						5.375,
						2.5,
						6
					],
					"texture": "#0"
				},
				"up": {
					"uv": [
						2.25,
						5.375,
						0.875,
						5.125
					],
					"texture": "#0"
				},
				"down": {
					"uv": [
						3.625,
						5.125,
						2.25,
						5.375
					],
					"texture": "#0"
				}
			}
		}
	],
	"display": {
		"head": {
			"rotation": [
				0,
				180,
				0
			]
		}
	}
}