{
	"textures": {
		"2": "animated_java:item/rockhorn/rockorn"
	},
	"elements": [
		{
			"from": [
				4.5,
				5.5,
				4.75
			],
			"to": [
				11.5,
				10.5,
				11.25
			],
			"rotation": {
				"angle": 0,
				"axis": "y",
				"origin": [
					8,
					8,
					8
				]
			},
			"faces": {
				"north": {
					"uv": [
						5.5,
						7.75,
						7.25,
						9
					],
					"texture": "#2"
				},
				"east": {
					"uv": [
						10.5,
						7.75,
						12,
						9
					],
					"texture": "#2"
				},
				"south": {
					"uv": [
						8.75,
						7.75,
						10.5,
						9
					],
					"texture": "#2"
				},
				"west": {
					"uv": [
						7.25,
						7.75,
						8.75,
						9
					],
					"texture": "#2"
				},
				"up": {
					"uv": [
						8.75,
						7.75,
						7.25,
						6
					],
					"rotation": 270,
					"texture": "#2"
				},
				"down": {
					"uv": [
						10.25,
						6,
						8.75,
						7.75
					],
					"rotation": 90,
					"texture": "#2"
				}
			}
		}
	],
	"display": {
		"head": {
			"rotation": [
				0,
				180,
				0
			]
		}
	}
}