{
	"textures": {
		"2": "animated_java:item/rockhorn/rockorn"
	},
	"elements": [
		{
			"from": [
				8,
				13.5,
				11.5
			],
			"to": [
				8,
				16.5,
				14.5
			],
			"rotation": {
				"angle": 0,
				"axis": "y",
				"origin": [
					8,
					15,
					13
				]
			},
			"faces": {
				"north": {
					"uv": [
						3,
						9.25,
						3,
						10
					],
					"texture": "#2"
				},
				"east": {
					"uv": [
						3.75,
						9.25,
						4.5,
						10
					],
					"texture": "#2"
				},
				"south": {
					"uv": [
						3.75,
						9.25,
						3.75,
						10
					],
					"texture": "#2"
				},
				"west": {
					"uv": [
						3,
						9.25,
						3.75,
						10
					],
					"texture": "#2"
				},
				"up": {
					"uv": [
						3.75,
						9.25,
						3,
						9.25
					],
					"rotation": 270,
					"texture": "#2"
				},
				"down": {
					"uv": [
						4.5,
						9.25,
						3.75,
						9.25
					],
					"rotation": 90,
					"texture": "#2"
				}
			}
		},
		{
			"from": [
				8,
				15,
				8.5
			],
			"to": [
				8,
				19,
				12.5
			],
			"rotation": {
				"angle": 0,
				"axis": "y",
				"origin": [
					8,
					17,
					10.5
				]
			},
			"faces": {
				"north": {
					"uv": [
						3,
						9.25,
						3,
						10
					],
					"texture": "#2"
				},
				"east": {
					"uv": [
						3.75,
						9.25,
						4.5,
						10
					],
					"texture": "#2"
				},
				"south": {
					"uv": [
						3.75,
						9.25,
						3.75,
						10
					],
					"texture": "#2"
				},
				"west": {
					"uv": [
						3,
						9.25,
						3.75,
						10
					],
					"texture": "#2"
				},
				"up": {
					"uv": [
						3.75,
						9.25,
						3,
						9.25
					],
					"rotation": 270,
					"texture": "#2"
				},
				"down": {
					"uv": [
						4.5,
						9.25,
						3.75,
						9.25
					],
					"rotation": 90,
					"texture": "#2"
				}
			}
		},
		{
			"from": [
				4.51,
				13.76,
				-0.4900000000000002
			],
			"to": [
				11.49,
				19.740000000000002,
				11.49
			],
			"rotation": {
				"angle": 45,
				"axis": "x",
				"origin": [
					8,
					11.75,
					6
				]
			},
			"faces": {
				"north": {
					"uv": [
						2.75,
						4.75,
						1.5,
						3.25
					],
					"rotation": 90,
					"texture": "#2"
				},
				"east": {
					"uv": [
						4.25,
						4.75,
						5.5,
						7.75
					],
					"rotation": 90,
					"texture": "#2"
				},
				"south": {
					"uv": [
						4,
						3.25,
						2.75,
						4.75
					],
					"rotation": 90,
					"texture": "#2"
				},
				"west": {
					"uv": [
						1.5,
						4.75,
						2.75,
						7.75
					],
					"rotation": 270,
					"texture": "#2"
				},
				"up": {
					"uv": [
						2.75,
						4.75,
						4.25,
						7.75
					],
					"texture": "#2"
				},
				"down": {
					"uv": [
						0,
						4.75,
						1.5,
						7.75
					],
					"rotation": 180,
					"texture": "#2"
				}
			}
		}
	],
	"display": {
		"head": {
			"rotation": [
				0,
				180,
				0
			]
		}
	}
}