{
	"textures": {
		"2": "animated_java:item/rockhorn/rockorn"
	},
	"elements": [
		{
			"from": [
				8.25,
				8,
				4.449999999999999
			],
			"to": [
				9.4,
				9.15,
				5.6
			],
			"rotation": {
				"angle": 0,
				"axis": "y",
				"origin": [
					8.825,
					8.575,
					5.025
				]
			},
			"faces": {
				"north": {
					"uv": [
						7,
						3,
						7.25,
						3.25
					],
					"texture": "#2"
				},
				"east": {
					"uv": [
						7.75,
						3,
						8,
						3.25
					],
					"texture": "#2"
				},
				"south": {
					"uv": [
						7.5,
						3,
						7.75,
						3.25
					],
					"texture": "#2"
				},
				"west": {
					"uv": [
						7.25,
						3,
						7.5,
						3.25
					],
					"texture": "#2"
				},
				"up": {
					"uv": [
						7.5,
						3,
						7.25,
						2.75
					],
					"rotation": 270,
					"texture": "#2"
				},
				"down": {
					"uv": [
						7.75,
						2.75,
						7.5,
						3
					],
					"rotation": 90,
					"texture": "#2"
				}
			}
		},
		{
			"from": [
				6.65,
				8,
				4.449999999999999
			],
			"to": [
				7.8,
				9.15,
				5.6
			],
			"rotation": {
				"angle": 0,
				"axis": "y",
				"origin": [
					7.225,
					8.575,
					5.025
				]
			},
			"faces": {
				"north": {
					"uv": [
						7,
						3,
						7.25,
						3.25
					],
					"texture": "#2"
				},
				"east": {
					"uv": [
						7.75,
						3,
						8,
						3.25
					],
					"texture": "#2"
				},
				"south": {
					"uv": [
						7.5,
						3,
						7.75,
						3.25
					],
					"texture": "#2"
				},
				"west": {
					"uv": [
						7.25,
						3,
						7.5,
						3.25
					],
					"texture": "#2"
				},
				"up": {
					"uv": [
						7.5,
						3,
						7.25,
						2.75
					],
					"rotation": 270,
					"texture": "#2"
				},
				"down": {
					"uv": [
						7.75,
						2.75,
						7.5,
						3
					],
					"rotation": 90,
					"texture": "#2"
				}
			}
		},
		{
			"from": [
				6.5,
				8,
				5
			],
			"to": [
				9.5,
				9.5,
				9
			],
			"rotation": {
				"angle": 0,
				"axis": "y",
				"origin": [
					8,
					8,
					9
				]
			},
			"faces": {
				"north": {
					"uv": [
						0,
						10,
						0.75,
						10.25
					],
					"texture": "#2"
				},
				"east": {
					"uv": [
						2.25,
						10,
						3,
						10.25
					],
					"texture": "#2"
				},
				"south": {
					"uv": [
						1.5,
						10,
						2.25,
						10.25
					],
					"texture": "#2"
				},
				"west": {
					"uv": [
						0.75,
						10,
						1.5,
						10.25
					],
					"texture": "#2"
				},
				"up": {
					"uv": [
						1.5,
						10,
						0.75,
						9.25
					],
					"rotation": 270,
					"texture": "#2"
				},
				"down": {
					"uv": [
						2.25,
						9.25,
						1.5,
						10
					],
					"rotation": 90,
					"texture": "#2"
				}
			}
		}
	],
	"display": {
		"head": {
			"rotation": [
				0,
				180,
				0
			]
		}
	}
}