{
	"textures": {
		"2": "animated_java:item/rockhorn/rockorn"
	},
	"elements": [
		{
			"from": [
				4.04875,
				5,
				2.51375
			],
			"to": [
				12.04875,
				9,
				4.51375
			],
			"rotation": {
				"angle": 0,
				"axis": "y",
				"origin": [
					8,
					7,
					3.5
				]
			},
			"faces": {
				"north": {
					"uv": [
						5.5,
						5,
						7.25,
						6
					],
					"texture": "#2"
				},
				"east": {
					"uv": [
						9.5,
						5,
						10,
						6
					],
					"texture": "#2"
				},
				"south": {
					"uv": [
						7.75,
						5,
						9.5,
						6
					],
					"texture": "#2"
				},
				"west": {
					"uv": [
						7.25,
						5,
						7.75,
						6
					],
					"texture": "#2"
				},
				"up": {
					"uv": [
						7.75,
						5,
						7.25,
						3.25
					],
					"rotation": 270,
					"texture": "#2"
				},
				"down": {
					"uv": [
						8.25,
						3.25,
						7.75,
						5
					],
					"rotation": 90,
					"texture": "#2"
				}
			}
		},
		{
			"from": [
				8.04875,
				8.5,
				4.51375
			],
			"to": [
				8.04875,
				11.5,
				12.51375
			],
			"rotation": {
				"angle": 0,
				"axis": "y",
				"origin": [
					7.1875,
					8.7,
					12.8575
				]
			},
			"faces": {
				"north": {
					"uv": [
						7,
						2,
						7,
						2.75
					],
					"texture": "#2"
				},
				"east": {
					"uv": [
						9,
						2,
						11,
						2.75
					],
					"texture": "#2"
				},
				"south": {
					"uv": [
						9,
						2,
						9,
						2.75
					],
					"texture": "#2"
				},
				"west": {
					"uv": [
						7,
						2,
						9,
						2.75
					],
					"texture": "#2"
				},
				"up": {
					"uv": [
						9,
						2,
						7,
						2
					],
					"rotation": 270,
					"texture": "#2"
				},
				"down": {
					"uv": [
						11,
						2,
						9,
						2
					],
					"rotation": 90,
					"texture": "#2"
				}
			}
		},
		{
			"from": [
				4.04875,
				5,
				4.51375
			],
			"to": [
				12.04875,
				11,
				11.51375
			],
			"rotation": {
				"angle": 0,
				"axis": "y",
				"origin": [
					8,
					8,
					8
				]
			},
			"faces": {
				"north": {
					"uv": [
						0,
						1.75,
						1.75,
						3.25
					],
					"texture": "#2"
				},
				"east": {
					"uv": [
						5.25,
						1.75,
						7,
						3.25
					],
					"texture": "#2"
				},
				"south": {
					"uv": [
						3.5,
						1.75,
						5.25,
						3.25
					],
					"texture": "#2"
				},
				"west": {
					"uv": [
						1.75,
						1.75,
						3.5,
						3.25
					],
					"texture": "#2"
				},
				"up": {
					"uv": [
						3.5,
						1.75,
						1.75,
						0
					],
					"rotation": 270,
					"texture": "#2"
				},
				"down": {
					"uv": [
						5.25,
						0,
						3.5,
						1.75
					],
					"rotation": 90,
					"texture": "#2"
				}
			}
		}
	],
	"display": {
		"head": {
			"rotation": [
				0,
				180,
				0
			]
		}
	}
}