{
	"textures": {
		"2": "animated_java:item/rockhorn/rockorn"
	},
	"elements": [
		{
			"from": [
				6.75,
				7.75,
				6.75
			],
			"to": [
				9.25,
				11.75,
				9.25
			],
			"rotation": {
				"angle": 0,
				"axis": "y",
				"origin": [
					7.95125,
					9.81421,
					8.08288
				]
			},
			"faces": {
				"north": {
					"uv": [
						2,
						10.75,
						2.5,
						11.75
					],
					"texture": "#2"
				},
				"east": {
					"uv": [
						3.5,
						10.75,
						4,
						11.75
					],
					"texture": "#2"
				},
				"south": {
					"uv": [
						3,
						10.75,
						3.5,
						11.75
					],
					"texture": "#2"
				},
				"west": {
					"uv": [
						2.5,
						10.75,
						3,
						11.75
					],
					"texture": "#2"
				},
				"up": {
					"uv": [
						3,
						10.75,
						2.5,
						10.25
					],
					"rotation": 270,
					"texture": "#2"
				},
				"down": {
					"uv": [
						3.5,
						10.25,
						3,
						10.75
					],
					"rotation": 90,
					"texture": "#2"
				}
			}
		}
	],
	"display": {
		"head": {
			"rotation": [
				0,
				180,
				0
			]
		}
	}
}