{
	"textures": {
		"2": "animated_java:item/rockhorn/rockorn"
	},
	"elements": [
		{
			"from": [
				6,
				6.5,
				4
			],
			"to": [
				9,
				9.5,
				9.5
			],
			"rotation": {
				"angle": 0,
				"axis": "y",
				"origin": [
					7.5,
					8,
					6.75
				]
			},
			"faces": {
				"north": {
					"uv": [
						6.75,
						9,
						6,
						9.75
					],
					"rotation": 270,
					"texture": "#2"
				},
				"east": {
					"uv": [
						6.75,
						9.75,
						7.5,
						11
					],
					"rotation": 270,
					"texture": "#2"
				},
				"south": {
					"uv": [
						6,
						9.75,
						5.25,
						9
					],
					"rotation": 270,
					"texture": "#2"
				},
				"west": {
					"uv": [
						5.25,
						9.75,
						6,
						11
					],
					"rotation": 90,
					"texture": "#2"
				},
				"up": {
					"uv": [
						4.5,
						9.75,
						5.25,
						11
					],
					"rotation": 180,
					"texture": "#2"
				},
				"down": {
					"uv": [
						6,
						9.75,
						6.75,
						11
					],
					"texture": "#2"
				}
			}
		}
	],
	"display": {
		"head": {
			"rotation": [
				0,
				180,
				0
			]
		}
	}
}