{
	"textures": {
		"2": "animated_java:item/rockhorn/rockorn"
	},
	"elements": [
		{
			"from": [
				7,
				8,
				8
			],
			"to": [
				9,
				10,
				13
			],
			"rotation": {
				"angle": 0,
				"axis": "y",
				"origin": [
					8,
					9,
					10.5
				]
			},
			"faces": {
				"north": {
					"uv": [
						1.5,
						10.25,
						1,
						10.75
					],
					"rotation": 270,
					"texture": "#2"
				},
				"east": {
					"uv": [
						1.5,
						10.75,
						2,
						12
					],
					"rotation": 270,
					"texture": "#2"
				},
				"south": {
					"uv": [
						1,
						10.75,
						0.5,
						10.25
					],
					"rotation": 270,
					"texture": "#2"
				},
				"west": {
					"uv": [
						0.5,
						10.75,
						1,
						12
					],
					"rotation": 90,
					"texture": "#2"
				},
				"up": {
					"uv": [
						0,
						10.75,
						0.5,
						12
					],
					"rotation": 180,
					"texture": "#2"
				},
				"down": {
					"uv": [
						1,
						10.75,
						1.5,
						12
					],
					"texture": "#2"
				}
			}
		}
	],
	"display": {
		"head": {
			"rotation": [
				0,
				180,
				0
			]
		}
	}
}