{
	"textures": {
		"2": "animated_java:item/rockhorn/rockorn"
	},
	"elements": [
		{
			"from": [
				7.25,
				8,
				8
			],
			"to": [
				8.75,
				9.5,
				12.5
			],
			"rotation": {
				"angle": 0,
				"axis": "y",
				"origin": [
					8,
					8,
					8
				]
			},
			"faces": {
				"north": {
					"uv": [
						5.25,
						7.75,
						5,
						8
					],
					"rotation": 270,
					"texture": "#2"
				},
				"east": {
					"uv": [
						5.25,
						8,
						5.5,
						9
					],
					"rotation": 270,
					"texture": "#2"
				},
				"south": {
					"uv": [
						5,
						8,
						4.75,
						7.75
					],
					"rotation": 270,
					"texture": "#2"
				},
				"west": {
					"uv": [
						4.75,
						8,
						5,
						9
					],
					"rotation": 90,
					"texture": "#2"
				},
				"up": {
					"uv": [
						4.5,
						8,
						4.75,
						9
					],
					"rotation": 180,
					"texture": "#2"
				},
				"down": {
					"uv": [
						5,
						8,
						5.25,
						9
					],
					"texture": "#2"
				}
			}
		}
	],
	"display": {
		"head": {
			"rotation": [
				0,
				180,
				0
			]
		}
	}
}