{
	"textures": {
		"2": "animated_java:item/rockhorn/rockorn"
	},
	"elements": [
		{
			"from": [
				5.75,
				5.75,
				8
			],
			"to": [
				10.25,
				10.25,
				12.5
			],
			"rotation": {
				"angle": 0,
				"axis": "y",
				"origin": [
					8,
					8,
					10.25
				]
			},
			"faces": {
				"north": {
					"uv": [
						10,
						0,
						9,
						1
					],
					"rotation": 270,
					"texture": "#2"
				},
				"east": {
					"uv": [
						10,
						1,
						11,
						2
					],
					"rotation": 270,
					"texture": "#2"
				},
				"south": {
					"uv": [
						9,
						1,
						8,
						0
					],
					"rotation": 270,
					"texture": "#2"
				},
				"west": {
					"uv": [
						8,
						1,
						9,
						2
					],
					"rotation": 90,
					"texture": "#2"
				},
				"up": {
					"uv": [
						7,
						1,
						8,
						2
					],
					"rotation": 180,
					"texture": "#2"
				},
				"down": {
					"uv": [
						9,
						1,
						10,
						2
					],
					"texture": "#2"
				}
			}
		}
	],
	"display": {
		"head": {
			"rotation": [
				0,
				180,
				0
			]
		}
	}
}