{
	"textures": {
		"0": "animated_java:item/sludgelet/shiny"
	},
	"elements": [
		{
			"from": [
				5,
				8,
				5
			],
			"to": [
				11,
				16,
				11
			],
			"rotation": {
				"angle": 0,
				"axis": "y",
				"origin": [
					7,
					8,
					5
				]
			},
			"faces": {
				"north": {
					"uv": [
						3,
						3,
						6,
						7
					],
					"texture": "#0"
				},
				"east": {
					"uv": [
						0,
						3,
						3,
						7
					],
					"texture": "#0"
				},
				"south": {
					"uv": [
						9,
						3,
						12,
						7
					],
					"texture": "#0"
				},
				"west": {
					"uv": [
						6,
						3,
						9,
						7
					],
					"texture": "#0"
				},
				"up": {
					"uv": [
						6,
						3,
						3,
						0
					],
					"texture": "#0"
				},
				"down": {
					"uv": [
						9,
						0,
						6,
						3
					],
					"texture": "#0"
				}
			}
		},
		{
			"from": [
				6,
				11,
				6
			],
			"to": [
				10,
				15,
				10
			],
			"rotation": {
				"angle": 0,
				"axis": "y",
				"origin": [
					7,
					13,
					7
				]
			},
			"faces": {
				"north": {
					"uv": [
						10,
						10.5,
						12,
						12.5
					],
					"texture": "#0"
				},
				"east": {
					"uv": [
						8,
						10.5,
						10,
						12.5
					],
					"texture": "#0"
				},
				"south": {
					"uv": [
						14,
						10.5,
						16,
						12.5
					],
					"texture": "#0"
				},
				"west": {
					"uv": [
						12,
						10.5,
						14,
						12.5
					],
					"texture": "#0"
				},
				"up": {
					"uv": [
						12,
						10.5,
						10,
						8.5
					],
					"texture": "#0"
				},
				"down": {
					"uv": [
						14,
						8.5,
						12,
						10.5
					],
					"texture": "#0"
				}
			}
		}
	],
	"display": {
		"head": {
			"rotation": [
				0,
				180,
				0
			]
		}
	}
}