{
	"textures": {
		"2": "animated_java:item/rockhorn/rockorn"
	},
	"elements": [
		{
			"from": [
				7,
				8,
				8
			],
			"to": [
				9,
				11.5,
				10
			],
			"rotation": {
				"angle": 0,
				"axis": "y",
				"origin": [
					7.95125,
					9.70437,
					9.02016
				]
			},
			"faces": {
				"north": {
					"uv": [
						10.5,
						9.5,
						11,
						10.5
					],
					"texture": "#2"
				},
				"east": {
					"uv": [
						12,
						9.5,
						12.5,
						10.5
					],
					"texture": "#2"
				},
				"south": {
					"uv": [
						11.5,
						9.5,
						12,
						10.5
					],
					"texture": "#2"
				},
				"west": {
					"uv": [
						11,
						9.5,
						11.5,
						10.5
					],
					"texture": "#2"
				},
				"up": {
					"uv": [
						11.5,
						9.5,
						11,
						9
					],
					"rotation": 270,
					"texture": "#2"
				},
				"down": {
					"uv": [
						12,
						9,
						11.5,
						9.5
					],
					"rotation": 90,
					"texture": "#2"
				}
			}
		}
	],
	"display": {
		"head": {
			"rotation": [
				0,
				180,
				0
			]
		}
	}
}