{
	"textures": {
		"2": "animated_java:item/rockhorn/rockorn"
	},
	"elements": [
		{
			"from": [
				6.51,
				5.01,
				3.51
			],
			"to": [
				9.49,
				7.99,
				7.99
			],
			"rotation": {
				"angle": 0,
				"axis": "y",
				"origin": [
					8,
					6.5,
					5.75
				]
			},
			"faces": {
				"north": {
					"uv": [
						9.75,
						9,
						9,
						9.75
					],
					"rotation": 270,
					"texture": "#2"
				},
				"east": {
					"uv": [
						9.75,
						9.75,
						10.5,
						10.75
					],
					"rotation": 270,
					"texture": "#2"
				},
				"south": {
					"uv": [
						9,
						9.75,
						8.25,
						9
					],
					"rotation": 270,
					"texture": "#2"
				},
				"west": {
					"uv": [
						8.25,
						9.75,
						9,
						10.75
					],
					"rotation": 90,
					"texture": "#2"
				},
				"up": {
					"uv": [
						7.5,
						9.75,
						8.25,
						10.75
					],
					"rotation": 180,
					"texture": "#2"
				},
				"down": {
					"uv": [
						9,
						9.75,
						9.75,
						10.75
					],
					"texture": "#2"
				}
			}
		}
	],
	"display": {
		"head": {
			"rotation": [
				0,
				180,
				0
			]
		}
	}
}