{
	"textures": {
		"2": "animated_java:item/rockhorn/rockorn"
	},
	"elements": [
		{
			"from": [
				6.5,
				8,
				8
			],
			"to": [
				9.5,
				11,
				17
			],
			"rotation": {
				"angle": 0,
				"axis": "y",
				"origin": [
					8,
					9.5,
					11
				]
			},
			"faces": {
				"north": {
					"uv": [
						0,
						13,
						0.75,
						13.75
					],
					"texture": "#2"
				},
				"east": {
					"uv": [
						3.75,
						13,
						6,
						13.75
					],
					"texture": "#2"
				},
				"south": {
					"uv": [
						3,
						13,
						3.75,
						13.75
					],
					"texture": "#2"
				},
				"west": {
					"uv": [
						0.75,
						13,
						3,
						13.75
					],
					"texture": "#2"
				},
				"up": {
					"uv": [
						3,
						13,
						0.75,
						12.25
					],
					"rotation": 270,
					"texture": "#2"
				},
				"down": {
					"uv": [
						5.25,
						12.25,
						3,
						13
					],
					"rotation": 90,
					"texture": "#2"
				}
			}
		}
	],
	"display": {
		"head": {
			"rotation": [
				0,
				180,
				0
			]
		}
	}
}