{
	"textures": {
		"0": "animated_java:item/chameleon/chameleon"
	},
	"elements": [
		{
			"from": [
				6.2,
				5.4,
				3.6999999999999993
			],
			"to": [
				10.1,
				9.8,
				8.2
			],
			"rotation": {
				"angle": 0,
				"axis": "y",
				"origin": [
					8.15,
					7.6,
					5.949999999999999
				]
			},
			"faces": {
				"north": {
					"uv": [
						1.25,
						2.5,
						2.25,
						3.5
					],
					"texture": "#0"
				},
				"east": {
					"uv": [
						0,
						0,
						1.25,
						1
					],
					"texture": "#0"
				},
				"south": {
					"uv": [
						3.25,
						2,
						4.25,
						3
					],
					"texture": "#0"
				},
				"west": {
					"uv": [
						0,
						1,
						1.25,
						2
					],
					"texture": "#0"
				},
				"up": {
					"uv": [
						2.25,
						1.25,
						1.25,
						0
					],
					"texture": "#0"
				},
				"down": {
					"uv": [
						2.25,
						1.25,
						1.25,
						2.5
					],
					"texture": "#0"
				}
			}
		},
		{
			"from": [
				6.2,
				5.4,
				8.2
			],
			"to": [
				10.1,
				9.8,
				12.7
			],
			"rotation": {
				"angle": 0,
				"axis": "y",
				"origin": [
					8.15,
					7.6,
					10.45
				]
			},
			"faces": {
				"north": {
					"uv": [
						3.25,
						3,
						4.25,
						4
					],
					"texture": "#0"
				},
				"east": {
					"uv": [
						0,
						2,
						1.25,
						3
					],
					"texture": "#0"
				},
				"south": {
					"uv": [
						3.5,
						0,
						4.5,
						1
					],
					"texture": "#0"
				},
				"west": {
					"uv": [
						2.25,
						0,
						3.5,
						1
					],
					"texture": "#0"
				},
				"up": {
					"uv": [
						3.25,
						2.25,
						2.25,
						1
					],
					"texture": "#0"
				},
				"down": {
					"uv": [
						3.25,
						2.25,
						2.25,
						3.5
					],
					"texture": "#0"
				}
			}
		},
		{
			"from": [
				7,
				8.40991,
				3.8646900000000013
			],
			"to": [
				9.2,
				10.809909999999999,
				8.76469
			],
			"rotation": {
				"angle": -22.5,
				"axis": "x",
				"origin": [
					8.1,
					9.60991,
					6.314690000000001
				]
			},
			"faces": {
				"north": {
					"uv": [
						2.75,
						3.5,
						3.25,
						4
					],
					"texture": "#0"
				},
				"east": {
					"uv": [
						5.25,
						0.75,
						6.5,
						1.25
					],
					"texture": "#0"
				},
				"south": {
					"uv": [
						4.75,
						5.5,
						5.25,
						6
					],
					"texture": "#0"
				},
				"west": {
					"uv": [
						5.25,
						1.25,
						6.5,
						1.75
					],
					"texture": "#0"
				},
				"up": {
					"uv": [
						4.75,
						6,
						4.25,
						4.75
					],
					"texture": "#0"
				},
				"down": {
					"uv": [
						5.75,
						1.75,
						5.25,
						3
					],
					"texture": "#0"
				}
			}
		},
		{
			"from": [
				7,
				5.16177,
				4.457880000000001
			],
			"to": [
				9.2,
				7.56177,
				9.35788
			],
			"rotation": {
				"angle": 22.5,
				"axis": "x",
				"origin": [
					8.1,
					6.36177,
					6.9078800000000005
				]
			},
			"faces": {
				"north": {
					"uv": [
						1.5,
						7,
						2,
						7.5
					],
					"texture": "#0"
				},
				"east": {
					"uv": [
						2.25,
						5.25,
						3.5,
						5.75
					],
					"texture": "#0"
				},
				"south": {
					"uv": [
						3.25,
						7.25,
						3.75,
						7.75
					],
					"texture": "#0"
				},
				"west": {
					"uv": [
						5.25,
						3,
						6.5,
						3.5
					],
					"texture": "#0"
				},
				"up": {
					"uv": [
						5.75,
						5.25,
						5.25,
						4
					],
					"texture": "#0"
				},
				"down": {
					"uv": [
						5.75,
						5.25,
						5.25,
						6.5
					],
					"texture": "#0"
				}
			}
		},
		{
			"from": [
				7.05,
				7.91492,
				7.88018
			],
			"to": [
				9.15,
				10.914919999999999,
				12.38018
			],
			"rotation": {
				"angle": 22.5,
				"axis": "x",
				"origin": [
					8.1,
					9.41492,
					10.13018
				]
			},
			"faces": {
				"north": {
					"uv": [
						2.5,
						6.5,
						3,
						7.25
					],
					"texture": "#0"
				},
				"east": {
					"uv": [
						0,
						4,
						1,
						4.75
					],
					"texture": "#0"
				},
				"south": {
					"uv": [
						3,
						6.5,
						3.5,
						7.25
					],
					"texture": "#0"
				},
				"west": {
					"uv": [
						2.75,
						4,
						3.75,
						4.75
					],
					"texture": "#0"
				},
				"up": {
					"uv": [
						4.25,
						7.25,
						3.75,
						6.25
					],
					"texture": "#0"
				},
				"down": {
					"uv": [
						0.5,
						6.5,
						0,
						7.5
					],
					"texture": "#0"
				}
			}
		},
		{
			"from": [
				7.05,
				5.40144,
				7.069140000000001
			],
			"to": [
				9.15,
				8.401440000000001,
				11.56914
			],
			"rotation": {
				"angle": -45,
				"axis": "x",
				"origin": [
					8.1,
					6.90144,
					9.31914
				]
			},
			"faces": {
				"north": {
					"uv": [
						6.5,
						3,
						7,
						3.75
					],
					"texture": "#0"
				},
				"east": {
					"uv": [
						3.75,
						4,
						4.75,
						4.75
					],
					"texture": "#0"
				},
				"south": {
					"uv": [
						6.5,
						3.75,
						7,
						4.5
					],
					"texture": "#0"
				},
				"west": {
					"uv": [
						4.25,
						2,
						5.25,
						2.75
					],
					"texture": "#0"
				},
				"up": {
					"uv": [
						7,
						1,
						6.5,
						0
					],
					"texture": "#0"
				},
				"down": {
					"uv": [
						1,
						6.5,
						0.5,
						7.5
					],
					"texture": "#0"
				}
			}
		},
		{
			"from": [
				7.04,
				8.64,
				8.08018
			],
			"to": [
				9.16,
				11.64,
				8.68018
			],
			"rotation": {
				"angle": 0,
				"axis": "y",
				"origin": [
					8.1,
					10.11492,
					10.33018
				]
			},
			"faces": {
				"north": {
					"uv": [
						2.5,
						6.5,
						3,
						7
					],
					"texture": "#0"
				},
				"east": {
					"uv": [
						0,
						4,
						0.5,
						4.5
					],
					"texture": "#0"
				},
				"south": {
					"uv": [
						3,
						6.5,
						3.5,
						7
					],
					"texture": "#0"
				},
				"west": {
					"uv": [
						3.25,
						3.75,
						3.75,
						4.5
					],
					"texture": "#0"
				},
				"up": {
					"uv": [
						4.25,
						7.5,
						3.75,
						7
					],
					"texture": "#0"
				},
				"down": {
					"uv": [
						0.5,
						6.5,
						0,
						7.5
					],
					"texture": "#0"
				}
			}
		}
	],
	"display": {
		"head": {
			"rotation": [
				0,
				180,
				0
			]
		}
	}
}