{
	"textures": {
		"0": "animated_java:item/toxigoon/shiny"
	},
	"elements": [
		{
			"from": [
				8,
				5,
				6
			],
			"to": [
				12,
				11,
				10
			],
			"rotation": {
				"angle": 45,
				"axis": "y",
				"origin": [
					10,
					8,
					10
				]
			},
			"faces": {
				"north": {
					"uv": [
						8.5,
						1,
						9.5,
						2.5
					],
					"texture": "#0"
				},
				"east": {
					"uv": [
						7.5,
						1,
						8.5,
						2.5
					],
					"texture": "#0"
				},
				"south": {
					"uv": [
						10.5,
						1,
						11.5,
						2.5
					],
					"texture": "#0"
				},
				"west": {
					"uv": [
						9.5,
						1,
						10.5,
						2.5
					],
					"texture": "#0"
				},
				"up": {
					"uv": [
						9.5,
						1,
						8.5,
						0
					],
					"texture": "#0"
				},
				"down": {
					"uv": [
						10.5,
						0,
						9.5,
						1
					],
					"texture": "#0"
				}
			}
		}
	],
	"display": {
		"head": {
			"rotation": [
				0,
				180,
				0
			]
		}
	}
}