{
	"textures": {
		"0": "animated_java:item/toxigoon/shiny"
	},
	"elements": [
		{
			"from": [
				2,
				8,
				6
			],
			"to": [
				9,
				10,
				13
			],
			"rotation": {
				"angle": 0,
				"axis": "y",
				"origin": [
					2,
					8,
					6
				]
			},
			"faces": {
				"north": {
					"uv": [
						1.75,
						7.75,
						3.5,
						8.25
					],
					"texture": "#0"
				},
				"east": {
					"uv": [
						0,
						7.75,
						1.75,
						8.25
					],
					"texture": "#0"
				},
				"south": {
					"uv": [
						5.25,
						7.75,
						7,
						8.25
					],
					"texture": "#0"
				},
				"west": {
					"uv": [
						3.5,
						7.75,
						5.25,
						8.25
					],
					"texture": "#0"
				},
				"up": {
					"uv": [
						3.5,
						7.75,
						1.75,
						6
					],
					"texture": "#0"
				},
				"down": {
					"uv": [
						5.25,
						6,
						3.5,
						7.75
					],
					"texture": "#0"
				}
			}
		},
		{
			"from": [
				3,
				9,
				8
			],
			"to": [
				6,
				12,
				11
			],
			"rotation": {
				"angle": -22.5,
				"axis": "z",
				"origin": [
					4.5,
					10.5,
					9.5
				]
			},
			"faces": {
				"north": {
					"uv": [
						10,
						6,
						10.75,
						6.75
					],
					"texture": "#0"
				},
				"east": {
					"uv": [
						9.25,
						6,
						10,
						6.75
					],
					"texture": "#0"
				},
				"south": {
					"uv": [
						11.5,
						6,
						12.25,
						6.75
					],
					"texture": "#0"
				},
				"west": {
					"uv": [
						10.75,
						6,
						11.5,
						6.75
					],
					"texture": "#0"
				},
				"up": {
					"uv": [
						10.75,
						6,
						10,
						5.25
					],
					"texture": "#0"
				},
				"down": {
					"uv": [
						11.5,
						5.25,
						10.75,
						6
					],
					"texture": "#0"
				}
			}
		}
	],
	"display": {
		"head": {
			"rotation": [
				0,
				180,
				0
			]
		}
	}
}