{
	"textures": {
		"0": "animated_java:item/bonflier/bonfliersprite"
	},
	"elements": [
		{
			"from": [
				7.99,
				6.99,
				2.99
			],
			"to": [
				8.01,
				9.01,
				8.01
			],
			"rotation": {
				"angle": 45,
				"axis": "x",
				"origin": [
					8,
					7,
					10
				]
			},
			"faces": {
				"east": {
					"uv": [
						8,
						11,
						7,
						13.5
					],
					"rotation": 90,
					"texture": "#0"
				},
				"west": {
					"uv": [
						7,
						11,
						8,
						13.5
					],
					"rotation": 270,
					"texture": "#0"
				}
			}
		},
		{
			"from": [
				8,
				12,
				5
			],
			"to": [
				8,
				15,
				7
			],
			"rotation": {
				"angle": 0,
				"axis": "y",
				"origin": [
					8,
					8,
					5
				]
			},
			"faces": {
				"east": {
					"uv": [
						8,
						9.5,
						7,
						11
					],
					"texture": "#0"
				},
				"west": {
					"uv": [
						7,
						9.5,
						8,
						11
					],
					"texture": "#0"
				}
			}
		},
		{
			"from": [
				7.99,
				14.989999999999998,
				4.99
			],
			"to": [
				8.01,
				18.01,
				8.01
			],
			"rotation": {
				"angle": 22.5,
				"axis": "x",
				"origin": [
					8,
					15,
					5
				]
			},
			"faces": {
				"east": {
					"uv": [
						8.5,
						8,
						7,
						9.5
					],
					"texture": "#0"
				},
				"south": {
					"uv": [
						0,
						0,
						0,
						1.5
					],
					"texture": "#0"
				},
				"west": {
					"uv": [
						7,
						8,
						8.5,
						9.5
					],
					"texture": "#0"
				},
				"up": {
					"uv": [
						0,
						0,
						0,
						0.5
					],
					"texture": "#0"
				},
				"down": {
					"uv": [
						0,
						0,
						0,
						0.5
					],
					"texture": "#0"
				}
			}
		}
	],
	"display": {
		"head": {
			"rotation": [
				0,
				180,
				0
			]
		}
	}
}