{
	"textures": {
		"0": "animated_java:item/bonflier/bonfliersprite"
	},
	"elements": [
		{
			"from": [
				9.01,
				10.010000000000002,
				8.01
			],
			"to": [
				9.99,
				11.990000000000002,
				9.99
			],
			"rotation": {
				"angle": -22.5,
				"axis": "x",
				"origin": [
					8,
					8,
					8
				]
			},
			"faces": {
				"north": {
					"uv": [
						5.5,
						0.5,
						6,
						1.5
					],
					"texture": "#0"
				},
				"east": {
					"uv": [
						6.5,
						0,
						7,
						1
					],
					"texture": "#0"
				},
				"south": {
					"uv": [
						6,
						0.5,
						6.5,
						1.5
					],
					"texture": "#0"
				},
				"west": {
					"uv": [
						6.5,
						0,
						7.5,
						1
					],
					"rotation": 270,
					"texture": "#0"
				},
				"up": {
					"uv": [
						5.5,
						0.5,
						6.5,
						0
					],
					"rotation": 270,
					"texture": "#0"
				},
				"down": {
					"uv": [
						7,
						2,
						7.5,
						1
					],
					"texture": "#0"
				}
			}
		},
		{
			"from": [
				13.71,
				10.010000000000002,
				8.01
			],
			"to": [
				14.69,
				11.990000000000002,
				9.99
			],
			"rotation": {
				"angle": -22.5,
				"axis": "x",
				"origin": [
					12.7,
					8,
					8
				]
			},
			"faces": {
				"north": {
					"uv": [
						5.5,
						0.5,
						6,
						1.5
					],
					"texture": "#0"
				},
				"east": {
					"uv": [
						6.5,
						0,
						7.5,
						1
					],
					"texture": "#0"
				},
				"south": {
					"uv": [
						6,
						0.5,
						6.5,
						1.5
					],
					"texture": "#0"
				},
				"west": {
					"uv": [
						6.5,
						1,
						7,
						2
					],
					"rotation": 270,
					"texture": "#0"
				},
				"up": {
					"uv": [
						5.5,
						0.5,
						6.5,
						0
					],
					"rotation": 270,
					"texture": "#0"
				},
				"down": {
					"uv": [
						7,
						2,
						7.5,
						1
					],
					"texture": "#0"
				}
			}
		}
	],
	"display": {
		"head": {
			"rotation": [
				0,
				180,
				0
			]
		}
	}
}