{
	"textures": {
		"0": "animated_java:item/bonflier/bonfliersprite"
	},
	"elements": [
		{
			"from": [
				8,
				4,
				7.5
			],
			"to": [
				8,
				12,
				8.5
			],
			"rotation": {
				"angle": 0,
				"axis": "y",
				"origin": [
					9,
					4,
					7.5
				]
			},
			"faces": {
				"north": {
					"uv": [
						0,
						0,
						0,
						3.5
					],
					"texture": "#0"
				},
				"east": {
					"uv": [
						7.5,
						4,
						8,
						0
					],
					"texture": "#0"
				},
				"south": {
					"uv": [
						0,
						0,
						0,
						3.5
					],
					"texture": "#0"
				},
				"west": {
					"uv": [
						7.5,
						4,
						8,
						0
					],
					"texture": "#0"
				},
				"up": {
					"uv": [
						0,
						0,
						0,
						0.5
					],
					"texture": "#0"
				},
				"down": {
					"uv": [
						0,
						0,
						0,
						0.5
					],
					"texture": "#0"
				}
			}
		}
	],
	"display": {
		"head": {
			"rotation": [
				0,
				180,
				0
			]
		}
	}
}