{
	"textures": {
		"0": "animated_java:item/lumiflare/lumiflare"
	},
	"elements": [
		{
			"from": [
				6.5,
				5.25,
				8
			],
			"to": [
				9.5,
				8,
				9
			],
			"rotation": {
				"angle": 0,
				"axis": "y",
				"origin": [
					8,
					7.99836,
					8.01538
				]
			},
			"faces": {
				"north": {
					"uv": [
						1.75,
						2.25,
						2.5,
						2.75
					],
					"texture": "#0"
				},
				"east": {
					"uv": [
						1.25,
						2.25,
						1.75,
						2.75
					],
					"texture": "#0"
				},
				"south": {
					"uv": [
						3,
						2.25,
						3.75,
						2.75
					],
					"texture": "#0"
				},
				"west": {
					"uv": [
						2.5,
						2.25,
						3,
						2.75
					],
					"texture": "#0"
				},
				"up": {
					"uv": [
						2.5,
						2.25,
						1.75,
						1.75
					],
					"texture": "#0"
				},
				"down": {
					"uv": [
						3.25,
						1.75,
						2.5,
						2.25
					],
					"texture": "#0"
				}
			}
		}
	],
	"display": {
		"head": {
			"rotation": [
				0,
				180,
				0
			]
		}
	}
}