{
	"textures": {
		"0": "animated_java:item/lumiflare/lumiflare"
	},
	"elements": [
		{
			"from": [
				7.6,
				5.5,
				8
			],
			"to": [
				8.4,
				8,
				8
			],
			"rotation": {
				"angle": 0,
				"axis": "y",
				"origin": [
					8,
					8,
					8
				]
			},
			"faces": {
				"north": {
					"uv": [
						3.25,
						7.5,
						3.5,
						8.25
					],
					"texture": "#0"
				},
				"south": {
					"uv": [
						3.25,
						7.5,
						3.5,
						8.25
					],
					"texture": "#0"
				}
			}
		}
	],
	"display": {
		"head": {
			"rotation": [
				0,
				180,
				0
			]
		}
	}
}