{
	"textures": {
		"0": "animated_java:item/lumiflare/lumiflare"
	},
	"elements": [
		{
			"from": [
				6.51,
				6.76,
				7.91953
			],
			"to": [
				9.49,
				9.24,
				7.99953
			],
			"rotation": {
				"angle": 0,
				"axis": "y",
				"origin": [
					8,
					9.42336,
					6.42491
				]
			},
			"faces": {
				"north": {
					"uv": [
						0.5,
						10.75,
						1.25,
						11.25
					],
					"texture": "#0"
				},
				"east": {
					"uv": [
						0,
						10.75,
						0.5,
						11.25
					],
					"texture": "#0"
				},
				"south": {
					"uv": [
						1.75,
						10.75,
						2.5,
						11.25
					],
					"texture": "#0"
				},
				"west": {
					"uv": [
						1.25,
						10.75,
						1.75,
						11.25
					],
					"texture": "#0"
				},
				"up": {
					"uv": [
						1.25,
						10.75,
						0.5,
						10.25
					],
					"texture": "#0"
				},
				"down": {
					"uv": [
						2,
						10.25,
						1.25,
						10.75
					],
					"texture": "#0"
				}
			}
		}
	],
	"display": {
		"head": {
			"rotation": [
				0,
				180,
				0
			]
		}
	}
}