{
	"textures": {
		"0": "animated_java:item/lumiflare/lumiflare"
	},
	"elements": [
		{
			"from": [
				6.25,
				5.00164,
				7.9846200000000005
			],
			"to": [
				9.75,
				8.50164,
				8.98462
			],
			"rotation": {
				"angle": 0,
				"axis": "y",
				"origin": [
					8,
					8.25,
					8
				]
			},
			"faces": {
				"north": {
					"uv": [
						0.5,
						11.5,
						1.25,
						12.25
					],
					"texture": "#0"
				},
				"east": {
					"uv": [
						0.25,
						11.5,
						0.5,
						12.25
					],
					"texture": "#0"
				},
				"south": {
					"uv": [
						1.5,
						11.5,
						2.25,
						12.25
					],
					"texture": "#0"
				},
				"west": {
					"uv": [
						1.25,
						11.5,
						1.5,
						12.25
					],
					"texture": "#0"
				},
				"up": {
					"uv": [
						1.25,
						11.5,
						0.5,
						11.25
					],
					"texture": "#0"
				},
				"down": {
					"uv": [
						2,
						11.25,
						1.25,
						11.5
					],
					"texture": "#0"
				}
			}
		}
	],
	"display": {
		"head": {
			"rotation": [
				0,
				180,
				0
			]
		}
	}
}