{
	"textures": {
		"0": "animated_java:item/lumiflare/lumiflare"
	},
	"elements": [
		{
			"from": [
				6,
				4.50164,
				7.98462
			],
			"to": [
				10,
				8.00164,
				10.48462
			],
			"rotation": {
				"angle": 0,
				"axis": "y",
				"origin": [
					8,
					8.25,
					8
				]
			},
			"faces": {
				"north": {
					"uv": [
						0.5,
						8.5,
						1.5,
						9.25
					],
					"texture": "#0"
				},
				"east": {
					"uv": [
						0,
						8.5,
						0.5,
						9.25
					],
					"texture": "#0"
				},
				"south": {
					"uv": [
						2,
						8.5,
						3,
						9.25
					],
					"texture": "#0"
				},
				"west": {
					"uv": [
						1.5,
						8.5,
						2,
						9.25
					],
					"texture": "#0"
				},
				"up": {
					"uv": [
						1.5,
						8.5,
						0.5,
						8
					],
					"texture": "#0"
				},
				"down": {
					"uv": [
						2.5,
						8,
						1.5,
						8.5
					],
					"texture": "#0"
				}
			}
		}
	],
	"display": {
		"head": {
			"rotation": [
				0,
				180,
				0
			]
		}
	}
}