{
	"textures": {
		"0": "animated_java:item/lumiflare/lumiflare"
	},
	"elements": [
		{
			"from": [
				8,
				8.00164,
				4.73462
			],
			"to": [
				14.5,
				8.00164,
				11.23462
			],
			"rotation": {
				"angle": 0,
				"axis": "y",
				"origin": [
					8,
					8,
					8
				]
			},
			"faces": {
				"up": {
					"uv": [
						2.25,
						5.25,
						3.75,
						3.5
					],
					"texture": "#0"
				},
				"down": {
					"uv": [
						3.75,
						3.5,
						5.25,
						5.25
					],
					"texture": "#0"
				}
			}
		}
	],
	"display": {
		"head": {
			"rotation": [
				0,
				180,
				0
			]
		}
	}
}