{
	"textures": {
		"0": "animated_java:item/firefly/shiny"
	},
	"elements": [
		{
			"from": [
				6.75,
				7,
				6
			],
			"to": [
				8.75,
				9,
				8
			],
			"rotation": {
				"angle": 0,
				"axis": "y",
				"origin": [
					7.75,
					7,
					7
				]
			},
			"faces": {
				"north": {
					"uv": [
						7,
						6,
						9,
						8
					],
					"texture": "#0"
				},
				"east": {
					"uv": [
						0,
						8,
						2,
						10
					],
					"texture": "#0"
				},
				"south": {
					"uv": [
						2,
						8,
						4,
						10
					],
					"texture": "#0"
				},
				"west": {
					"uv": [
						8,
						2,
						10,
						4
					],
					"texture": "#0"
				},
				"up": {
					"uv": [
						6,
						10,
						4,
						8
					],
					"texture": "#0"
				},
				"down": {
					"uv": [
						10,
						4,
						8,
						6
					],
					"texture": "#0"
				}
			}
		}
	],
	"display": {
		"head": {
			"rotation": [
				0,
				180,
				0
			]
		}
	}
}