{
	"textures": {
		"0": "animated_java:item/firefly/shiny"
	},
	"elements": [
		{
			"from": [
				5,
				8,
				8
			],
			"to": [
				8,
				8,
				10
			],
			"rotation": {
				"angle": 0,
				"axis": "y",
				"origin": [
					8,
					8,
					9
				]
			},
			"faces": {
				"north": {
					"uv": [
						0,
						0,
						3,
						0
					],
					"texture": "#0"
				},
				"east": {
					"uv": [
						0,
						0,
						2,
						0
					],
					"texture": "#0"
				},
				"south": {
					"uv": [
						0,
						0,
						3,
						0
					],
					"texture": "#0"
				},
				"west": {
					"uv": [
						0,
						0,
						2,
						0
					],
					"texture": "#0"
				},
				"up": {
					"uv": [
						5,
						6,
						2,
						4
					],
					"texture": "#0"
				},
				"down": {
					"uv": [
						8,
						4,
						5,
						6
					],
					"texture": "#0"
				}
			}
		}
	],
	"display": {
		"head": {
			"rotation": [
				0,
				180,
				0
			]
		}
	}
}