{
	"textures": {
		"0": "animated_java:item/firefly/shiny"
	},
	"elements": [
		{
			"from": [
				8,
				8,
				8.25
			],
			"to": [
				11,
				8,
				10.25
			],
			"rotation": {
				"angle": 0,
				"axis": "y",
				"origin": [
					11,
					8,
					9.25
				]
			},
			"faces": {
				"north": {
					"uv": [
						0,
						0,
						3,
						0
					],
					"texture": "#0"
				},
				"east": {
					"uv": [
						0,
						0,
						2,
						0
					],
					"texture": "#0"
				},
				"south": {
					"uv": [
						0,
						0,
						3,
						0
					],
					"texture": "#0"
				},
				"west": {
					"uv": [
						0,
						0,
						2,
						0
					],
					"texture": "#0"
				},
				"up": {
					"uv": [
						9,
						2,
						6,
						0
					],
					"texture": "#0"
				},
				"down": {
					"uv": [
						5,
						6,
						2,
						8
					],
					"texture": "#0"
				}
			}
		}
	],
	"display": {
		"head": {
			"rotation": [
				0,
				180,
				0
			]
		}
	}
}