{
	"textures": {
		"0": "animated_java:item/holily/texture"
	},
	"elements": [
		{
			"from": [
				7.5,
				4,
				8.25
			],
			"to": [
				8.5,
				8,
				8.25
			],
			"rotation": {
				"angle": 0,
				"axis": "y",
				"origin": [
					8.5,
					6,
					8.25
				]
			},
			"faces": {
				"north": {
					"uv": [
						4.25,
						7.75,
						4.5,
						8.75
					],
					"texture": "#0"
				},
				"east": {
					"uv": [
						0,
						0,
						0,
						1
					],
					"texture": "#0"
				},
				"south": {
					"uv": [
						4.5,
						7.75,
						4.75,
						8.75
					],
					"texture": "#0"
				},
				"west": {
					"uv": [
						0,
						0,
						0,
						1
					],
					"texture": "#0"
				},
				"up": {
					"uv": [
						0.25,
						0,
						0,
						0
					],
					"texture": "#0"
				},
				"down": {
					"uv": [
						0.25,
						0,
						0,
						0
					],
					"texture": "#0"
				}
			}
		},
		{
			"from": [
				7.5,
				4,
				7.25
			],
			"to": [
				8.5,
				4,
				8.25
			],
			"rotation": {
				"angle": 0,
				"axis": "y",
				"origin": [
					8.5,
					4,
					6.25
				]
			},
			"faces": {
				"north": {
					"uv": [
						0,
						0,
						0.25,
						0
					],
					"texture": "#0"
				},
				"east": {
					"uv": [
						0,
						0,
						0.25,
						0
					],
					"texture": "#0"
				},
				"south": {
					"uv": [
						0,
						0,
						0.25,
						0
					],
					"texture": "#0"
				},
				"west": {
					"uv": [
						0,
						0,
						0.25,
						0
					],
					"texture": "#0"
				},
				"up": {
					"uv": [
						4,
						6.25,
						3.75,
						6
					],
					"texture": "#0"
				},
				"down": {
					"uv": [
						4,
						6.25,
						3.75,
						6.5
					],
					"texture": "#0"
				}
			}
		}
	],
	"display": {
		"head": {
			"rotation": [
				0,
				180,
				0
			]
		}
	}
}