{
	"textures": {
		"0": "animated_java:item/shisuki/shiny"
	},
	"elements": [
		{
			"from": [
				8,
				7.899999999999999,
				-0.04333333333333833
			],
			"to": [
				8,
				17.9,
				10.95666666666666
			],
			"rotation": {
				"angle": 22.5,
				"axis": "x",
				"origin": [
					8,
					1.9000000000000012,
					5.783333333333331
				]
			},
			"faces": {
				"north": {
					"uv": [
						5.875,
						4.25,
						5.875,
						5.5
					],
					"texture": "#0"
				},
				"east": {
					"uv": [
						4.5,
						4.25,
						5.875,
						5.5
					],
					"texture": "#0"
				},
				"south": {
					"uv": [
						7.25,
						4.25,
						7.25,
						5.5
					],
					"texture": "#0"
				},
				"west": {
					"uv": [
						5.875,
						4.25,
						7.25,
						5.5
					],
					"texture": "#0"
				},
				"up": {
					"uv": [
						5.875,
						4.25,
						5.875,
						2.875
					],
					"texture": "#0"
				},
				"down": {
					"uv": [
						5.875,
						2.875,
						5.875,
						4.25
					],
					"texture": "#0"
				}
			}
		}
	],
	"display": {
		"head": {
			"rotation": [
				0,
				180,
				0
			]
		}
	}
}