{
	"textures": {
		"0": "animated_java:item/shisuki/shiny"
	},
	"elements": [
		{
			"from": [
				5,
				9.359999999999992,
				0.9066666666666663
			],
			"to": [
				11,
				12.359999999999992,
				8.906666666666668
			],
			"rotation": {
				"angle": 0,
				"axis": "y",
				"origin": [
					7,
					8.359999999999992,
					5.906666666666666
				]
			},
			"faces": {
				"north": {
					"uv": [
						6.25,
						1,
						7,
						1.375
					],
					"texture": "#0"
				},
				"east": {
					"uv": [
						5.25,
						1,
						6.25,
						1.375
					],
					"texture": "#0"
				},
				"south": {
					"uv": [
						8,
						1,
						8.75,
						1.375
					],
					"texture": "#0"
				},
				"west": {
					"uv": [
						7,
						1,
						8,
						1.375
					],
					"texture": "#0"
				},
				"up": {
					"uv": [
						7,
						1,
						6.25,
						0
					],
					"texture": "#0"
				},
				"down": {
					"uv": [
						7.75,
						0,
						7,
						1
					],
					"texture": "#0"
				}
			}
		},
		{
			"from": [
				5.1,
				7.566666666666675,
				1.0066666666666677
			],
			"to": [
				10.9,
				9.366666666666674,
				8.806666666666668
			],
			"rotation": {
				"angle": 0,
				"axis": "y",
				"origin": [
					7,
					4.466666666666676,
					5.906666666666666
				]
			},
			"faces": {
				"north": {
					"uv": [
						6.25,
						3.125,
						7,
						3.375
					],
					"texture": "#0"
				},
				"east": {
					"uv": [
						5.25,
						3.125,
						6.25,
						3.375
					],
					"texture": "#0"
				},
				"south": {
					"uv": [
						8,
						3.125,
						8.75,
						3.375
					],
					"texture": "#0"
				},
				"west": {
					"uv": [
						7,
						3.125,
						8,
						3.375
					],
					"texture": "#0"
				},
				"up": {
					"uv": [
						7,
						3.125,
						6.25,
						2.125
					],
					"texture": "#0"
				},
				"down": {
					"uv": [
						7.75,
						2.125,
						7,
						3.125
					],
					"texture": "#0"
				}
			}
		}
	],
	"display": {
		"head": {
			"rotation": [
				0,
				180,
				0
			]
		}
	}
}