{
	"textures": {
		"0": "animated_java:item/shisuki/shiny"
	},
	"elements": [
		{
			"from": [
				1,
				8,
				1
			],
			"to": [
				15,
				11,
				15
			],
			"rotation": {
				"angle": 0,
				"axis": "y",
				"origin": [
					7,
					8,
					7
				]
			},
			"faces": {
				"north": {
					"uv": [
						1.75,
						3.875,
						3.5,
						4.25
					],
					"texture": "#0"
				},
				"east": {
					"uv": [
						0,
						3.875,
						1.75,
						4.25
					],
					"texture": "#0"
				},
				"south": {
					"uv": [
						5.25,
						3.875,
						7,
						4.25
					],
					"texture": "#0"
				},
				"west": {
					"uv": [
						3.5,
						3.875,
						5.25,
						4.25
					],
					"texture": "#0"
				},
				"up": {
					"uv": [
						3.5,
						3.875,
						1.75,
						2.125
					],
					"texture": "#0"
				},
				"down": {
					"uv": [
						5.25,
						2.125,
						3.5,
						3.875
					],
					"texture": "#0"
				}
			}
		}
	],
	"display": {
		"head": {
			"rotation": [
				0,
				180,
				0
			]
		}
	}
}