{
	"textures": {
		"0": "animated_java:item/shisuki/shiny"
	},
	"elements": [
		{
			"from": [
				6,
				9.426666666666668,
				4.200000000000005
			],
			"to": [
				10,
				13.426666666666666,
				10.200000000000006
			],
			"rotation": {
				"angle": -45,
				"axis": "x",
				"origin": [
					7,
					13.400000000000002,
					10.533333333333331
				]
			},
			"faces": {
				"north": {
					"uv": [
						6.5,
						7.5,
						7,
						8
					],
					"texture": "#0"
				},
				"east": {
					"uv": [
						5.75,
						7.5,
						6.5,
						8
					],
					"texture": "#0"
				},
				"south": {
					"uv": [
						7.75,
						7.5,
						8.25,
						8
					],
					"texture": "#0"
				},
				"west": {
					"uv": [
						7,
						7.5,
						7.75,
						8
					],
					"texture": "#0"
				},
				"up": {
					"uv": [
						7,
						7.5,
						6.5,
						6.75
					],
					"texture": "#0"
				},
				"down": {
					"uv": [
						7.5,
						6.75,
						7,
						7.5
					],
					"texture": "#0"
				}
			}
		}
	],
	"display": {
		"head": {
			"rotation": [
				0,
				180,
				0
			]
		}
	}
}