{
	"textures": {
		"0": "animated_java:item/shisuki/shiny"
	},
	"elements": [
		{
			"from": [
				2,
				8,
				1.9333333333333336
			],
			"to": [
				14,
				11,
				13.933333333333337
			],
			"rotation": {
				"angle": 45,
				"axis": "y",
				"origin": [
					8,
					9,
					7.933333333333334
				]
			},
			"faces": {
				"north": {
					"uv": [
						1.5,
						5.75,
						3,
						6.125
					],
					"texture": "#0"
				},
				"east": {
					"uv": [
						0,
						5.75,
						1.5,
						6.125
					],
					"texture": "#0"
				},
				"south": {
					"uv": [
						4.5,
						5.75,
						6,
						6.125
					],
					"texture": "#0"
				},
				"west": {
					"uv": [
						3,
						5.75,
						4.5,
						6.125
					],
					"texture": "#0"
				},
				"up": {
					"uv": [
						3,
						5.75,
						1.5,
						4.25
					],
					"texture": "#0"
				},
				"down": {
					"uv": [
						4.5,
						4.25,
						3,
						5.75
					],
					"texture": "#0"
				}
			}
		}
	],
	"display": {
		"head": {
			"rotation": [
				0,
				180,
				0
			]
		}
	}
}