{
	"textures": {
		"0": "animated_java:item/shisuki/shiny"
	},
	"elements": [
		{
			"from": [
				-0.5000000000000018,
				7.043277195067717,
				7.796100594190538
			],
			"to": [
				5.500000000000002,
				19.043277195067716,
				7.796100594190538
			],
			"rotation": {
				"angle": -22.5,
				"axis": "x",
				"origin": [
					3,
					8,
					5.5
				]
			},
			"faces": {
				"north": {
					"uv": [
						0.75,
						0,
						0,
						1.5
					],
					"texture": "#0"
				},
				"east": {
					"uv": [
						0.75,
						0,
						0.75,
						1.5
					],
					"texture": "#0"
				},
				"south": {
					"uv": [
						1.5,
						0,
						0.75,
						1.5
					],
					"texture": "#0"
				},
				"west": {
					"uv": [
						0,
						0,
						0,
						1.5
					],
					"texture": "#0"
				},
				"up": {
					"uv": [
						0,
						0,
						0.75,
						0
					],
					"texture": "#0"
				},
				"down": {
					"uv": [
						0.75,
						0,
						1.5,
						0
					],
					"texture": "#0"
				}
			}
		},
		{
			"from": [
				10.51333333333333,
				7.5,
				5.5
			],
			"to": [
				16.513333333333335,
				19.5,
				5.5
			],
			"rotation": {
				"angle": -22.5,
				"axis": "x",
				"origin": [
					13.013333333333332,
					14,
					5.5
				]
			},
			"faces": {
				"north": {
					"uv": [
						0,
						0,
						0.75,
						1.5
					],
					"texture": "#0"
				},
				"east": {
					"uv": [
						0,
						0,
						0,
						1.5
					],
					"texture": "#0"
				},
				"south": {
					"uv": [
						0.75,
						0,
						1.5,
						1.5
					],
					"texture": "#0"
				},
				"west": {
					"uv": [
						0.75,
						0,
						0.75,
						1.5
					],
					"texture": "#0"
				},
				"up": {
					"uv": [
						0.75,
						0,
						0,
						0
					],
					"texture": "#0"
				},
				"down": {
					"uv": [
						1.5,
						0,
						0.75,
						0
					],
					"texture": "#0"
				}
			}
		}
	],
	"display": {
		"head": {
			"rotation": [
				0,
				180,
				0
			]
		}
	}
}