{
	"textures": {
		"0": "animated_java:item/firefly2/shiny"
	},
	"elements": [
		{
			"from": [
				7.01,
				4.5,
				7.5
			],
			"to": [
				7.01,
				7.5,
				8.5
			],
			"rotation": {
				"angle": 45,
				"axis": "x",
				"origin": [
					8,
					7.5,
					8.5
				]
			},
			"faces": {
				"north": {
					"uv": [
						0,
						0,
						0,
						0.75
					],
					"texture": "#0"
				},
				"east": {
					"uv": [
						7.5,
						6.5,
						7.75,
						7.25
					],
					"texture": "#0"
				},
				"south": {
					"uv": [
						0,
						0,
						0,
						0.75
					],
					"texture": "#0"
				},
				"west": {
					"uv": [
						7,
						7.5,
						7.25,
						8.25
					],
					"texture": "#0"
				},
				"up": {
					"uv": [
						0,
						0.25,
						0,
						0
					],
					"texture": "#0"
				},
				"down": {
					"uv": [
						0,
						0,
						0,
						0.25
					],
					"texture": "#0"
				}
			}
		}
	],
	"display": {
		"head": {
			"rotation": [
				0,
				180,
				0
			]
		}
	}
}