{
	"textures": {
		"0": "animated_java:item/firefly2/shiny"
	},
	"elements": [
		{
			"from": [
				7.81066,
				7,
				4.43934
			],
			"to": [
				11.81066,
				11,
				8.43934
			],
			"rotation": {
				"angle": 45,
				"axis": "y",
				"origin": [
					8.75,
					8,
					8.5
				]
			},
			"faces": {
				"north": {
					"uv": [
						6,
						5,
						7,
						6
					],
					"texture": "#0"
				},
				"east": {
					"uv": [
						6,
						6,
						7,
						7
					],
					"texture": "#0"
				},
				"south": {
					"uv": [
						0,
						7,
						1,
						8
					],
					"texture": "#0"
				},
				"west": {
					"uv": [
						1,
						7,
						2,
						8
					],
					"texture": "#0"
				},
				"up": {
					"uv": [
						3,
						8,
						2,
						7
					],
					"texture": "#0"
				},
				"down": {
					"uv": [
						8,
						3,
						7,
						4
					],
					"texture": "#0"
				}
			}
		},
		{
			"from": [
				6.25,
				11,
				5.75
			],
			"to": [
				6.25,
				15,
				6.75
			],
			"rotation": {
				"angle": -22.5,
				"axis": "x",
				"origin": [
					7.25,
					11,
					6.75
				]
			},
			"faces": {
				"north": {
					"uv": [
						0,
						0,
						0,
						1
					],
					"texture": "#0"
				},
				"east": {
					"uv": [
						7.5,
						0,
						7.75,
						1
					],
					"texture": "#0"
				},
				"south": {
					"uv": [
						0,
						0,
						0,
						1
					],
					"texture": "#0"
				},
				"west": {
					"uv": [
						7.5,
						1,
						7.75,
						2
					],
					"texture": "#0"
				},
				"up": {
					"uv": [
						0,
						0.25,
						0,
						0
					],
					"texture": "#0"
				},
				"down": {
					"uv": [
						0,
						0,
						0,
						0.25
					],
					"texture": "#0"
				}
			}
		},
		{
			"from": [
				9.75,
				11,
				5.75
			],
			"to": [
				9.75,
				15,
				6.75
			],
			"rotation": {
				"angle": -22.5,
				"axis": "x",
				"origin": [
					10.75,
					11,
					6.75
				]
			},
			"faces": {
				"north": {
					"uv": [
						0,
						0,
						0,
						1
					],
					"texture": "#0"
				},
				"east": {
					"uv": [
						7.5,
						2,
						7.75,
						3
					],
					"texture": "#0"
				},
				"south": {
					"uv": [
						0,
						0,
						0,
						1
					],
					"texture": "#0"
				},
				"west": {
					"uv": [
						7.5,
						5.5,
						7.75,
						6.5
					],
					"texture": "#0"
				},
				"up": {
					"uv": [
						0,
						0.25,
						0,
						0
					],
					"texture": "#0"
				},
				"down": {
					"uv": [
						0,
						0,
						0,
						0.25
					],
					"texture": "#0"
				}
			}
		}
	],
	"display": {
		"head": {
			"rotation": [
				0,
				180,
				0
			]
		}
	}
}