{
	"textures": {
		"0": "animated_java:item/firefly2/shiny"
	},
	"elements": [
		{
			"from": [
				7,
				6.5,
				7
			],
			"to": [
				9,
				9.5,
				12
			],
			"rotation": {
				"angle": 45,
				"axis": "x",
				"origin": [
					8,
					6.5,
					8
				]
			},
			"faces": {
				"north": {
					"uv": [
						6.5,
						7,
						7,
						7.75
					],
					"texture": "#0"
				},
				"east": {
					"uv": [
						7,
						4,
						8.25,
						4.75
					],
					"texture": "#0"
				},
				"south": {
					"uv": [
						7,
						6.75,
						7.5,
						7.5
					],
					"texture": "#0"
				},
				"west": {
					"uv": [
						7,
						4.75,
						8.25,
						5.5
					],
					"texture": "#0"
				},
				"up": {
					"uv": [
						7.5,
						6.75,
						7,
						5.5
					],
					"texture": "#0"
				},
				"down": {
					"uv": [
						6.5,
						7,
						6,
						8.25
					],
					"texture": "#0"
				}
			}
		}
	],
	"display": {
		"head": {
			"rotation": [
				0,
				180,
				0
			]
		}
	}
}