{
	"textures": {
		"0": "animated_java:item/resolyst/texture"
	},
	"elements": [
		{
			"from": [
				8,
				4,
				3.5
			],
			"to": [
				8,
				18,
				12.5
			],
			"rotation": {
				"angle": 0,
				"axis": "y",
				"origin": [
					8,
					8,
					9.5
				]
			},
			"faces": {
				"north": {
					"uv": [
						0,
						0,
						0,
						1.75
					],
					"texture": "#0"
				},
				"east": {
					"uv": [
						0,
						0,
						1.125,
						1.75
					],
					"texture": "#0"
				},
				"south": {
					"uv": [
						0,
						0,
						0,
						1.75
					],
					"texture": "#0"
				},
				"west": {
					"uv": [
						1.125,
						0,
						2.25,
						1.75
					],
					"texture": "#0"
				},
				"up": {
					"uv": [
						0,
						1.125,
						0,
						0
					],
					"texture": "#0"
				},
				"down": {
					"uv": [
						0,
						0,
						0,
						1.125
					],
					"texture": "#0"
				}
			}
		},
		{
			"from": [
				4,
				4,
				8
			],
			"to": [
				12,
				17,
				8
			],
			"rotation": {
				"angle": 0,
				"axis": "y",
				"origin": [
					8,
					8,
					8
				]
			},
			"faces": {
				"north": {
					"uv": [
						3,
						1.25,
						4,
						2.875
					],
					"texture": "#0"
				},
				"east": {
					"uv": [
						0,
						0,
						0,
						1.625
					],
					"texture": "#0"
				},
				"south": {
					"uv": [
						1.5,
						3,
						2.5,
						4.625
					],
					"texture": "#0"
				},
				"west": {
					"uv": [
						0,
						0,
						0,
						1.625
					],
					"texture": "#0"
				},
				"up": {
					"uv": [
						1,
						0,
						0,
						0
					],
					"texture": "#0"
				},
				"down": {
					"uv": [
						1,
						0,
						0,
						0
					],
					"texture": "#0"
				}
			}
		}
	],
	"display": {
		"head": {
			"rotation": [
				0,
				180,
				0
			]
		}
	}
}