{
	"textures": {
		"0": "animated_java:item/resolyst/texture"
	},
	"elements": [
		{
			"from": [
				7.75,
				6.75,
				6.5
			],
			"to": [
				22.75,
				9.75,
				9.5
			],
			"rotation": {
				"angle": 0,
				"axis": "y",
				"origin": [
					8,
					7.75,
					8
				]
			},
			"faces": {
				"north": {
					"uv": [
						6,
						2,
						7.875,
						2.375
					],
					"texture": "#0"
				},
				"east": {
					"uv": [
						4,
						2.25,
						4.375,
						2.625
					],
					"texture": "#0"
				},
				"south": {
					"uv": [
						6,
						2.375,
						7.875,
						2.75
					],
					"texture": "#0"
				},
				"west": {
					"uv": [
						4.375,
						2.25,
						4.75,
						2.625
					],
					"texture": "#0"
				},
				"up": {
					"uv": [
						7.875,
						3.125,
						6,
						2.75
					],
					"texture": "#0"
				},
				"down": {
					"uv": [
						8.125,
						4.875,
						6.25,
						5.25
					],
					"texture": "#0"
				}
			}
		}
	],
	"display": {
		"head": {
			"rotation": [
				0,
				180,
				0
			]
		}
	}
}