{
	"textures": {
		"0": "animated_java:item/dahliasis/shiny"
	},
	"elements": [
		{
			"from": [
				6,
				6.03919,
				7.89612
			],
			"to": [
				11,
				11.03919,
				9.89612
			],
			"rotation": {
				"angle": -22.5,
				"axis": "x",
				"origin": [
					8.5,
					8.25,
					8.25
				]
			},
			"faces": {
				"north": {
					"uv": [
						0,
						11.5,
						1.25,
						12.75
					],
					"texture": "#0"
				},
				"east": {
					"uv": [
						2,
						13,
						2.5,
						14.25
					],
					"texture": "#0"
				},
				"south": {
					"uv": [
						11.5,
						3.25,
						12.75,
						4.5
					],
					"texture": "#0"
				},
				"west": {
					"uv": [
						4.75,
						13,
						5.25,
						14.25
					],
					"texture": "#0"
				},
				"up": {
					"uv": [
						6.5,
						13.5,
						5.25,
						13
					],
					"texture": "#0"
				},
				"down": {
					"uv": [
						14.25,
						12.5,
						13,
						13
					],
					"texture": "#0"
				}
			}
		}
	],
	"display": {
		"head": {
			"rotation": [
				0,
				180,
				0
			]
		}
	}
}