{
	"textures": {
		"0": "animated_java:item/dahliasis/shiny"
	},
	"elements": [
		{
			"from": [
				4,
				7.94652,
				7.9274200000000015
			],
			"to": [
				12,
				7.94652,
				15.927419999999998
			],
			"rotation": {
				"angle": 0,
				"axis": "y",
				"origin": [
					8,
					7.9,
					8
				]
			},
			"faces": {
				"north": {
					"uv": [
						0,
						0,
						2,
						0
					],
					"texture": "#0"
				},
				"east": {
					"uv": [
						0,
						0,
						2,
						0
					],
					"texture": "#0"
				},
				"south": {
					"uv": [
						0,
						0,
						2,
						0
					],
					"texture": "#0"
				},
				"west": {
					"uv": [
						0,
						0,
						2,
						0
					],
					"texture": "#0"
				},
				"up": {
					"uv": [
						2,
						9.5,
						0,
						7.5
					],
					"texture": "#0"
				},
				"down": {
					"uv": [
						6,
						8,
						4,
						10
					],
					"texture": "#0"
				}
			}
		}
	],
	"display": {
		"head": {
			"rotation": [
				0,
				180,
				0
			]
		}
	}
}