{
	"textures": {
		"0": "animated_java:item/dahliasis/shiny"
	},
	"elements": [
		{
			"from": [
				4,
				4.388920000000001,
				7.973849999999999
			],
			"to": [
				12,
				12.138919999999999,
				7.973849999999999
			],
			"rotation": {
				"angle": -22.5,
				"axis": "x",
				"origin": [
					8,
					8.149999999999999,
					8
				]
			},
			"faces": {
				"north": {
					"uv": [
						2,
						5,
						4,
						7
					],
					"texture": "#0"
				},
				"east": {
					"uv": [
						0,
						0,
						0,
						2
					],
					"texture": "#0"
				},
				"south": {
					"uv": [
						0,
						5.5,
						2,
						7.5
					],
					"texture": "#0"
				},
				"west": {
					"uv": [
						0,
						0,
						0,
						2
					],
					"texture": "#0"
				},
				"up": {
					"uv": [
						2,
						0,
						0,
						0
					],
					"texture": "#0"
				},
				"down": {
					"uv": [
						2,
						0,
						0,
						0
					],
					"texture": "#0"
				}
			}
		}
	],
	"display": {
		"head": {
			"rotation": [
				0,
				180,
				0
			]
		}
	}
}