{
	"textures": {
		"0": "animated_java:item/dahliasis/shiny"
	},
	"elements": [
		{
			"from": [
				8,
				8.149999999999999,
				8.27028
			],
			"to": [
				13.5,
				8.149999999999999,
				16.27028
			],
			"rotation": {
				"angle": 0,
				"axis": "y",
				"origin": [
					8,
					7.899999999999999,
					8.25
				]
			},
			"faces": {
				"north": {
					"uv": [
						0,
						0,
						1.5,
						0
					],
					"texture": "#0"
				},
				"east": {
					"uv": [
						0,
						0,
						2,
						0
					],
					"texture": "#0"
				},
				"south": {
					"uv": [
						0,
						0,
						1.5,
						0
					],
					"texture": "#0"
				},
				"west": {
					"uv": [
						0,
						0,
						2,
						0
					],
					"texture": "#0"
				},
				"up": {
					"uv": [
						9.5,
						11.5,
						8,
						9.5
					],
					"texture": "#0"
				},
				"down": {
					"uv": [
						11,
						9.5,
						9.5,
						11.5
					],
					"texture": "#0"
				}
			}
		}
	],
	"display": {
		"head": {
			"rotation": [
				0,
				180,
				0
			]
		}
	}
}