{
	"textures": {
		"0": "animated_java:item/dahliasis/shiny"
	},
	"elements": [
		{
			"from": [
				8.06765,
				8.08235,
				8.03931
			],
			"to": [
				13.56765,
				8.08235,
				16.03931
			],
			"rotation": {
				"angle": 0,
				"axis": "y",
				"origin": [
					8.06765,
					7.83235,
					8.01903
				]
			},
			"faces": {
				"north": {
					"uv": [
						0,
						0,
						1.5,
						0
					],
					"texture": "#0"
				},
				"east": {
					"uv": [
						0,
						0,
						2,
						0
					],
					"texture": "#0"
				},
				"south": {
					"uv": [
						0,
						0,
						1.5,
						0
					],
					"texture": "#0"
				},
				"west": {
					"uv": [
						0,
						0,
						2,
						0
					],
					"texture": "#0"
				},
				"up": {
					"uv": [
						5,
						12,
						3.5,
						10
					],
					"texture": "#0"
				},
				"down": {
					"uv": [
						11.5,
						3.75,
						10,
						5.75
					],
					"texture": "#0"
				}
			}
		}
	],
	"display": {
		"head": {
			"rotation": [
				0,
				180,
				0
			]
		}
	}
}