{
	"textures": {
		"0": "animated_java:item/dahliasis/shiny"
	},
	"elements": [
		{
			"from": [
				4,
				8.014700000000001,
				7.9436399999999985
			],
			"to": [
				12,
				8.014700000000001,
				15.943640000000002
			],
			"rotation": {
				"angle": 0,
				"axis": "y",
				"origin": [
					8,
					7.764700000000001,
					7.923359999999999
				]
			},
			"faces": {
				"north": {
					"uv": [
						0,
						0,
						2,
						0
					],
					"texture": "#0"
				},
				"east": {
					"uv": [
						0,
						0,
						2,
						0
					],
					"texture": "#0"
				},
				"south": {
					"uv": [
						0,
						0,
						2,
						0
					],
					"texture": "#0"
				},
				"west": {
					"uv": [
						0,
						0,
						2,
						0
					],
					"texture": "#0"
				},
				"up": {
					"uv": [
						8.25,
						6,
						6.25,
						4
					],
					"texture": "#0"
				},
				"down": {
					"uv": [
						4,
						7,
						2,
						9
					],
					"texture": "#0"
				}
			}
		}
	],
	"display": {
		"head": {
			"rotation": [
				0,
				180,
				0
			]
		}
	}
}