{
	"textures": {
		"0": "animated_java:item/archelder/texture"
	},
	"elements": [
		{
			"from": [
				4,
				7.960000000000001,
				8.07
			],
			"to": [
				12,
				7.970000000000001,
				14.07
			],
			"rotation": {
				"angle": 0,
				"axis": "y",
				"origin": [
					8,
					7.75,
					7.5
				]
			},
			"faces": {
				"north": {
					"uv": [
						0,
						0,
						1,
						0
					],
					"texture": "#0"
				},
				"east": {
					"uv": [
						0,
						0,
						0.75,
						0
					],
					"texture": "#0"
				},
				"south": {
					"uv": [
						0,
						0,
						1,
						0
					],
					"texture": "#0"
				},
				"west": {
					"uv": [
						0,
						0,
						0.75,
						0
					],
					"texture": "#0"
				},
				"up": {
					"uv": [
						5.875,
						1.625,
						4.875,
						0.875
					],
					"texture": "#0"
				},
				"down": {
					"uv": [
						5,
						4.75,
						4,
						5.5
					],
					"texture": "#0"
				}
			}
		}
	],
	"display": {
		"head": {
			"rotation": [
				0,
				180,
				0
			]
		}
	}
}