{
	"textures": {
		"0": "animated_java:item/archelder/texture"
	},
	"elements": [
		{
			"from": [
				8,
				5.5,
				8
			],
			"to": [
				8.01,
				10.5,
				15
			],
			"rotation": {
				"angle": 0,
				"axis": "y",
				"origin": [
					11,
					6.5,
					7
				]
			},
			"faces": {
				"north": {
					"uv": [
						0,
						0,
						0,
						0.625
					],
					"texture": "#0"
				},
				"east": {
					"uv": [
						6.75,
						4.125,
						7.625,
						4.75
					],
					"texture": "#0"
				},
				"south": {
					"uv": [
						0,
						0,
						0,
						0.625
					],
					"texture": "#0"
				},
				"west": {
					"uv": [
						6.625,
						1.5,
						7.5,
						2.125
					],
					"texture": "#0"
				},
				"up": {
					"uv": [
						0,
						0.875,
						0,
						0
					],
					"texture": "#0"
				},
				"down": {
					"uv": [
						0,
						0,
						0,
						0.875
					],
					"texture": "#0"
				}
			}
		}
	],
	"display": {
		"head": {
			"rotation": [
				0,
				180,
				0
			]
		}
	}
}