{
	"textures": {
		"0": "animated_java:item/archelder/texture"
	},
	"elements": [
		{
			"from": [
				7,
				8,
				7
			],
			"to": [
				9,
				10,
				20
			],
			"rotation": {
				"angle": 0,
				"axis": "y",
				"origin": [
					8,
					8,
					8
				]
			},
			"faces": {
				"north": {
					"uv": [
						8.25,
						4.75,
						8.5,
						5
					],
					"texture": "#0"
				},
				"east": {
					"uv": [
						6.75,
						6.875,
						8.375,
						7.125
					],
					"texture": "#0"
				},
				"south": {
					"uv": [
						8.25,
						5,
						8.5,
						5.25
					],
					"texture": "#0"
				},
				"west": {
					"uv": [
						7,
						2.375,
						8.625,
						2.625
					],
					"texture": "#0"
				},
				"up": {
					"uv": [
						4,
						8.625,
						3.75,
						7
					],
					"texture": "#0"
				},
				"down": {
					"uv": [
						4.25,
						7,
						4,
						8.625
					],
					"texture": "#0"
				}
			}
		}
	],
	"display": {
		"head": {
			"rotation": [
				0,
				180,
				0
			]
		}
	}
}