{
	"textures": {
		"0": "animated_java:item/gravodile/gravodile"
	},
	"elements": [
		{
			"from": [
				5.891369999999999,
				3.3000000000000007,
				8
			],
			"to": [
				9.89137,
				8,
				11.5
			],
			"rotation": {
				"angle": 0,
				"axis": "y",
				"origin": [
					7.89137,
					5.300000000000001,
					9.5
				]
			},
			"faces": {
				"north": {
					"uv": [
						10.625,
						11,
						11.125,
						11.5
					],
					"texture": "#0"
				},
				"east": {
					"uv": [
						10.25,
						11,
						10.625,
						11.5
					],
					"texture": "#0"
				},
				"south": {
					"uv": [
						11.5,
						11,
						12,
						11.5
					],
					"texture": "#0"
				},
				"west": {
					"uv": [
						11.125,
						11,
						11.5,
						11.5
					],
					"texture": "#0"
				},
				"up": {
					"uv": [
						11.125,
						11,
						10.625,
						10.625
					],
					"texture": "#0"
				},
				"down": {
					"uv": [
						11.625,
						10.625,
						11.125,
						11
					],
					"texture": "#0"
				}
			}
		}
	],
	"display": {
		"head": {
			"rotation": [
				0,
				180,
				0
			]
		}
	}
}