{
	"textures": {
		"0": "animated_java:item/gravodile/gravodile"
	},
	"elements": [
		{
			"from": [
				3.5,
				11,
				8
			],
			"to": [
				12.5,
				17.5,
				19
			],
			"rotation": {
				"angle": 0,
				"axis": "y",
				"origin": [
					8,
					14.25,
					13.5
				]
			},
			"faces": {
				"north": {
					"uv": [
						6.375,
						6.75,
						7.5,
						7.5
					],
					"texture": "#0"
				},
				"east": {
					"uv": [
						5,
						6.75,
						6.375,
						7.5
					],
					"texture": "#0"
				},
				"south": {
					"uv": [
						8.875,
						6.75,
						10,
						7.5
					],
					"texture": "#0"
				},
				"west": {
					"uv": [
						7.5,
						6.75,
						8.875,
						7.5
					],
					"texture": "#0"
				},
				"up": {
					"uv": [
						7.5,
						6.75,
						6.375,
						5.375
					],
					"texture": "#0"
				},
				"down": {
					"uv": [
						8.625,
						5.375,
						7.5,
						6.75
					],
					"texture": "#0"
				}
			}
		},
		{
			"from": [
				8,
				16.5,
				8
			],
			"to": [
				8,
				18.5,
				19
			],
			"rotation": {
				"angle": 0,
				"axis": "y",
				"origin": [
					8,
					17.5,
					17.75
				]
			},
			"faces": {
				"north": {
					"uv": [
						11.375,
						1.375,
						11.375,
						1.625
					],
					"texture": "#0"
				},
				"east": {
					"uv": [
						10,
						1.375,
						11.375,
						1.625
					],
					"texture": "#0"
				},
				"south": {
					"uv": [
						12.75,
						1.375,
						12.75,
						1.625
					],
					"texture": "#0"
				},
				"west": {
					"uv": [
						11.375,
						1.375,
						12.75,
						1.625
					],
					"texture": "#0"
				},
				"up": {
					"uv": [
						11.375,
						1.375,
						11.375,
						0
					],
					"texture": "#0"
				},
				"down": {
					"uv": [
						11.375,
						0,
						11.375,
						1.375
					],
					"texture": "#0"
				}
			}
		}
	],
	"display": {
		"head": {
			"rotation": [
				0,
				180,
				0
			]
		}
	}
}