{
	"textures": {
		"0": "animated_java:item/gravodile/gravodile"
	},
	"elements": [
		{
			"from": [
				5.5,
				3.5,
				6
			],
			"to": [
				10.5,
				9,
				8
			],
			"rotation": {
				"angle": 0,
				"axis": "y",
				"origin": [
					8,
					6.25,
					7
				]
			},
			"faces": {
				"north": {
					"uv": [
						8.125,
						11.25,
						7.5,
						11.875
					],
					"texture": "#0"
				},
				"east": {
					"uv": [
						8.375,
						11.25,
						8.125,
						11.875
					],
					"texture": "#0"
				},
				"south": {
					"uv": [
						9,
						11.25,
						8.375,
						11.875
					],
					"texture": "#0"
				},
				"west": {
					"uv": [
						7.5,
						11.25,
						7.25,
						11.875
					],
					"texture": "#0"
				},
				"up": {
					"uv": [
						7.5,
						11.25,
						8.125,
						11
					],
					"texture": "#0"
				},
				"down": {
					"uv": [
						8.125,
						11,
						8.75,
						11.25
					],
					"texture": "#0"
				}
			}
		}
	],
	"display": {
		"head": {
			"rotation": [
				0,
				180,
				0
			]
		}
	}
}