{
	"textures": {
		"0": "animated_java:item/gravodile/gravodile"
	},
	"elements": [
		{
			"from": [
				4.75,
				5.5,
				-3
			],
			"to": [
				11.25,
				9.5,
				10
			],
			"rotation": {
				"angle": 0,
				"axis": "y",
				"origin": [
					8,
					7.5,
					3.25
				]
			},
			"faces": {
				"north": {
					"uv": [
						7.125,
						4.625,
						7.875,
						5.125
					],
					"texture": "#0"
				},
				"east": {
					"uv": [
						5.5,
						4.625,
						7.125,
						5.125
					],
					"texture": "#0"
				},
				"south": {
					"uv": [
						9.5,
						4.625,
						10.25,
						5.125
					],
					"texture": "#0"
				},
				"west": {
					"uv": [
						7.875,
						4.625,
						9.5,
						5.125
					],
					"texture": "#0"
				},
				"up": {
					"uv": [
						7.875,
						4.625,
						7.125,
						3
					],
					"texture": "#0"
				},
				"down": {
					"uv": [
						8.625,
						3,
						7.875,
						4.625
					],
					"texture": "#0"
				}
			}
		},
		{
			"from": [
				4.75,
				9.5,
				2.5
			],
			"to": [
				11.25,
				10.5,
				9.5
			],
			"rotation": {
				"angle": 0,
				"axis": "y",
				"origin": [
					8,
					10,
					6
				]
			},
			"faces": {
				"north": {
					"uv": [
						10.875,
						2.5,
						11.625,
						2.625
					],
					"texture": "#0"
				},
				"east": {
					"uv": [
						10,
						2.5,
						10.875,
						2.625
					],
					"texture": "#0"
				},
				"south": {
					"uv": [
						12.5,
						2.5,
						13.25,
						2.625
					],
					"texture": "#0"
				},
				"west": {
					"uv": [
						11.625,
						2.5,
						12.5,
						2.625
					],
					"texture": "#0"
				},
				"up": {
					"uv": [
						11.625,
						2.5,
						10.875,
						1.625
					],
					"texture": "#0"
				},
				"down": {
					"uv": [
						12.375,
						1.625,
						11.625,
						2.5
					],
					"texture": "#0"
				}
			}
		}
	],
	"display": {
		"head": {
			"rotation": [
				0,
				180,
				0
			]
		}
	}
}