{
	"textures": {
		"0": "animated_java:item/gravodile/gravodile"
	},
	"elements": [
		{
			"from": [
				2.25,
				2.5,
				5
			],
			"to": [
				8.5,
				9.5,
				11
			],
			"rotation": {
				"angle": 0,
				"axis": "y",
				"origin": [
					5.375,
					6,
					8
				]
			},
			"faces": {
				"north": {
					"uv": [
						8.75,
						10.125,
						8,
						11
					],
					"texture": "#0"
				},
				"east": {
					"uv": [
						9.5,
						10.125,
						8.75,
						11
					],
					"texture": "#0"
				},
				"south": {
					"uv": [
						10.25,
						10.125,
						9.5,
						11
					],
					"texture": "#0"
				},
				"west": {
					"uv": [
						8,
						10.125,
						7.25,
						11
					],
					"texture": "#0"
				},
				"up": {
					"uv": [
						8,
						10.125,
						8.75,
						9.375
					],
					"texture": "#0"
				},
				"down": {
					"uv": [
						8.75,
						9.375,
						9.5,
						10.125
					],
					"texture": "#0"
				}
			}
		}
	],
	"display": {
		"head": {
			"rotation": [
				0,
				180,
				0
			]
		}
	}
}