{
	"textures": {
		"0": "animated_java:item/trishivala/pasted"
	},
	"elements": [
		{
			"from": [
				-4,
				8,
				-4
			],
			"to": [
				20,
				12.8,
				20
			],
			"rotation": {
				"angle": 0,
				"axis": "y",
				"origin": [
					8,
					10.4,
					8
				]
			},
			"faces": {
				"north": {
					"uv": [
						1.875,
						1.875,
						3.75,
						2.25
					],
					"texture": "#0"
				},
				"east": {
					"uv": [
						0,
						1.875,
						1.875,
						2.25
					],
					"texture": "#0"
				},
				"south": {
					"uv": [
						5.625,
						1.875,
						7.5,
						2.25
					],
					"texture": "#0"
				},
				"west": {
					"uv": [
						3.75,
						1.875,
						5.625,
						2.25
					],
					"texture": "#0"
				},
				"up": {
					"uv": [
						3.75,
						1.875,
						1.875,
						0
					],
					"texture": "#0"
				},
				"down": {
					"uv": [
						5.625,
						0,
						3.75,
						1.875
					],
					"texture": "#0"
				}
			}
		}
	],
	"display": {
		"head": {
			"rotation": [
				0,
				180,
				0
			]
		}
	}
}