{
	"textures": {
		"0": "animated_java:item/trishivala/pasted"
	},
	"elements": [
		{
			"from": [
				1.3538461538461535,
				11.323076923076924,
				5.046153846153846
			],
			"to": [
				14.646153846153847,
				16.861538461538462,
				19.446153846153848
			],
			"rotation": {
				"angle": 0,
				"axis": "y",
				"origin": [
					8,
					-17.47692307692308,
					2.8307692307692305
				]
			},
			"faces": {
				"north": {
					"uv": [
						5.3125,
						4.1875,
						6.4375,
						4.625
					],
					"texture": "#0"
				},
				"east": {
					"uv": [
						4.125,
						4.1875,
						5.3125,
						4.625
					],
					"texture": "#0"
				},
				"south": {
					"uv": [
						7.625,
						4.1875,
						8.75,
						4.625
					],
					"texture": "#0"
				},
				"west": {
					"uv": [
						6.4375,
						4.1875,
						7.625,
						4.625
					],
					"texture": "#0"
				},
				"up": {
					"uv": [
						6.4375,
						4.1875,
						5.3125,
						3
					],
					"texture": "#0"
				},
				"down": {
					"uv": [
						7.5625,
						3,
						6.4375,
						4.1875
					],
					"texture": "#0"
				}
			}
		},
		{
			"from": [
				1.4276923076923067,
				8.443076923076925,
				5.119999999999999
			],
			"to": [
				14.572307692307692,
				11.618461538461538,
				19.372307692307693
			],
			"rotation": {
				"angle": 0,
				"axis": "y",
				"origin": [
					8,
					-17.47692307692308,
					2.8307692307692305
				]
			},
			"faces": {
				"north": {
					"uv": [
						4.625,
						5.8125,
						5.75,
						6.0625
					],
					"texture": "#0"
				},
				"east": {
					"uv": [
						3.4375,
						5.8125,
						4.625,
						6.0625
					],
					"texture": "#0"
				},
				"south": {
					"uv": [
						6.9375,
						5.8125,
						8.0625,
						6.0625
					],
					"texture": "#0"
				},
				"west": {
					"uv": [
						5.75,
						5.8125,
						6.9375,
						6.0625
					],
					"texture": "#0"
				},
				"up": {
					"uv": [
						5.75,
						5.8125,
						4.625,
						4.625
					],
					"texture": "#0"
				},
				"down": {
					"uv": [
						6.875,
						4.625,
						5.75,
						5.8125
					],
					"texture": "#0"
				}
			}
		},
		{
			"from": [
				2.8307692307692305,
				8.36923076923077,
				-4.553846153846155
			],
			"to": [
				2.8307692307692305,
				26.092307692307692,
				10.953846153846154
			],
			"rotation": {
				"angle": -22.5,
				"axis": "x",
				"origin": [
					2.092307692307692,
					17.230769230769234,
					6.892307692307693
				]
			},
			"faces": {
				"north": {
					"uv": [
						5.9375,
						6.0625,
						5.9375,
						7.5625
					],
					"texture": "#0"
				},
				"east": {
					"uv": [
						4.625,
						6.0625,
						5.9375,
						7.5625
					],
					"texture": "#0"
				},
				"south": {
					"uv": [
						7.25,
						6.0625,
						7.25,
						7.5625
					],
					"texture": "#0"
				},
				"west": {
					"uv": [
						5.9375,
						6.0625,
						7.25,
						7.5625
					],
					"texture": "#0"
				},
				"up": {
					"uv": [
						5.9375,
						6.0625,
						5.9375,
						4.75
					],
					"texture": "#0"
				},
				"down": {
					"uv": [
						5.9375,
						4.75,
						5.9375,
						6.0625
					],
					"texture": "#0"
				}
			}
		},
		{
			"from": [
				13.169230769230769,
				8.36923076923077,
				-4.553846153846155
			],
			"to": [
				13.169230769230769,
				26.092307692307692,
				10.953846153846154
			],
			"rotation": {
				"angle": -22.5,
				"axis": "x",
				"origin": [
					13.907692307692308,
					17.230769230769234,
					6.892307692307693
				]
			},
			"faces": {
				"north": {
					"uv": [
						5.9375,
						6.0625,
						5.9375,
						7.5625
					],
					"texture": "#0"
				},
				"east": {
					"uv": [
						7.25,
						6.0625,
						5.9375,
						7.5625
					],
					"texture": "#0"
				},
				"south": {
					"uv": [
						7.25,
						6.0625,
						7.25,
						7.5625
					],
					"texture": "#0"
				},
				"west": {
					"uv": [
						5.9375,
						6.0625,
						4.625,
						7.5625
					],
					"texture": "#0"
				},
				"up": {
					"uv": [
						5.9375,
						6.0625,
						5.9375,
						4.75
					],
					"texture": "#0"
				},
				"down": {
					"uv": [
						5.9375,
						4.75,
						5.9375,
						6.0625
					],
					"texture": "#0"
				}
			}
		}
	],
	"display": {
		"head": {
			"rotation": [
				0,
				180,
				0
			]
		}
	}
}