{
	"textures": {
		"0": "animated_java:item/trishivala/pasted"
	},
	"elements": [
		{
			"from": [
				-1,
				6,
				7
			],
			"to": [
				17,
				10.5,
				26.5
			],
			"rotation": {
				"angle": 0,
				"axis": "y",
				"origin": [
					8,
					10.25,
					16.75
				]
			},
			"faces": {
				"north": {
					"uv": [
						1.1875,
						6.8125,
						2.3125,
						7.0625
					],
					"texture": "#0"
				},
				"east": {
					"uv": [
						0,
						6.8125,
						1.1875,
						7.0625
					],
					"texture": "#0"
				},
				"south": {
					"uv": [
						3.5,
						6.8125,
						4.625,
						7.0625
					],
					"texture": "#0"
				},
				"west": {
					"uv": [
						2.3125,
						6.8125,
						3.5,
						7.0625
					],
					"texture": "#0"
				},
				"up": {
					"uv": [
						2.3125,
						6.8125,
						1.1875,
						5.625
					],
					"texture": "#0"
				},
				"down": {
					"uv": [
						3.4375,
						5.625,
						2.3125,
						6.8125
					],
					"texture": "#0"
				}
			}
		},
		{
			"from": [
				-0.9000000000000004,
				10.100000000000001,
				7.1
			],
			"to": [
				16.9,
				14.399999999999999,
				26.4
			],
			"rotation": {
				"angle": 0,
				"axis": "y",
				"origin": [
					8,
					10.25,
					16.75
				]
			},
			"faces": {
				"north": {
					"uv": [
						1.1875,
						5.375,
						2.3125,
						5.625
					],
					"texture": "#0"
				},
				"east": {
					"uv": [
						0,
						5.375,
						1.1875,
						5.625
					],
					"texture": "#0"
				},
				"south": {
					"uv": [
						3.5,
						5.375,
						4.625,
						5.625
					],
					"texture": "#0"
				},
				"west": {
					"uv": [
						2.3125,
						5.375,
						3.5,
						5.625
					],
					"texture": "#0"
				},
				"up": {
					"uv": [
						2.3125,
						5.375,
						1.1875,
						4.1875
					],
					"texture": "#0"
				},
				"down": {
					"uv": [
						3.4375,
						4.1875,
						2.3125,
						5.375
					],
					"texture": "#0"
				}
			}
		}
	],
	"display": {
		"head": {
			"rotation": [
				0,
				180,
				0
			]
		}
	}
}