{
	"textures": {
		"0": "animated_java:item/trishivala/pasted"
	},
	"elements": [
		{
			"from": [
				2.18816,
				5.199999999999999,
				-7.332519999999995
			],
			"to": [
				9.288160000000001,
				10.8,
				7.267479999999999
			],
			"rotation": {
				"angle": 22.5,
				"axis": "y",
				"origin": [
					11.871490000000001,
					8,
					0.3674800000000005
				]
			},
			"faces": {
				"north": {
					"uv": [
						7.5,
						2.625,
						7.9375,
						3
					],
					"texture": "#0"
				},
				"east": {
					"uv": [
						6.5625,
						2.625,
						7.5,
						3
					],
					"texture": "#0"
				},
				"south": {
					"uv": [
						8.875,
						2.625,
						9.3125,
						3
					],
					"texture": "#0"
				},
				"west": {
					"uv": [
						7.9375,
						2.625,
						8.875,
						3
					],
					"texture": "#0"
				},
				"up": {
					"uv": [
						7.9375,
						2.625,
						7.5,
						1.6875
					],
					"texture": "#0"
				},
				"down": {
					"uv": [
						8.375,
						1.6875,
						7.9375,
						2.625
					],
					"texture": "#0"
				}
			}
		}
	],
	"display": {
		"head": {
			"rotation": [
				0,
				180,
				0
			]
		}
	}
}