{
	"textures": {
		"0": "animated_java:item/trishivala/pasted"
	},
	"elements": [
		{
			"from": [
				8.25,
				5,
				-2.5
			],
			"to": [
				15.75,
				11,
				12.5
			],
			"rotation": {
				"angle": -45,
				"axis": "y",
				"origin": [
					12,
					8,
					5
				]
			},
			"faces": {
				"north": {
					"uv": [
						7.5,
						2.625,
						7.9375,
						3
					],
					"texture": "#0"
				},
				"east": {
					"uv": [
						6.5625,
						2.625,
						7.5,
						3
					],
					"texture": "#0"
				},
				"south": {
					"uv": [
						8.875,
						2.625,
						9.3125,
						3
					],
					"texture": "#0"
				},
				"west": {
					"uv": [
						7.9375,
						2.625,
						8.875,
						3
					],
					"texture": "#0"
				},
				"up": {
					"uv": [
						7.9375,
						2.625,
						7.5,
						1.6875
					],
					"texture": "#0"
				},
				"down": {
					"uv": [
						8.375,
						1.6875,
						7.9375,
						2.625
					],
					"texture": "#0"
				}
			}
		}
	],
	"display": {
		"head": {
			"rotation": [
				0,
				180,
				0
			]
		}
	}
}