{
	"textures": {
		"0": "animated_java:item/trishivala/pasted"
	},
	"elements": [
		{
			"from": [
				0.5,
				8,
				4
			],
			"to": [
				15.5,
				26,
				13
			],
			"rotation": {
				"angle": 0,
				"axis": "y",
				"origin": [
					8,
					14.75,
					8.5
				]
			},
			"faces": {
				"north": {
					"uv": [
						6.1875,
						0.5625,
						7.125,
						1.6875
					],
					"texture": "#0"
				},
				"east": {
					"uv": [
						5.625,
						0.5625,
						6.1875,
						1.6875
					],
					"texture": "#0"
				},
				"south": {
					"uv": [
						7.6875,
						0.5625,
						8.625,
						1.6875
					],
					"texture": "#0"
				},
				"west": {
					"uv": [
						7.125,
						0.5625,
						7.6875,
						1.6875
					],
					"texture": "#0"
				},
				"up": {
					"uv": [
						7.125,
						0.5625,
						6.1875,
						0
					],
					"texture": "#0"
				},
				"down": {
					"uv": [
						8.0625,
						0,
						7.125,
						0.5625
					],
					"texture": "#0"
				}
			}
		}
	],
	"display": {
		"head": {
			"rotation": [
				0,
				180,
				0
			]
		}
	}
}