{
	"textures": {
		"0": "animated_java:item/chameleon_smol/chameleon_smol"
	},
	"elements": [
		{
			"from": [
				8,
				5.5,
				7.5
			],
			"to": [
				8,
				8.5,
				8.5
			],
			"rotation": {
				"angle": 0,
				"axis": "y",
				"origin": [
					9,
					6.5,
					7.5
				]
			},
			"faces": {
				"north": {
					"uv": [
						0,
						0,
						0,
						3
					],
					"texture": "#0"
				},
				"east": {
					"uv": [
						7,
						12,
						8,
						15
					],
					"texture": "#0"
				},
				"south": {
					"uv": [
						0,
						0,
						0,
						3
					],
					"texture": "#0"
				},
				"west": {
					"uv": [
						8,
						12,
						9,
						15
					],
					"texture": "#0"
				},
				"up": {
					"uv": [
						0,
						1,
						0,
						0
					],
					"texture": "#0"
				},
				"down": {
					"uv": [
						0,
						0,
						0,
						1
					],
					"texture": "#0"
				}
			}
		},
		{
			"from": [
				7.5,
				5.5,
				7
			],
			"to": [
				8.5,
				5.5,
				8
			],
			"rotation": {
				"angle": 0,
				"axis": "y",
				"origin": [
					9,
					6.5,
					7
				]
			},
			"faces": {
				"north": {
					"uv": [
						0,
						0,
						1,
						0
					],
					"texture": "#0"
				},
				"east": {
					"uv": [
						0,
						0,
						1,
						0
					],
					"texture": "#0"
				},
				"south": {
					"uv": [
						0,
						0,
						1,
						0
					],
					"texture": "#0"
				},
				"west": {
					"uv": [
						0,
						0,
						1,
						0
					],
					"texture": "#0"
				},
				"up": {
					"uv": [
						14,
						8,
						13,
						7
					],
					"texture": "#0"
				},
				"down": {
					"uv": [
						14,
						8,
						13,
						9
					],
					"texture": "#0"
				}
			}
		}
	],
	"display": {
		"head": {
			"rotation": [
				0,
				180,
				0
			]
		}
	}
}