{
	"textures": {
		"0": "animated_java:item/shisuki/shisuki"
	},
	"elements": [
		{
			"from": [
				5,
				6.109999999999992,
				-0.09333333333333371
			],
			"to": [
				11,
				8.109999999999992,
				7.906666666666668
			],
			"rotation": {
				"angle": 0,
				"axis": "y",
				"origin": [
					7,
					3.1099999999999923,
					4.906666666666666
				]
			},
			"faces": {
				"north": {
					"uv": [
						6,
						6.5,
						6.75,
						6.75
					],
					"texture": "#0"
				},
				"east": {
					"uv": [
						5,
						6.5,
						6,
						6.75
					],
					"texture": "#0"
				},
				"south": {
					"uv": [
						7.75,
						6.5,
						8.5,
						6.75
					],
					"texture": "#0"
				},
				"west": {
					"uv": [
						6.75,
						6.5,
						7.75,
						6.75
					],
					"texture": "#0"
				},
				"up": {
					"uv": [
						6.75,
						6.5,
						6,
						5.5
					],
					"texture": "#0"
				},
				"down": {
					"uv": [
						7.5,
						5.5,
						6.75,
						6.5
					],
					"texture": "#0"
				}
			}
		},
		{
			"from": [
				5.1,
				8.07666666666666,
				0.006666666666667709
			],
			"to": [
				10.9,
				9.876666666666658,
				7.806666666666668
			],
			"rotation": {
				"angle": 0,
				"axis": "y",
				"origin": [
					7,
					4.9766666666666595,
					4.906666666666666
				]
			},
			"faces": {
				"north": {
					"uv": [
						1,
						7.125,
						1.75,
						7.375
					],
					"texture": "#0"
				},
				"east": {
					"uv": [
						0,
						7.125,
						1,
						7.375
					],
					"texture": "#0"
				},
				"south": {
					"uv": [
						2.75,
						7.125,
						3.5,
						7.375
					],
					"texture": "#0"
				},
				"west": {
					"uv": [
						1.75,
						7.125,
						2.75,
						7.375
					],
					"texture": "#0"
				},
				"up": {
					"uv": [
						1.75,
						7.125,
						1,
						6.125
					],
					"texture": "#0"
				},
				"down": {
					"uv": [
						2.5,
						6.125,
						1.75,
						7.125
					],
					"texture": "#0"
				}
			}
		}
	],
	"display": {
		"head": {
			"rotation": [
				0,
				180,
				0
			]
		}
	}
}