{
	"textures": {
		"0": "animated_java:item/shisuki/shisuki"
	},
	"elements": [
		{
			"from": [
				1,
				8,
				2.25
			],
			"to": [
				15,
				11,
				16.25
			],
			"rotation": {
				"angle": -22.5,
				"axis": "y",
				"origin": [
					8,
					9,
					9.25
				]
			},
			"faces": {
				"north": {
					"uv": [
						1.75,
						1.75,
						3.5,
						2.125
					],
					"texture": "#0"
				},
				"east": {
					"uv": [
						0,
						1.75,
						1.75,
						2.125
					],
					"texture": "#0"
				},
				"south": {
					"uv": [
						5.25,
						1.75,
						7,
						2.125
					],
					"texture": "#0"
				},
				"west": {
					"uv": [
						3.5,
						1.75,
						5.25,
						2.125
					],
					"texture": "#0"
				},
				"up": {
					"uv": [
						3.5,
						1.75,
						1.75,
						0
					],
					"texture": "#0"
				},
				"down": {
					"uv": [
						5.25,
						0,
						3.5,
						1.75
					],
					"texture": "#0"
				}
			}
		}
	],
	"display": {
		"head": {
			"rotation": [
				0,
				180,
				0
			]
		}
	}
}