{
	"textures": {
		"0": "animated_java:item/shisuki/shisuki"
	},
	"elements": [
		{
			"from": [
				5.493333333333335,
				6.645913063908132,
				5.521742299324153
			],
			"to": [
				10.493333333333336,
				12.645913063908116,
				9.521742299324144
			],
			"rotation": {
				"angle": -22.5,
				"axis": "x",
				"origin": [
					7.993333333333336,
					9.645913063908122,
					7.521742299324149
				]
			},
			"faces": {
				"north": {
					"uv": [
						0.5,
						7.875,
						1.125,
						8.625
					],
					"texture": "#0"
				},
				"east": {
					"uv": [
						0,
						7.875,
						0.5,
						8.625
					],
					"texture": "#0"
				},
				"south": {
					"uv": [
						1.625,
						7.875,
						2.25,
						8.625
					],
					"texture": "#0"
				},
				"west": {
					"uv": [
						1.125,
						7.875,
						1.625,
						8.625
					],
					"texture": "#0"
				},
				"up": {
					"uv": [
						1.125,
						7.875,
						0.5,
						7.375
					],
					"texture": "#0"
				},
				"down": {
					"uv": [
						1.75,
						7.375,
						1.125,
						7.875
					],
					"texture": "#0"
				}
			}
		}
	],
	"display": {
		"head": {
			"rotation": [
				0,
				180,
				0
			]
		}
	}
}