{
	"textures": {
		"0": "animated_java:item/shisuki/shisuki"
	},
	"elements": [
		{
			"from": [
				5.506666666666665,
				6.523667363195138,
				4.075576651178542
			],
			"to": [
				10.506666666666668,
				13.523667363195138,
				8.075576651178542
			],
			"rotation": {
				"angle": -45,
				"axis": "x",
				"origin": [
					8.006666666666666,
					10.023667363195138,
					6.075576651178542
				]
			},
			"faces": {
				"north": {
					"uv": [
						7.75,
						3.875,
						8.375,
						4.75
					],
					"texture": "#0"
				},
				"east": {
					"uv": [
						7.25,
						3.875,
						7.75,
						4.75
					],
					"texture": "#0"
				},
				"south": {
					"uv": [
						8.875,
						3.875,
						9.5,
						4.75
					],
					"texture": "#0"
				},
				"west": {
					"uv": [
						8.375,
						3.875,
						8.875,
						4.75
					],
					"texture": "#0"
				},
				"up": {
					"uv": [
						8.375,
						3.875,
						7.75,
						3.375
					],
					"texture": "#0"
				},
				"down": {
					"uv": [
						9,
						3.375,
						8.375,
						3.875
					],
					"texture": "#0"
				}
			}
		},
		{
			"from": [
				10.399999999999997,
				10.359999999999992,
				1.4066666666666663
			],
			"to": [
				10.399999999999997,
				20.359999999999992,
				10.40666666666667
			],
			"rotation": {
				"angle": 45,
				"axis": "x",
				"origin": [
					10.399999999999997,
					15.359999999999992,
					5.906666666666668
				]
			},
			"faces": {
				"north": {
					"uv": [
						4.625,
						6.75,
						4.625,
						8
					],
					"texture": "#0"
				},
				"east": {
					"uv": [
						3.5,
						6.75,
						4.625,
						8
					],
					"texture": "#0"
				},
				"south": {
					"uv": [
						5.75,
						6.75,
						5.75,
						8
					],
					"texture": "#0"
				},
				"west": {
					"uv": [
						4.625,
						6.75,
						5.75,
						8
					],
					"texture": "#0"
				},
				"up": {
					"uv": [
						4.625,
						6.75,
						4.625,
						5.625
					],
					"texture": "#0"
				},
				"down": {
					"uv": [
						4.625,
						5.625,
						4.625,
						6.75
					],
					"texture": "#0"
				}
			}
		},
		{
			"from": [
				5.600000000000003,
				10.359999999999992,
				1.4066666666666663
			],
			"to": [
				5.600000000000003,
				20.359999999999992,
				10.40666666666667
			],
			"rotation": {
				"angle": 45,
				"axis": "x",
				"origin": [
					5.600000000000003,
					15.359999999999992,
					5.906666666666668
				]
			},
			"faces": {
				"north": {
					"uv": [
						4.625,
						6.75,
						4.625,
						8
					],
					"texture": "#0"
				},
				"east": {
					"uv": [
						5.75,
						6.75,
						4.625,
						8
					],
					"texture": "#0"
				},
				"south": {
					"uv": [
						5.75,
						6.75,
						5.75,
						8
					],
					"texture": "#0"
				},
				"west": {
					"uv": [
						4.625,
						6.75,
						3.5,
						8
					],
					"texture": "#0"
				},
				"up": {
					"uv": [
						4.625,
						6.75,
						4.625,
						5.625
					],
					"texture": "#0"
				},
				"down": {
					"uv": [
						4.625,
						5.625,
						4.625,
						6.75
					],
					"texture": "#0"
				}
			}
		}
	],
	"display": {
		"head": {
			"rotation": [
				0,
				180,
				0
			]
		}
	}
}