{
	"textures": {
		"0": "animated_java:item/shisuki/shisuki"
	},
	"elements": [
		{
			"from": [
				6.099999999999998,
				8.466666666666672,
				3.973333333333331
			],
			"to": [
				9.900000000000002,
				14.26666666666668,
				7.773333333333333
			],
			"rotation": {
				"angle": 22.5,
				"axis": "x",
				"origin": [
					8,
					2.9000000000000004,
					5.033333333333331
				]
			},
			"faces": {
				"north": {
					"uv": [
						8,
						5.25,
						8.5,
						6
					],
					"texture": "#0"
				},
				"east": {
					"uv": [
						7.5,
						5.25,
						8,
						6
					],
					"texture": "#0"
				},
				"south": {
					"uv": [
						9,
						5.25,
						9.5,
						6
					],
					"texture": "#0"
				},
				"west": {
					"uv": [
						8.5,
						5.25,
						9,
						6
					],
					"texture": "#0"
				},
				"up": {
					"uv": [
						8.5,
						5.25,
						8,
						4.75
					],
					"texture": "#0"
				},
				"down": {
					"uv": [
						9,
						4.75,
						8.5,
						5.25
					],
					"texture": "#0"
				}
			}
		}
	],
	"display": {
		"head": {
			"rotation": [
				0,
				180,
				0
			]
		}
	}
}