{
	"textures": {
		"0": "animated_java:item/abysculk/abysculk"
	},
	"elements": [
		{
			"from": [
				6.5,
				8,
				8
			],
			"to": [
				9.5,
				11,
				8
			],
			"rotation": {
				"angle": 0,
				"axis": "y",
				"origin": [
					8.5,
					4,
					8
				]
			},
			"faces": {
				"north": {
					"uv": [
						3.25,
						7.25,
						4,
						8
					],
					"texture": "#0"
				},
				"east": {
					"uv": [
						0,
						0,
						0,
						0.75
					],
					"texture": "#0"
				},
				"south": {
					"uv": [
						9.5,
						9.25,
						10.25,
						10
					],
					"texture": "#0"
				},
				"west": {
					"uv": [
						0,
						0,
						0,
						0.75
					],
					"texture": "#0"
				},
				"up": {
					"uv": [
						0.75,
						0,
						0,
						0
					],
					"texture": "#0"
				},
				"down": {
					"uv": [
						0.75,
						0,
						0,
						0
					],
					"texture": "#0"
				}
			}
		}
	],
	"display": {
		"head": {
			"rotation": [
				0,
				180,
				0
			]
		}
	}
}