{
	"textures": {
		"0": "animated_java:item/octopus/shiny"
	},
	"elements": [
		{
			"from": [
				5,
				7,
				5
			],
			"to": [
				11,
				13,
				11
			],
			"faces": {
				"north": {
					"uv": [
						3,
						3,
						6,
						6
					],
					"texture": "#0"
				},
				"east": {
					"uv": [
						0,
						3,
						3,
						6
					],
					"texture": "#0"
				},
				"south": {
					"uv": [
						9,
						3,
						12,
						6
					],
					"texture": "#0"
				},
				"west": {
					"uv": [
						6,
						3,
						9,
						6
					],
					"texture": "#0"
				},
				"up": {
					"uv": [
						6,
						3,
						3,
						0
					],
					"texture": "#0"
				},
				"down": {
					"uv": [
						9,
						0,
						6,
						3
					],
					"texture": "#0"
				}
			}
		}
	],
	"display": {
		"head": {
			"rotation": [
				0,
				180,
				0
			]
		}
	}
}