{
	"textures": {
		"0": "animated_java:item/octopus/shiny"
	},
	"elements": [
		{
			"from": [
				7,
				6.5,
				7
			],
			"to": [
				9,
				8.5,
				9
			],
			"faces": {
				"north": {
					"uv": [
						5,
						7,
						6,
						8
					],
					"texture": "#0"
				},
				"east": {
					"uv": [
						4,
						7,
						5,
						8
					],
					"texture": "#0"
				},
				"south": {
					"uv": [
						7,
						7,
						8,
						8
					],
					"texture": "#0"
				},
				"west": {
					"uv": [
						6,
						7,
						7,
						8
					],
					"texture": "#0"
				},
				"up": {
					"uv": [
						6,
						7,
						5,
						6
					],
					"texture": "#0"
				},
				"down": {
					"uv": [
						7,
						6,
						6,
						7
					],
					"texture": "#0"
				}
			}
		}
	],
	"display": {
		"head": {
			"rotation": [
				0,
				180,
				0
			]
		}
	}
}