{
	"textures": {
		"0": "animated_java:item/firefly/texture"
	},
	"elements": [
		{
			"from": [
				7,
				7.75,
				7.5
			],
			"to": [
				7,
				9.75,
				8.5
			],
			"rotation": {
				"angle": 0,
				"axis": "y",
				"origin": [
					8,
					5.75,
					8.5
				]
			},
			"faces": {
				"north": {
					"uv": [
						0,
						0,
						0,
						2
					],
					"texture": "#0"
				},
				"east": {
					"uv": [
						6,
						8,
						7,
						10
					],
					"texture": "#0"
				},
				"south": {
					"uv": [
						0,
						0,
						0,
						2
					],
					"texture": "#0"
				},
				"west": {
					"uv": [
						7,
						8,
						8,
						10
					],
					"texture": "#0"
				},
				"up": {
					"uv": [
						0,
						1,
						0,
						0
					],
					"texture": "#0"
				},
				"down": {
					"uv": [
						0,
						0,
						0,
						1
					],
					"texture": "#0"
				}
			}
		},
		{
			"from": [
				8.5,
				7.75,
				7.5
			],
			"to": [
				8.5,
				9.75,
				8.5
			],
			"rotation": {
				"angle": 0,
				"axis": "y",
				"origin": [
					9.5,
					5.75,
					8.5
				]
			},
			"faces": {
				"north": {
					"uv": [
						0,
						0,
						0,
						2
					],
					"texture": "#0"
				},
				"east": {
					"uv": [
						10,
						2,
						11,
						4
					],
					"texture": "#0"
				},
				"south": {
					"uv": [
						0,
						0,
						0,
						2
					],
					"texture": "#0"
				},
				"west": {
					"uv": [
						3,
						10,
						4,
						12
					],
					"texture": "#0"
				},
				"up": {
					"uv": [
						0,
						1,
						0,
						0
					],
					"texture": "#0"
				},
				"down": {
					"uv": [
						0,
						0,
						0,
						1
					],
					"texture": "#0"
				}
			}
		}
	],
	"display": {
		"head": {
			"rotation": [
				0,
				180,
				0
			]
		}
	}
}