{
	"textures": {
		"0": "animated_java:item/firefly/texture"
	},
	"elements": [
		{
			"from": [
				7,
				6.25,
				7.5
			],
			"to": [
				7,
				8.25,
				8.5
			],
			"rotation": {
				"angle": 0,
				"axis": "y",
				"origin": [
					8,
					6.25,
					7.5
				]
			},
			"faces": {
				"north": {
					"uv": [
						0,
						0,
						0,
						2
					],
					"texture": "#0"
				},
				"east": {
					"uv": [
						8,
						8,
						9,
						10
					],
					"texture": "#0"
				},
				"south": {
					"uv": [
						0,
						0,
						0,
						2
					],
					"texture": "#0"
				},
				"west": {
					"uv": [
						9,
						0,
						10,
						2
					],
					"texture": "#0"
				},
				"up": {
					"uv": [
						0,
						1,
						0,
						0
					],
					"texture": "#0"
				},
				"down": {
					"uv": [
						0,
						0,
						0,
						1
					],
					"texture": "#0"
				}
			}
		},
		{
			"from": [
				8.5,
				6.25,
				7.5
			],
			"to": [
				8.5,
				8.25,
				8.5
			],
			"rotation": {
				"angle": 0,
				"axis": "y",
				"origin": [
					9.5,
					6.25,
					7.5
				]
			},
			"faces": {
				"north": {
					"uv": [
						0,
						0,
						0,
						2
					],
					"texture": "#0"
				},
				"east": {
					"uv": [
						9,
						6,
						10,
						8
					],
					"texture": "#0"
				},
				"south": {
					"uv": [
						0,
						0,
						0,
						2
					],
					"texture": "#0"
				},
				"west": {
					"uv": [
						9,
						8,
						10,
						10
					],
					"texture": "#0"
				},
				"up": {
					"uv": [
						0,
						1,
						0,
						0
					],
					"texture": "#0"
				},
				"down": {
					"uv": [
						0,
						0,
						0,
						1
					],
					"texture": "#0"
				}
			}
		}
	],
	"display": {
		"head": {
			"rotation": [
				0,
				180,
				0
			]
		}
	}
}