{
	"textures": {
		"0": "animated_java:item/sludgelet/sludgetex"
	},
	"elements": [
		{
			"from": [
				4,
				8,
				7
			],
			"to": [
				9,
				10,
				12
			],
			"rotation": {
				"angle": 0,
				"axis": "y",
				"origin": [
					7.5,
					9.75,
					8.5
				]
			},
			"faces": {
				"north": {
					"uv": [
						2.5,
						9.5,
						5,
						10.5
					],
					"texture": "#0"
				},
				"east": {
					"uv": [
						0,
						9.5,
						2.5,
						10.5
					],
					"texture": "#0"
				},
				"south": {
					"uv": [
						7.5,
						9.5,
						10,
						10.5
					],
					"texture": "#0"
				},
				"west": {
					"uv": [
						5,
						9.5,
						7.5,
						10.5
					],
					"texture": "#0"
				},
				"up": {
					"uv": [
						5,
						9.5,
						2.5,
						7
					],
					"texture": "#0"
				},
				"down": {
					"uv": [
						7.5,
						7,
						5,
						9.5
					],
					"texture": "#0"
				}
			}
		}
	],
	"display": {
		"head": {
			"rotation": [
				0,
				180,
				0
			]
		}
	}
}