{
	"textures": {
		"0": "animated_java:item/sludgelet/sludgetex"
	},
	"elements": [
		{
			"from": [
				6,
				5,
				4.58579
			],
			"to": [
				10,
				9,
				8.58579
			],
			"rotation": {
				"angle": -45,
				"axis": "y",
				"origin": [
					8,
					8,
					8
				]
			},
			"faces": {
				"north": {
					"uv": [
						2,
						12.5,
						4,
						14.5
					],
					"texture": "#0"
				},
				"east": {
					"uv": [
						0,
						12.5,
						2,
						14.5
					],
					"texture": "#0"
				},
				"south": {
					"uv": [
						6,
						12.5,
						8,
						14.5
					],
					"texture": "#0"
				},
				"west": {
					"uv": [
						4,
						12.5,
						6,
						14.5
					],
					"texture": "#0"
				},
				"up": {
					"uv": [
						4,
						12.5,
						2,
						10.5
					],
					"rotation": 270,
					"texture": "#0"
				},
				"down": {
					"uv": [
						6,
						10.5,
						4,
						12.5
					],
					"rotation": 90,
					"texture": "#0"
				}
			}
		}
	],
	"display": {
		"head": {
			"rotation": [
				0,
				180,
				0
			]
		}
	}
}