{
	"textures": {
		"0": "animated_java:item/ambeetra/shiny"
	},
	"elements": [
		{
			"from": [
				6.5,
				8,
				4
			],
			"to": [
				8,
				9.5,
				8
			],
			"rotation": {
				"angle": 0,
				"axis": "y",
				"origin": [
					9.5,
					9,
					-6
				]
			},
			"faces": {
				"north": {
					"uv": [
						2.125,
						3,
						2.25,
						3.125
					],
					"texture": "#0"
				},
				"east": {
					"uv": [
						1.625,
						3,
						2.125,
						3.125
					],
					"texture": "#0"
				},
				"south": {
					"uv": [
						2.75,
						3,
						2.875,
						3.125
					],
					"texture": "#0"
				},
				"west": {
					"uv": [
						2.25,
						3,
						2.75,
						3.125
					],
					"texture": "#0"
				},
				"up": {
					"uv": [
						2.25,
						3,
						1.75,
						2.875
					],
					"rotation": 90,
					"texture": "#0"
				},
				"down": {
					"uv": [
						2.25,
						3,
						2.75,
						2.875
					],
					"rotation": 90,
					"texture": "#0"
				}
			}
		},
		{
			"from": [
				6.4,
				7.9,
				3.8999999999999986
			],
			"to": [
				8.1,
				9.6,
				6.1
			],
			"rotation": {
				"angle": 0,
				"axis": "y",
				"origin": [
					9.5,
					9,
					-6
				]
			},
			"faces": {
				"north": {
					"uv": [
						2.375,
						3.25,
						2.5,
						3.375
					],
					"texture": "#0"
				},
				"east": {
					"uv": [
						2.125,
						3.25,
						2.375,
						3.375
					],
					"texture": "#0"
				},
				"south": {
					"uv": [
						2.75,
						3.25,
						2.875,
						3.375
					],
					"texture": "#0"
				},
				"west": {
					"uv": [
						2.5,
						3.25,
						2.75,
						3.375
					],
					"texture": "#0"
				},
				"up": {
					"uv": [
						2.5,
						3.25,
						2.25,
						3.125
					],
					"rotation": 90,
					"texture": "#0"
				},
				"down": {
					"uv": [
						2.5,
						3.25,
						2.75,
						3.125
					],
					"rotation": 90,
					"texture": "#0"
				}
			}
		},
		{
			"from": [
				6.46,
				7.91,
				3.960000000000001
			],
			"to": [
				8.015,
				9.59,
				4.59
			],
			"rotation": {
				"angle": 22.5,
				"axis": "y",
				"origin": [
					6.3,
					8.75,
					4.050000000000001
				]
			},
			"faces": {
				"north": {
					"uv": [
						1.625,
						3.25,
						1.75,
						3.375
					],
					"texture": "#0"
				},
				"east": {
					"uv": [
						1.5,
						3.25,
						1.625,
						3.375
					],
					"texture": "#0"
				},
				"south": {
					"uv": [
						1.875,
						3.25,
						2,
						3.375
					],
					"texture": "#0"
				},
				"west": {
					"uv": [
						1.75,
						3.25,
						1.875,
						3.375
					],
					"texture": "#0"
				},
				"up": {
					"uv": [
						1.75,
						3.25,
						1.625,
						3.125
					],
					"rotation": 90,
					"texture": "#0"
				},
				"down": {
					"uv": [
						1.75,
						3.25,
						1.875,
						3.125
					],
					"rotation": 90,
					"texture": "#0"
				}
			}
		}
	],
	"display": {
		"head": {
			"rotation": [
				0,
				180,
				0
			]
		}
	}
}