{
	"textures": {
		"0": "animated_java:item/bonflier/bonfliersprite"
	},
	"elements": [
		{
			"from": [
				9,
				8,
				5
			],
			"to": [
				22,
				8,
				13
			],
			"rotation": {
				"angle": -45,
				"axis": "y",
				"origin": [
					7.5,
					8,
					7
				]
			},
			"faces": {
				"up": {
					"uv": [
						8.5,
						6.5,
						12.5,
						13
					],
					"rotation": 90,
					"texture": "#0"
				},
				"down": {
					"uv": [
						12.5,
						6.5,
						8.5,
						13
					],
					"rotation": 90,
					"texture": "#0"
				}
			}
		}
	],
	"display": {
		"head": {
			"rotation": [
				0,
				180,
				0
			]
		}
	}
}