{
	"textures": {
		"0": "animated_java:item/bonflier/bonfliersprite"
	},
	"elements": [
		{
			"from": [
				8,
				1.6360400000000004,
				7.29289
			],
			"to": [
				8,
				8.63604,
				8.29289
			],
			"rotation": {
				"angle": 0,
				"axis": "y",
				"origin": [
					9,
					1.6360400000000004,
					7.29289
				]
			},
			"faces": {
				"north": {
					"uv": [
						0,
						0,
						0,
						7
					],
					"texture": "#0"
				},
				"east": {
					"uv": [
						8,
						8,
						9,
						1
					],
					"texture": "#0"
				},
				"south": {
					"uv": [
						0,
						0,
						0,
						7
					],
					"texture": "#0"
				},
				"west": {
					"uv": [
						8,
						8,
						9,
						1
					],
					"texture": "#0"
				},
				"up": {
					"uv": [
						0,
						0,
						0,
						1
					],
					"texture": "#0"
				},
				"down": {
					"uv": [
						0,
						0,
						0,
						1
					],
					"texture": "#0"
				}
			}
		}
	],
	"display": {
		"head": {
			"rotation": [
				0,
				180,
				0
			]
		}
	}
}