{
	"textures": {
		"0": "animated_java:item/bonflier/bonfliersprite"
	},
	"elements": [
		{
			"from": [
				10.01,
				7.51,
				6.51
			],
			"to": [
				22.990000000000002,
				7.49,
				13.49
			],
			"rotation": {
				"angle": -22.5,
				"axis": "y",
				"origin": [
					10,
					8.5,
					6.5
				]
			},
			"faces": {
				"up": {
					"uv": [
						8,
						0,
						11.5,
						6.5
					],
					"rotation": 90,
					"texture": "#0"
				},
				"down": {
					"uv": [
						11.5,
						0,
						8,
						6.5
					],
					"rotation": 90,
					"texture": "#0"
				}
			}
		}
	],
	"display": {
		"head": {
			"rotation": [
				0,
				180,
				0
			]
		}
	}
}