{
	"textures": {
		"0": "animated_java:item/bonflier/bonfliersprite"
	},
	"elements": [
		{
			"from": [
				-7,
				7.5,
				6.5
			],
			"to": [
				6,
				7.5,
				13.5
			],
			"rotation": {
				"angle": 22.5,
				"axis": "y",
				"origin": [
					6,
					8.5,
					6.5
				]
			},
			"faces": {
				"up": {
					"uv": [
						11.5,
						0,
						8,
						6.5
					],
					"rotation": 270,
					"texture": "#0"
				},
				"down": {
					"uv": [
						8,
						0,
						11.5,
						6.5
					],
					"rotation": 270,
					"texture": "#0"
				}
			}
		}
	],
	"display": {
		"head": {
			"rotation": [
				0,
				180,
				0
			]
		}
	}
}