{
	"textures": {
		"0": "animated_java:item/bonflier/bonfliersprite"
	},
	"elements": [
		{
			"from": [
				6,
				6,
				7
			],
			"to": [
				10,
				10,
				23
			],
			"rotation": {
				"angle": 22.5,
				"axis": "x",
				"origin": [
					6,
					6,
					7
				]
			},
			"faces": {
				"north": {
					"uv": [
						4,
						12,
						8,
						16
					],
					"texture": "#0"
				},
				"east": {
					"uv": [
						0,
						12,
						16,
						16
					],
					"texture": "#0"
				},
				"south": {
					"uv": [
						0,
						12,
						4,
						16
					],
					"texture": "#0"
				},
				"west": {
					"uv": [
						16,
						12,
						0,
						16
					],
					"texture": "#0"
				},
				"up": {
					"uv": [
						16,
						12,
						0,
						16
					],
					"rotation": 90,
					"texture": "#0"
				},
				"down": {
					"uv": [
						0,
						12,
						16,
						16
					],
					"rotation": 90,
					"texture": "#0"
				}
			}
		}
	],
	"display": {
		"head": {
			"rotation": [
				0,
				180,
				0
			]
		}
	}
}