{
	"textures": {
		"0": "animated_java:item/bonflier/bonfliersprite"
	},
	"elements": [
		{
			"from": [
				4.5,
				8.5,
				7
			],
			"to": [
				5.5,
				13.5,
				8
			],
			"rotation": {
				"angle": 45,
				"axis": "x",
				"origin": [
					5,
					8.5,
					7
				]
			},
			"faces": {
				"north": {
					"uv": [
						13,
						6,
						13.5,
						9
					],
					"texture": "#0"
				},
				"east": {
					"uv": [
						13.5,
						6,
						14,
						9
					],
					"texture": "#0"
				},
				"south": {
					"uv": [
						14,
						6,
						14.5,
						9
					],
					"texture": "#0"
				},
				"west": {
					"uv": [
						14.5,
						6,
						15,
						9
					],
					"texture": "#0"
				},
				"up": {
					"uv": [
						14.5,
						4.5,
						15,
						5
					],
					"texture": "#0"
				},
				"down": {
					"uv": [
						14.5,
						5,
						15,
						5.5
					],
					"texture": "#0"
				}
			}
		}
	],
	"display": {
		"head": {
			"rotation": [
				0,
				180,
				0
			]
		}
	}
}