{
	"textures": {
		"0": "animated_java:item/bonflier/bonfliersprite"
	},
	"elements": [
		{
			"from": [
				6.51,
				8.01,
				6.51
			],
			"to": [
				14.49,
				7.99,
				19.490000000000002
			],
			"rotation": {
				"angle": -45,
				"axis": "y",
				"origin": [
					6.5,
					8,
					7
				]
			},
			"faces": {
				"up": {
					"uv": [
						12.5,
						6.5,
						8.5,
						13
					],
					"rotation": 180,
					"texture": "#0"
				},
				"down": {
					"uv": [
						12.5,
						13,
						8.5,
						6.5
					],
					"rotation": 180,
					"texture": "#0"
				}
			}
		}
	],
	"display": {
		"head": {
			"rotation": [
				0,
				180,
				0
			]
		}
	}
}