{
	"textures": {
		"0": "animated_java:item/bonflier/bonfliersprite"
	},
	"elements": [
		{
			"from": [
				6.5,
				6,
				7
			],
			"to": [
				9.5,
				9,
				19
			],
			"rotation": {
				"angle": 22.5,
				"axis": "x",
				"origin": [
					6.5,
					6,
					7
				]
			},
			"faces": {
				"north": {
					"uv": [
						2,
						6,
						4,
						8
					],
					"texture": "#0"
				},
				"east": {
					"uv": [
						0,
						6.5,
						8,
						8
					],
					"texture": "#0"
				},
				"south": {
					"uv": [
						0,
						6.5,
						1.5,
						8
					],
					"texture": "#0"
				},
				"west": {
					"uv": [
						8,
						6.5,
						0,
						8
					],
					"texture": "#0"
				},
				"up": {
					"uv": [
						10,
						14.5,
						2,
						16
					],
					"rotation": 90,
					"texture": "#0"
				},
				"down": {
					"uv": [
						0,
						5,
						8,
						6.5
					],
					"rotation": 90,
					"texture": "#0"
				}
			}
		}
	],
	"display": {
		"head": {
			"rotation": [
				0,
				180,
				0
			]
		}
	}
}