{
	"textures": {
		"0": "animated_java:item/bonflier/bonfliersprite"
	},
	"elements": [
		{
			"from": [
				7.01,
				5.00858,
				8.83792
			],
			"to": [
				7.99,
				6.988580000000001,
				10.81792
			],
			"rotation": {
				"angle": -22.5,
				"axis": "x",
				"origin": [
					6,
					2.9985799999999996,
					8.827919999999999
				]
			},
			"faces": {
				"north": {
					"uv": [
						5.5,
						0.5,
						6,
						1.5
					],
					"texture": "#0"
				},
				"east": {
					"uv": [
						6.5,
						0,
						7,
						1
					],
					"texture": "#0"
				},
				"south": {
					"uv": [
						6,
						0.5,
						6.5,
						1.5
					],
					"texture": "#0"
				},
				"west": {
					"uv": [
						6.5,
						0,
						7.5,
						1
					],
					"rotation": 270,
					"texture": "#0"
				},
				"up": {
					"uv": [
						5.5,
						0.5,
						6.5,
						0
					],
					"rotation": 270,
					"texture": "#0"
				},
				"down": {
					"uv": [
						7,
						2,
						7.5,
						1
					],
					"texture": "#0"
				}
			}
		},
		{
			"from": [
				12.01,
				5.00858,
				8.83792
			],
			"to": [
				12.99,
				6.988580000000001,
				10.81792
			],
			"rotation": {
				"angle": -22.5,
				"axis": "x",
				"origin": [
					11,
					2.9985799999999996,
					8.827919999999999
				]
			},
			"faces": {
				"north": {
					"uv": [
						5.5,
						0.5,
						6,
						1.5
					],
					"texture": "#0"
				},
				"east": {
					"uv": [
						6.5,
						0,
						7.5,
						1
					],
					"texture": "#0"
				},
				"south": {
					"uv": [
						6,
						0.5,
						6.5,
						1.5
					],
					"texture": "#0"
				},
				"west": {
					"uv": [
						6.5,
						1,
						7,
						2
					],
					"rotation": 270,
					"texture": "#0"
				},
				"up": {
					"uv": [
						5.5,
						0.5,
						6.5,
						0
					],
					"rotation": 270,
					"texture": "#0"
				},
				"down": {
					"uv": [
						7,
						2,
						7.5,
						1
					],
					"texture": "#0"
				}
			}
		},
		{
			"from": [
				8,
				2.9985799999999996,
				6.827920000000001
			],
			"to": [
				12,
				6.9985800000000005,
				11.82792
			],
			"rotation": {
				"angle": -22.5,
				"axis": "x",
				"origin": [
					8,
					2.9985799999999996,
					6.827920000000001
				]
			},
			"faces": {
				"north": {
					"uv": [
						2,
						1,
						4,
						3
					],
					"texture": "#0"
				},
				"east": {
					"uv": [
						2,
						3,
						4.5,
						5
					],
					"texture": "#0"
				},
				"south": {
					"uv": [
						2,
						6,
						4,
						8
					],
					"texture": "#0"
				},
				"west": {
					"uv": [
						4.5,
						3,
						2,
						5
					],
					"texture": "#0"
				},
				"up": {
					"uv": [
						0,
						13.5,
						2,
						16
					],
					"texture": "#0"
				},
				"down": {
					"uv": [
						4.5,
						2.5,
						6.5,
						5
					],
					"texture": "#0"
				}
			}
		}
	],
	"display": {
		"head": {
			"rotation": [
				0,
				180,
				0
			]
		}
	}
}