{
	"textures": {
		"0": "animated_java:item/bonflier/bonfliersprite"
	},
	"elements": [
		{
			"from": [
				14.51,
				2.01,
				8.01
			],
			"to": [
				15.49,
				10.99,
				8.99
			],
			"rotation": {
				"angle": 45,
				"axis": "z",
				"origin": [
					14.5,
					2,
					8
				]
			},
			"faces": {
				"north": {
					"uv": [
						0,
						0,
						0.5,
						4.5
					],
					"texture": "#0"
				},
				"east": {
					"uv": [
						0.5,
						0,
						1,
						4.5
					],
					"texture": "#0"
				},
				"south": {
					"uv": [
						1,
						0,
						1.5,
						4.5
					],
					"texture": "#0"
				},
				"west": {
					"uv": [
						1.5,
						0,
						2,
						4.5
					],
					"texture": "#0"
				},
				"up": {
					"uv": [
						2,
						0,
						2.5,
						0.5
					],
					"texture": "#0"
				},
				"down": {
					"uv": [
						2,
						0.5,
						2.5,
						1
					],
					"texture": "#0"
				}
			}
		}
	],
	"display": {
		"head": {
			"rotation": [
				0,
				180,
				0
			]
		}
	}
}