{
	"textures": {
		"0": "animated_java:item/dahliasis/texture"
	},
	"elements": [
		{
			"from": [
				2,
				8.75,
				-1.25
			],
			"to": [
				6.25,
				11.75,
				-1
			],
			"rotation": {
				"angle": 45,
				"axis": "y",
				"origin": [
					5.25,
					7.75,
					-2
				]
			},
			"faces": {
				"north": {
					"uv": [
						0,
						12.75,
						1,
						13.5
					],
					"texture": "#0"
				},
				"east": {
					"uv": [
						3.25,
						13.75,
						3.5,
						14.5
					],
					"texture": "#0"
				},
				"south": {
					"uv": [
						12.75,
						6.25,
						13.75,
						7
					],
					"texture": "#0"
				},
				"west": {
					"uv": [
						6.75,
						13.75,
						7,
						14.5
					],
					"texture": "#0"
				},
				"up": {
					"uv": [
						13.25,
						1.25,
						12.25,
						1
					],
					"texture": "#0"
				},
				"down": {
					"uv": [
						13.75,
						8.5,
						12.75,
						8.75
					],
					"texture": "#0"
				}
			}
		},
		{
			"from": [
				12.5,
				8.75,
				-3.75
			],
			"to": [
				12.75,
				11.75,
				0.5
			],
			"rotation": {
				"angle": 45,
				"axis": "y",
				"origin": [
					13.5,
					7.75,
					-0.5
				]
			},
			"faces": {
				"north": {
					"uv": [
						11,
						13.75,
						11.25,
						14.5
					],
					"texture": "#0"
				},
				"east": {
					"uv": [
						12.75,
						7,
						13.75,
						7.75
					],
					"texture": "#0"
				},
				"south": {
					"uv": [
						11.25,
						13.75,
						11.5,
						14.5
					],
					"texture": "#0"
				},
				"west": {
					"uv": [
						12.75,
						7.75,
						13.75,
						8.5
					],
					"texture": "#0"
				},
				"up": {
					"uv": [
						4.25,
						6,
						4,
						5
					],
					"texture": "#0"
				},
				"down": {
					"uv": [
						5,
						12,
						4.75,
						13
					],
					"texture": "#0"
				}
			}
		}
	],
	"display": {
		"head": {
			"rotation": [
				0,
				180,
				0
			]
		}
	}
}