{
	"textures": {
		"0": "animated_java:item/dahliasis/texture"
	},
	"elements": [
		{
			"from": [
				8,
				5.34725,
				6.02478
			],
			"to": [
				11,
				10.34725,
				10.02478
			],
			"rotation": {
				"angle": 22.5,
				"axis": "x",
				"origin": [
					10,
					8,
					8.5
				]
			},
			"faces": {
				"north": {
					"uv": [
						4,
						12,
						4.75,
						13.25
					],
					"texture": "#0"
				},
				"east": {
					"uv": [
						10,
						11.5,
						11,
						12.75
					],
					"texture": "#0"
				},
				"south": {
					"uv": [
						12,
						6.25,
						12.75,
						7.5
					],
					"texture": "#0"
				},
				"west": {
					"uv": [
						11,
						11.5,
						12,
						12.75
					],
					"texture": "#0"
				},
				"up": {
					"uv": [
						3.5,
						13.75,
						2.75,
						12.75
					],
					"texture": "#0"
				},
				"down": {
					"uv": [
						13.5,
						9.75,
						12.75,
						10.75
					],
					"texture": "#0"
				}
			}
		}
	],
	"display": {
		"head": {
			"rotation": [
				0,
				180,
				0
			]
		}
	}
}