{
	"textures": {
		"0": "animated_java:item/wardoom/texture"
	},
	"elements": [
		{
			"from": [
				-0.25,
				6.75,
				7
			],
			"to": [
				2.75,
				11.75,
				9
			],
			"rotation": {
				"angle": -22.5,
				"axis": "z",
				"origin": [
					2.75,
					6.75,
					7
				]
			},
			"faces": {
				"north": {
					"uv": [
						6.75,
						13.25,
						7.5,
						14.5
					],
					"texture": "#0"
				},
				"east": {
					"uv": [
						9.5,
						13.5,
						10,
						14.75
					],
					"texture": "#0"
				},
				"south": {
					"uv": [
						13.25,
						11,
						14,
						12.25
					],
					"texture": "#0"
				},
				"west": {
					"uv": [
						10,
						13.5,
						10.5,
						14.75
					],
					"texture": "#0"
				},
				"up": {
					"uv": [
						3.75,
						8.75,
						3,
						8.25
					],
					"texture": "#0"
				},
				"down": {
					"uv": [
						12,
						9,
						11.25,
						9.5
					],
					"texture": "#0"
				}
			}
		},
		{
			"from": [
				13,
				8,
				7
			],
			"to": [
				16,
				13,
				9
			],
			"rotation": {
				"angle": 22.5,
				"axis": "z",
				"origin": [
					16,
					8,
					7
				]
			},
			"faces": {
				"north": {
					"uv": [
						11.75,
						13.25,
						12.5,
						14.5
					],
					"texture": "#0"
				},
				"east": {
					"uv": [
						10.5,
						13.5,
						11,
						14.75
					],
					"texture": "#0"
				},
				"south": {
					"uv": [
						13.25,
						12.25,
						14,
						13.5
					],
					"texture": "#0"
				},
				"west": {
					"uv": [
						11,
						13.5,
						11.5,
						14.75
					],
					"texture": "#0"
				},
				"up": {
					"uv": [
						13,
						10.75,
						12.25,
						10.25
					],
					"texture": "#0"
				},
				"down": {
					"uv": [
						13.75,
						3.25,
						13,
						3.75
					],
					"texture": "#0"
				}
			}
		}
	],
	"display": {
		"head": {
			"rotation": [
				0,
				180,
				0
			]
		}
	}
}