{
	"textures": {
		"0": "animated_java:item/wardoom/texture"
	},
	"elements": [
		{
			"from": [
				4,
				7,
				6.5
			],
			"to": [
				9,
				16,
				9.5
			],
			"rotation": {
				"angle": 45,
				"axis": "z",
				"origin": [
					4,
					8,
					8.5
				]
			},
			"faces": {
				"north": {
					"uv": [
						6.75,
						3,
						8,
						5.25
					],
					"texture": "#0"
				},
				"east": {
					"uv": [
						5,
						10.75,
						5.75,
						13
					],
					"texture": "#0"
				},
				"south": {
					"uv": [
						6.75,
						5.25,
						8,
						7.5
					],
					"texture": "#0"
				},
				"west": {
					"uv": [
						5.75,
						10.75,
						6.5,
						13
					],
					"texture": "#0"
				},
				"up": {
					"uv": [
						6.75,
						14,
						5.5,
						13.25
					],
					"texture": "#0"
				},
				"down": {
					"uv": [
						14.5,
						10.25,
						13.25,
						11
					],
					"texture": "#0"
				}
			}
		},
		{
			"from": [
				11,
				8,
				6.5
			],
			"to": [
				20,
				13,
				9.5
			],
			"rotation": {
				"angle": 45,
				"axis": "z",
				"origin": [
					12,
					8,
					7.5
				]
			},
			"faces": {
				"north": {
					"uv": [
						4,
						7.5,
						6.25,
						8.75
					],
					"texture": "#0"
				},
				"east": {
					"uv": [
						10,
						0,
						10.75,
						1.25
					],
					"texture": "#0"
				},
				"south": {
					"uv": [
						6.25,
						7.5,
						8.5,
						8.75
					],
					"texture": "#0"
				},
				"west": {
					"uv": [
						8.75,
						12.75,
						9.5,
						14
					],
					"texture": "#0"
				},
				"up": {
					"uv": [
						13,
						3,
						10.75,
						2.25
					],
					"texture": "#0"
				},
				"down": {
					"uv": [
						13,
						3,
						10.75,
						3.75
					],
					"texture": "#0"
				}
			}
		}
	],
	"display": {
		"head": {
			"rotation": [
				0,
				180,
				0
			]
		}
	}
}