{
	"textures": {
		"0": "animated_java:item/wardoom/texture"
	},
	"elements": [
		{
			"from": [
				4,
				4,
				3
			],
			"to": [
				12,
				10,
				8
			],
			"rotation": {
				"angle": 0,
				"axis": "y",
				"origin": [
					8,
					4,
					6
				]
			},
			"faces": {
				"north": {
					"uv": [
						6.75,
						0,
						8.75,
						1.5
					],
					"texture": "#0"
				},
				"east": {
					"uv": [
						9.75,
						9.5,
						11,
						11
					],
					"texture": "#0"
				},
				"south": {
					"uv": [
						6.75,
						1.5,
						8.75,
						3
					],
					"texture": "#0"
				},
				"west": {
					"uv": [
						0,
						10,
						1.25,
						11.5
					],
					"texture": "#0"
				},
				"up": {
					"uv": [
						11.5,
						5.25,
						9.5,
						4
					],
					"texture": "#0"
				},
				"down": {
					"uv": [
						11.5,
						5.25,
						9.5,
						6.5
					],
					"texture": "#0"
				}
			}
		}
	],
	"display": {
		"head": {
			"rotation": [
				0,
				180,
				0
			]
		}
	}
}