{
	"textures": {
		"0": "animated_java:item/flarent/flarent"
	},
	"elements": [
		{
			"from": [
				4,
				8,
				4
			],
			"to": [
				12,
				10,
				12
			],
			"rotation": {
				"angle": 45,
				"axis": "y",
				"origin": [
					8,
					9,
					8
				]
			},
			"faces": {
				"north": {
					"uv": [
						2,
						8,
						4,
						8.5
					],
					"texture": "#0"
				},
				"east": {
					"uv": [
						0,
						8,
						2,
						8.5
					],
					"texture": "#0"
				},
				"south": {
					"uv": [
						6,
						8,
						8,
						8.5
					],
					"texture": "#0"
				},
				"west": {
					"uv": [
						4,
						8,
						6,
						8.5
					],
					"texture": "#0"
				},
				"up": {
					"uv": [
						4,
						8,
						2,
						6
					],
					"texture": "#0"
				},
				"down": {
					"uv": [
						6,
						6,
						4,
						8
					],
					"texture": "#0"
				}
			}
		}
	],
	"display": {
		"head": {
			"rotation": [
				0,
				180,
				0
			]
		}
	}
}