{
	"textures": {
		"0": "animated_java:item/flarent/flarent"
	},
	"elements": [
		{
			"from": [
				7,
				8.52667,
				5.66667
			],
			"to": [
				9,
				10.52667,
				9.66667
			],
			"rotation": {
				"angle": -45,
				"axis": "x",
				"origin": [
					8,
					10.5,
					9
				]
			},
			"faces": {
				"north": {
					"uv": [
						11,
						1,
						11.5,
						1.5
					],
					"texture": "#0"
				},
				"east": {
					"uv": [
						10,
						1,
						11,
						1.5
					],
					"texture": "#0"
				},
				"south": {
					"uv": [
						12.5,
						1,
						13,
						1.5
					],
					"texture": "#0"
				},
				"west": {
					"uv": [
						11.5,
						1,
						12.5,
						1.5
					],
					"texture": "#0"
				},
				"up": {
					"uv": [
						11.5,
						1,
						11,
						0
					],
					"texture": "#0"
				},
				"down": {
					"uv": [
						12,
						0,
						11.5,
						1
					],
					"texture": "#0"
				}
			}
		}
	],
	"display": {
		"head": {
			"rotation": [
				0,
				180,
				0
			]
		}
	}
}