{
	"textures": {
		"0": "animated_java:item/octopus/octo"
	},
	"elements": [
		{
			"from": [
				7,
				6.5,
				7
			],
			"to": [
				9,
				8.5,
				9
			],
			"faces": {
				"north": {
					"uv": [
						8,
						8,
						9,
						9
					],
					"texture": "#0"
				},
				"east": {
					"uv": [
						7,
						8,
						8,
						9
					],
					"texture": "#0"
				},
				"south": {
					"uv": [
						10,
						8,
						11,
						9
					],
					"texture": "#0"
				},
				"west": {
					"uv": [
						9,
						8,
						10,
						9
					],
					"texture": "#0"
				},
				"up": {
					"uv": [
						9,
						8,
						8,
						7
					],
					"texture": "#0"
				},
				"down": {
					"uv": [
						10,
						7,
						9,
						8
					],
					"texture": "#0"
				}
			}
		}
	],
	"display": {
		"head": {
			"rotation": [
				0,
				180,
				0
			]
		}
	}
}