{
	"textures": {
		"0": "animated_java:item/octopus/octo"
	},
	"elements": [
		{
			"from": [
				7,
				6.5,
				7
			],
			"to": [
				9,
				8.5,
				9
			],
			"faces": {
				"north": {
					"uv": [
						1,
						10,
						2,
						11
					],
					"texture": "#0"
				},
				"east": {
					"uv": [
						0,
						10,
						1,
						11
					],
					"texture": "#0"
				},
				"south": {
					"uv": [
						3,
						10,
						4,
						11
					],
					"texture": "#0"
				},
				"west": {
					"uv": [
						2,
						10,
						3,
						11
					],
					"texture": "#0"
				},
				"up": {
					"uv": [
						2,
						10,
						1,
						9
					],
					"texture": "#0"
				},
				"down": {
					"uv": [
						3,
						9,
						2,
						10
					],
					"texture": "#0"
				}
			}
		}
	],
	"display": {
		"head": {
			"rotation": [
				0,
				180,
				0
			]
		}
	}
}