{
	"textures": {
		"0": "animated_java:item/holily/texture"
	},
	"elements": [
		{
			"from": [
				5.5,
				10,
				2
			],
			"to": [
				10.5,
				15,
				7
			],
			"rotation": {
				"angle": 45,
				"axis": "x",
				"origin": [
					7.5,
					8,
					4
				]
			},
			"faces": {
				"north": {
					"uv": [
						2,
						5.5,
						3.25,
						6.75
					],
					"texture": "#0"
				},
				"east": {
					"uv": [
						5.75,
						3.5,
						7,
						4.75
					],
					"texture": "#0"
				},
				"south": {
					"uv": [
						5.75,
						4.75,
						7,
						6
					],
					"texture": "#0"
				},
				"west": {
					"uv": [
						0,
						6,
						1.25,
						7.25
					],
					"texture": "#0"
				},
				"up": {
					"uv": [
						7.25,
						1.25,
						6,
						0
					],
					"texture": "#0"
				},
				"down": {
					"uv": [
						7.25,
						1.25,
						6,
						2.5
					],
					"texture": "#0"
				}
			}
		}
	],
	"display": {
		"head": {
			"rotation": [
				0,
				180,
				0
			]
		}
	}
}