{
	"textures": {
		"0": "animated_java:item/holily/texture"
	},
	"elements": [
		{
			"from": [
				4,
				8,
				3
			],
			"to": [
				12,
				16,
				11
			],
			"rotation": {
				"angle": 45,
				"axis": "y",
				"origin": [
					8,
					8,
					7
				]
			},
			"faces": {
				"north": {
					"uv": [
						0,
						0,
						2,
						2
					],
					"texture": "#0"
				},
				"east": {
					"uv": [
						0,
						2,
						2,
						4
					],
					"texture": "#0"
				},
				"south": {
					"uv": [
						2,
						0,
						4,
						2
					],
					"texture": "#0"
				},
				"west": {
					"uv": [
						2,
						2,
						4,
						4
					],
					"texture": "#0"
				},
				"up": {
					"uv": [
						2,
						6,
						0,
						4
					],
					"texture": "#0"
				},
				"down": {
					"uv": [
						6,
						0,
						4,
						2
					],
					"texture": "#0"
				}
			}
		},
		{
			"from": [
				7,
				10,
				-1
			],
			"to": [
				9,
				12,
				2
			],
			"rotation": {
				"angle": 0,
				"axis": "y",
				"origin": [
					8,
					10,
					1
				]
			},
			"faces": {
				"north": {
					"uv": [
						3.25,
						7.75,
						3.75,
						8.25
					],
					"texture": "#0"
				},
				"east": {
					"uv": [
						3.25,
						5.5,
						4,
						6
					],
					"texture": "#0"
				},
				"south": {
					"uv": [
						3.75,
						7.75,
						4.25,
						8.25
					],
					"texture": "#0"
				},
				"west": {
					"uv": [
						1.25,
						6,
						2,
						6.5
					],
					"texture": "#0"
				},
				"up": {
					"uv": [
						7.75,
						2.25,
						7.25,
						1.5
					],
					"texture": "#0"
				},
				"down": {
					"uv": [
						6.5,
						7.25,
						6,
						8
					],
					"texture": "#0"
				}
			}
		},
		{
			"from": [
				0.75,
				9,
				2.0999999999999996
			],
			"to": [
				8.76,
				15.01,
				3.12
			],
			"rotation": {
				"angle": 45,
				"axis": "y",
				"origin": [
					5.75,
					9,
					2
				]
			},
			"faces": {
				"north": {
					"uv": [
						2,
						4,
						4,
						5.5
					],
					"texture": "#0"
				},
				"east": {
					"uv": [
						1,
						7.25,
						1.25,
						8.75
					],
					"texture": "#0"
				},
				"south": {
					"uv": [
						4,
						2,
						6,
						3.5
					],
					"texture": "#0"
				},
				"west": {
					"uv": [
						5.75,
						7.25,
						6,
						8.75
					],
					"texture": "#0"
				},
				"up": {
					"uv": [
						9.25,
						1.25,
						7.25,
						1
					],
					"texture": "#0"
				},
				"down": {
					"uv": [
						9.25,
						1.25,
						7.25,
						1.5
					],
					"texture": "#0"
				}
			}
		},
		{
			"from": [
				10.5,
				9,
				-0.5
			],
			"to": [
				11.5,
				15,
				6.5
			],
			"rotation": {
				"angle": 45,
				"axis": "y",
				"origin": [
					11.5,
					9,
					3.5
				]
			},
			"faces": {
				"north": {
					"uv": [
						6.5,
						7.25,
						6.75,
						8.75
					],
					"texture": "#0"
				},
				"east": {
					"uv": [
						4,
						3.5,
						5.75,
						5
					],
					"texture": "#0"
				},
				"south": {
					"uv": [
						6.75,
						7.25,
						7,
						8.75
					],
					"texture": "#0"
				},
				"west": {
					"uv": [
						4,
						5,
						5.75,
						6.5
					],
					"texture": "#0"
				},
				"up": {
					"uv": [
						0.75,
						9,
						0.5,
						7.25
					],
					"texture": "#0"
				},
				"down": {
					"uv": [
						1,
						7.25,
						0.75,
						9
					],
					"texture": "#0"
				}
			}
		}
	],
	"display": {
		"head": {
			"rotation": [
				0,
				180,
				0
			]
		}
	}
}