{
	"textures": {
		"0": "animated_java:item/holily/texture"
	},
	"elements": [
		{
			"from": [
				9,
				4.1009,
				8.18581
			],
			"to": [
				10,
				8.1009,
				8.18581
			],
			"rotation": {
				"angle": 0,
				"axis": "y",
				"origin": [
					10,
					6.1009,
					8.18581
				]
			},
			"faces": {
				"north": {
					"uv": [
						4.75,
						7.75,
						5,
						8.75
					],
					"texture": "#0"
				},
				"east": {
					"uv": [
						0,
						0,
						0,
						1
					],
					"texture": "#0"
				},
				"south": {
					"uv": [
						5,
						7.75,
						5.25,
						8.75
					],
					"texture": "#0"
				},
				"west": {
					"uv": [
						0,
						0,
						0,
						1
					],
					"texture": "#0"
				},
				"up": {
					"uv": [
						0.25,
						0,
						0,
						0
					],
					"texture": "#0"
				},
				"down": {
					"uv": [
						0.25,
						0,
						0,
						0
					],
					"texture": "#0"
				}
			}
		},
		{
			"from": [
				9,
				4.1009,
				7.18581
			],
			"to": [
				10,
				4.1009,
				8.18581
			],
			"rotation": {
				"angle": 0,
				"axis": "y",
				"origin": [
					10,
					4.1009,
					6.18581
				]
			},
			"faces": {
				"north": {
					"uv": [
						0,
						0,
						0.25,
						0
					],
					"texture": "#0"
				},
				"east": {
					"uv": [
						0,
						0,
						0.25,
						0
					],
					"texture": "#0"
				},
				"south": {
					"uv": [
						0,
						0,
						0.25,
						0
					],
					"texture": "#0"
				},
				"west": {
					"uv": [
						0,
						0,
						0.25,
						0
					],
					"texture": "#0"
				},
				"up": {
					"uv": [
						1.5,
						6.75,
						1.25,
						6.5
					],
					"texture": "#0"
				},
				"down": {
					"uv": [
						1.75,
						6.5,
						1.5,
						6.75
					],
					"texture": "#0"
				}
			}
		}
	],
	"display": {
		"head": {
			"rotation": [
				0,
				180,
				0
			]
		}
	}
}