{
	"textures": {
		"0": "animated_java:item/holily/texture"
	},
	"elements": [
		{
			"from": [
				6,
				6.00843,
				7.949999999999999
			],
			"to": [
				10,
				10.00843,
				7.949999999999999
			],
			"rotation": {
				"angle": 45,
				"axis": "x",
				"origin": [
					8.5,
					8.07843,
					8
				]
			},
			"faces": {
				"north": {
					"uv": [
						6,
						2.5,
						7,
						3.5
					],
					"texture": "#0"
				},
				"east": {
					"uv": [
						0,
						0,
						0,
						1
					],
					"texture": "#0"
				},
				"south": {
					"uv": [
						7,
						5,
						8,
						6
					],
					"texture": "#0"
				},
				"west": {
					"uv": [
						0,
						0,
						0,
						1
					],
					"texture": "#0"
				},
				"up": {
					"uv": [
						1,
						0,
						0,
						0
					],
					"texture": "#0"
				},
				"down": {
					"uv": [
						1,
						0,
						0,
						0
					],
					"texture": "#0"
				}
			}
		},
		{
			"from": [
				7,
				5.5,
				7.5
			],
			"to": [
				9,
				7.5,
				13.5
			],
			"rotation": {
				"angle": 45,
				"axis": "x",
				"origin": [
					8,
					6.5,
					9.5
				]
			},
			"faces": {
				"north": {
					"uv": [
						3.25,
						6,
						3.75,
						6.5
					],
					"texture": "#0"
				},
				"east": {
					"uv": [
						7.25,
						0,
						8.75,
						0.5
					],
					"texture": "#0"
				},
				"south": {
					"uv": [
						7.75,
						1.75,
						8.25,
						2.25
					],
					"texture": "#0"
				},
				"west": {
					"uv": [
						7.25,
						0.5,
						8.75,
						1
					],
					"texture": "#0"
				},
				"up": {
					"uv": [
						5.75,
						8,
						5.25,
						6.5
					],
					"texture": "#0"
				},
				"down": {
					"uv": [
						0.5,
						7.25,
						0,
						8.75
					],
					"texture": "#0"
				}
			}
		}
	],
	"display": {
		"head": {
			"rotation": [
				0,
				180,
				0
			]
		}
	}
}