{
	"textures": {
		"0": "animated_java:item/holily/texture"
	},
	"elements": [
		{
			"from": [
				5.95,
				3.32843,
				7.5
			],
			"to": [
				5.95,
				8.32843,
				11.5
			],
			"rotation": {
				"angle": -45,
				"axis": "x",
				"origin": [
					6,
					6.32843,
					9
				]
			},
			"faces": {
				"north": {
					"uv": [
						0,
						0,
						0,
						1.25
					],
					"texture": "#0"
				},
				"east": {
					"uv": [
						5.75,
						6,
						6.75,
						7.25
					],
					"texture": "#0"
				},
				"south": {
					"uv": [
						0,
						0,
						0,
						1.25
					],
					"texture": "#0"
				},
				"west": {
					"uv": [
						3.25,
						6.5,
						4.25,
						7.75
					],
					"texture": "#0"
				},
				"up": {
					"uv": [
						0,
						1,
						0,
						0
					],
					"texture": "#0"
				},
				"down": {
					"uv": [
						0,
						0,
						0,
						1
					],
					"texture": "#0"
				}
			}
		}
	],
	"display": {
		"head": {
			"rotation": [
				0,
				180,
				0
			]
		}
	}
}