{
	"textures": {
		"0": "animated_java:item/lumiflare/lumiflare"
	},
	"elements": [
		{
			"from": [
				7.375,
				7.25,
				7.2125
			],
			"to": [
				8.625,
				8.75,
				8.7875
			],
			"rotation": {
				"angle": -45,
				"axis": "x",
				"origin": [
					8,
					8,
					8
				]
			},
			"faces": {
				"north": {
					"uv": [
						4,
						1.75,
						4.25,
						2.25
					],
					"texture": "#0"
				},
				"east": {
					"uv": [
						3.5,
						1.75,
						4,
						2.25
					],
					"texture": "#0"
				},
				"south": {
					"uv": [
						4.75,
						1.75,
						5,
						2.25
					],
					"texture": "#0"
				},
				"west": {
					"uv": [
						4.25,
						1.75,
						4.75,
						2.25
					],
					"texture": "#0"
				},
				"up": {
					"uv": [
						4.25,
						1.75,
						4,
						1.25
					],
					"texture": "#0"
				},
				"down": {
					"uv": [
						4.5,
						1.25,
						4.25,
						1.75
					],
					"texture": "#0"
				}
			}
		}
	],
	"display": {
		"head": {
			"rotation": [
				0,
				180,
				0
			]
		}
	}
}