{
	"textures": {
		"0": "animated_java:item/lumiflare/lumiflare"
	},
	"elements": [
		{
			"from": [
				6.975,
				8.000580000000001,
				4.67537
			],
			"to": [
				9.025,
				10.000580000000001,
				8.00037
			],
			"rotation": {
				"angle": 0,
				"axis": "y",
				"origin": [
					8,
					9.000580000000001,
					3.67537
				]
			},
			"faces": {
				"north": {
					"uv": [
						2,
						1.25,
						2.5,
						1.75
					],
					"texture": "#0"
				},
				"east": {
					"uv": [
						1.25,
						1.25,
						2,
						1.75
					],
					"texture": "#0"
				},
				"south": {
					"uv": [
						3.25,
						1.25,
						3.75,
						1.75
					],
					"texture": "#0"
				},
				"west": {
					"uv": [
						2.5,
						1.25,
						3.25,
						1.75
					],
					"texture": "#0"
				},
				"up": {
					"uv": [
						2.5,
						1.25,
						2,
						0.5
					],
					"texture": "#0"
				},
				"down": {
					"uv": [
						3,
						0.5,
						2.5,
						1.25
					],
					"texture": "#0"
				}
			}
		}
	],
	"display": {
		"head": {
			"rotation": [
				0,
				180,
				0
			]
		}
	}
}