{
	"textures": {
		"0": "animated_java:item/lumiflare/lumiflare"
	},
	"elements": [
		{
			"from": [
				7.135,
				7.01,
				10.084999999999999
			],
			"to": [
				7.99,
				8.99,
				13.29
			],
			"rotation": {
				"angle": 0,
				"axis": "y",
				"origin": [
					7,
					8,
					9
				]
			},
			"faces": {
				"north": {
					"uv": [
						0.75,
						0.75,
						1,
						1.25
					],
					"texture": "#0"
				},
				"east": {
					"uv": [
						0,
						0.75,
						0.75,
						1.25
					],
					"texture": "#0"
				},
				"south": {
					"uv": [
						1.75,
						0.75,
						2,
						1.25
					],
					"texture": "#0"
				},
				"west": {
					"uv": [
						1,
						0.75,
						1.75,
						1.25
					],
					"texture": "#0"
				},
				"up": {
					"uv": [
						1,
						0.75,
						0.75,
						0
					],
					"texture": "#0"
				},
				"down": {
					"uv": [
						1.25,
						0,
						1,
						0.75
					],
					"texture": "#0"
				}
			}
		}
	],
	"display": {
		"head": {
			"rotation": [
				0,
				180,
				0
			]
		}
	}
}