{
	"textures": {
		"0": "animated_java:item/lumiflare/lumiflare"
	},
	"elements": [
		{
			"from": [
				8,
				8,
				8
			],
			"to": [
				8.5,
				8,
				10.75
			],
			"rotation": {
				"angle": 0,
				"axis": "y",
				"origin": [
					8,
					8,
					8.25
				]
			},
			"faces": {
				"up": {
					"uv": [
						1.5,
						12.5,
						1.75,
						13.25
					],
					"texture": "#0"
				},
				"down": {
					"uv": [
						1.5,
						13.25,
						1.75,
						12.5
					],
					"texture": "#0"
				}
			}
		},
		{
			"from": [
				8.68711,
				7.98,
				10.93711
			],
			"to": [
				9.72711,
				8.02,
				11.47711
			],
			"rotation": {
				"angle": 22.5,
				"axis": "y",
				"origin": [
					8.70711,
					8,
					11.45711
				]
			},
			"faces": {
				"up": {
					"uv": [
						1.5,
						14.25,
						1.75,
						14
					],
					"rotation": 90,
					"texture": "#0"
				},
				"down": {
					"uv": [
						1.75,
						14.25,
						1.5,
						14
					],
					"rotation": 90,
					"texture": "#0"
				}
			}
		},
		{
			"from": [
				8.88099,
				8,
				10.32442
			],
			"to": [
				9.63099,
				8,
				10.82442
			],
			"rotation": {
				"angle": -22.5,
				"axis": "y",
				"origin": [
					9.63099,
					8,
					10.32442
				]
			},
			"faces": {
				"up": {
					"uv": [
						1.5,
						15,
						1.75,
						15.25
					],
					"rotation": 90,
					"texture": "#0"
				},
				"down": {
					"uv": [
						1.75,
						15,
						1.5,
						15.25
					],
					"rotation": 90,
					"texture": "#0"
				}
			}
		},
		{
			"from": [
				9.120989999999999,
				7.99,
				10.31442
			],
			"to": [
				9.64099,
				8.01,
				11.084419999999998
			],
			"rotation": {
				"angle": 0,
				"axis": "y",
				"origin": [
					9.63099,
					8,
					11.07442
				]
			},
			"faces": {
				"up": {
					"uv": [
						1.5,
						14.75,
						1.75,
						14.5
					],
					"texture": "#0"
				},
				"down": {
					"uv": [
						1.5,
						14.5,
						1.75,
						14.75
					],
					"texture": "#0"
				}
			}
		},
		{
			"from": [
				7.99,
				7.99,
				10.74
			],
			"to": [
				8.51,
				8.01,
				11.759999999999998
			],
			"rotation": {
				"angle": 45,
				"axis": "y",
				"origin": [
					8,
					8,
					10.75
				]
			},
			"faces": {
				"up": {
					"uv": [
						1.5,
						13.5,
						1.75,
						13.75
					],
					"texture": "#0"
				},
				"down": {
					"uv": [
						1.5,
						13.75,
						1.75,
						13.5
					],
					"texture": "#0"
				}
			}
		}
	],
	"display": {
		"head": {
			"rotation": [
				0,
				180,
				0
			]
		}
	}
}