{
	"textures": {
		"0": "animated_java:item/lumiflare/lumiflare"
	},
	"elements": [
		{
			"from": [
				6.36901,
				8,
				10.32442
			],
			"to": [
				7.11901,
				8,
				10.82442
			],
			"rotation": {
				"angle": 22.5,
				"axis": "y",
				"origin": [
					6.36901,
					8,
					10.32442
				]
			},
			"faces": {
				"up": {
					"uv": [
						1.75,
						15.25,
						2,
						15
					],
					"rotation": 90,
					"texture": "#0"
				},
				"down": {
					"uv": [
						2,
						15.25,
						1.75,
						15
					],
					"rotation": 90,
					"texture": "#0"
				}
			}
		},
		{
			"from": [
				7.5,
				8,
				8
			],
			"to": [
				8,
				8,
				10.75
			],
			"rotation": {
				"angle": 0,
				"axis": "y",
				"origin": [
					8,
					8,
					8.25
				]
			},
			"faces": {
				"up": {
					"uv": [
						2,
						12.5,
						1.75,
						13.25
					],
					"texture": "#0"
				},
				"down": {
					"uv": [
						2,
						13.25,
						1.75,
						12.5
					],
					"texture": "#0"
				}
			}
		},
		{
			"from": [
				6.27289,
				7.98,
				10.93711
			],
			"to": [
				7.31289,
				8.02,
				11.47711
			],
			"rotation": {
				"angle": -22.5,
				"axis": "y",
				"origin": [
					7.29289,
					8,
					11.45711
				]
			},
			"faces": {
				"up": {
					"uv": [
						1.75,
						14,
						2,
						14.25
					],
					"rotation": 90,
					"texture": "#0"
				},
				"down": {
					"uv": [
						2,
						14,
						1.75,
						14.25
					],
					"rotation": 90,
					"texture": "#0"
				}
			}
		},
		{
			"from": [
				6.35901,
				7.99,
				10.31442
			],
			"to": [
				6.87901,
				8.01,
				11.084419999999998
			],
			"rotation": {
				"angle": 0,
				"axis": "y",
				"origin": [
					6.36901,
					8,
					11.07442
				]
			},
			"faces": {
				"up": {
					"uv": [
						2,
						14.75,
						1.75,
						14.5
					],
					"texture": "#0"
				},
				"down": {
					"uv": [
						2,
						14.5,
						1.75,
						14.75
					],
					"texture": "#0"
				}
			}
		},
		{
			"from": [
				7.49,
				7.99,
				10.74
			],
			"to": [
				8.01,
				8.01,
				11.759999999999998
			],
			"rotation": {
				"angle": -45,
				"axis": "y",
				"origin": [
					8,
					8,
					10.75
				]
			},
			"faces": {
				"up": {
					"uv": [
						2,
						13.5,
						1.75,
						13.75
					],
					"texture": "#0"
				},
				"down": {
					"uv": [
						2,
						13.75,
						1.75,
						13.5
					],
					"texture": "#0"
				}
			}
		}
	],
	"display": {
		"head": {
			"rotation": [
				0,
				180,
				0
			]
		}
	}
}