{
	"textures": {
		"0": "animated_java:item/lumiflare/lumiflare"
	},
	"elements": [
		{
			"from": [
				5.5,
				4.00164,
				7.9846200000000005
			],
			"to": [
				10.5,
				-0.9983599999999999,
				12.98462
			],
			"rotation": {
				"angle": 0,
				"axis": "y",
				"origin": [
					8,
					8,
					8
				]
			},
			"faces": {
				"north": {
					"uv": [
						12.25,
						6.25,
						13.5,
						7.5
					],
					"texture": "#0"
				},
				"east": {
					"uv": [
						11,
						6.25,
						12.25,
						7.5
					],
					"texture": "#0"
				},
				"south": {
					"uv": [
						14.75,
						6.25,
						16,
						7.5
					],
					"texture": "#0"
				},
				"west": {
					"uv": [
						13.5,
						6.25,
						14.75,
						7.5
					],
					"texture": "#0"
				},
				"up": {
					"uv": [
						13.5,
						6.25,
						12.25,
						5
					],
					"texture": "#0"
				},
				"down": {
					"uv": [
						14.75,
						5,
						13.5,
						6.25
					],
					"texture": "#0"
				}
			}
		}
	],
	"display": {
		"head": {
			"rotation": [
				0,
				180,
				0
			]
		}
	}
}