{
	"textures": {
		"0": "animated_java:item/lumiflare/lumiflare"
	},
	"elements": [
		{
			"from": [
				5.3,
				-1.1983599999999992,
				7.78462
			],
			"to": [
				10.7,
				4.201639999999999,
				13.184619999999999
			],
			"rotation": {
				"angle": 0,
				"axis": "y",
				"origin": [
					8,
					3,
					8
				]
			},
			"faces": {
				"north": {
					"uv": [
						4.25,
						3,
						4.5,
						3.25
					],
					"texture": "#0"
				},
				"east": {
					"uv": [
						4.25,
						3,
						4.5,
						3.25
					],
					"texture": "#0"
				},
				"south": {
					"uv": [
						4.25,
						3,
						4.5,
						3.25
					],
					"texture": "#0"
				},
				"west": {
					"uv": [
						4.25,
						3,
						4.5,
						3.25
					],
					"texture": "#0"
				},
				"up": {
					"uv": [
						4.25,
						3,
						4.5,
						3.25
					],
					"texture": "#0"
				},
				"down": {
					"uv": [
						4.25,
						3,
						4.5,
						3.25
					],
					"texture": "#0"
				}
			}
		}
	],
	"display": {
		"head": {
			"rotation": [
				0,
				180,
				0
			]
		}
	}
}