{
	"textures": {
		"0": "animated_java:item/abysculk/abysculk"
	},
	"elements": [
		{
			"from": [
				3,
				8,
				8
			],
			"to": [
				13,
				8,
				12
			],
			"rotation": {
				"angle": 0,
				"axis": "y",
				"origin": [
					8,
					8,
					8
				]
			},
			"faces": {
				"north": {
					"uv": [
						0,
						0,
						2.5,
						0
					],
					"texture": "#0"
				},
				"east": {
					"uv": [
						0,
						0,
						1,
						0
					],
					"texture": "#0"
				},
				"south": {
					"uv": [
						0,
						0,
						2.5,
						0
					],
					"texture": "#0"
				},
				"west": {
					"uv": [
						0,
						0,
						1,
						0
					],
					"texture": "#0"
				},
				"up": {
					"uv": [
						6.5,
						8,
						4,
						7
					],
					"texture": "#0"
				},
				"down": {
					"uv": [
						9,
						7,
						6.5,
						8
					],
					"texture": "#0"
				}
			}
		}
	],
	"display": {
		"head": {
			"rotation": [
				0,
				180,
				0
			]
		}
	}
}