{
	"textures": {
		"0": "animated_java:item/abysculk/abysculk"
	},
	"elements": [
		{
			"from": [
				7,
				1,
				8
			],
			"to": [
				12,
				8,
				8
			],
			"rotation": {
				"angle": 0,
				"axis": "y",
				"origin": [
					9.5,
					8,
					8
				]
			},
			"faces": {
				"north": {
					"uv": [
						3.25,
						8,
						4.5,
						9.75
					],
					"texture": "#0"
				},
				"east": {
					"uv": [
						0,
						0,
						0,
						1.75
					],
					"texture": "#0"
				},
				"south": {
					"uv": [
						4.5,
						8,
						5.75,
						9.75
					],
					"texture": "#0"
				},
				"west": {
					"uv": [
						0,
						0,
						0,
						1.75
					],
					"texture": "#0"
				},
				"up": {
					"uv": [
						1.25,
						0,
						0,
						0
					],
					"texture": "#0"
				},
				"down": {
					"uv": [
						1.25,
						0,
						0,
						0
					],
					"texture": "#0"
				}
			}
		}
	],
	"display": {
		"head": {
			"rotation": [
				0,
				180,
				0
			]
		}
	}
}