{
	"textures": {
		"0": "animated_java:item/abysculk/abysculk"
	},
	"elements": [
		{
			"from": [
				3,
				5,
				0
			],
			"to": [
				13,
				12,
				8
			],
			"rotation": {
				"angle": 0,
				"axis": "y",
				"origin": [
					8,
					5,
					7
				]
			},
			"faces": {
				"north": {
					"uv": [
						2.5,
						0,
						5,
						1.75
					],
					"texture": "#0"
				},
				"east": {
					"uv": [
						4.5,
						3.5,
						6.5,
						5.25
					],
					"texture": "#0"
				},
				"south": {
					"uv": [
						2.5,
						1.75,
						5,
						3.5
					],
					"texture": "#0"
				},
				"west": {
					"uv": [
						5,
						0,
						7,
						1.75
					],
					"texture": "#0"
				},
				"up": {
					"uv": [
						2.5,
						2,
						0,
						0
					],
					"texture": "#0"
				},
				"down": {
					"uv": [
						2.5,
						2,
						0,
						4
					],
					"texture": "#0"
				}
			}
		}
	],
	"display": {
		"head": {
			"rotation": [
				0,
				180,
				0
			]
		}
	}
}