{
	"textures": {
		"0": "animated_java:item/abysculk/abysculk"
	},
	"elements": [
		{
			"from": [
				5,
				-1,
				6.5
			],
			"to": [
				8,
				10,
				9.5
			],
			"rotation": {
				"angle": 0,
				"axis": "y",
				"origin": [
					6,
					-2,
					8.5
				]
			},
			"faces": {
				"north": {
					"uv": [
						8,
						8,
						8.75,
						10.75
					],
					"texture": "#0"
				},
				"east": {
					"uv": [
						8.5,
						3.5,
						9.25,
						6.25
					],
					"texture": "#0"
				},
				"south": {
					"uv": [
						8.75,
						8,
						9.5,
						10.75
					],
					"texture": "#0"
				},
				"west": {
					"uv": [
						9,
						0,
						9.75,
						2.75
					],
					"texture": "#0"
				},
				"up": {
					"uv": [
						10.5,
						7.25,
						9.75,
						6.5
					],
					"texture": "#0"
				},
				"down": {
					"uv": [
						2.75,
						10,
						2,
						10.75
					],
					"texture": "#0"
				}
			}
		}
	],
	"display": {
		"head": {
			"rotation": [
				0,
				180,
				0
			]
		}
	}
}