{
	"textures": {
		"0": "animated_java:item/abysculk/abysculk"
	},
	"elements": [
		{
			"from": [
				7.25,
				7,
				8
			],
			"to": [
				9.25,
				9,
				12
			],
			"rotation": {
				"angle": 0,
				"axis": "y",
				"origin": [
					8.25,
					8,
					8
				]
			},
			"faces": {
				"north": {
					"uv": [
						2,
						5,
						2.5,
						5.5
					],
					"texture": "#0"
				},
				"east": {
					"uv": [
						9.75,
						2.25,
						10.75,
						2.75
					],
					"texture": "#0"
				},
				"south": {
					"uv": [
						4,
						6.5,
						4.5,
						7
					],
					"texture": "#0"
				},
				"west": {
					"uv": [
						10,
						2.75,
						11,
						3.25
					],
					"texture": "#0"
				},
				"up": {
					"uv": [
						2.5,
						5,
						2,
						4
					],
					"texture": "#0"
				},
				"down": {
					"uv": [
						4.5,
						5.5,
						4,
						6.5
					],
					"texture": "#0"
				}
			}
		}
	],
	"display": {
		"head": {
			"rotation": [
				0,
				180,
				0
			]
		}
	}
}