{
	"textures": {
		"0": "animated_java:item/glowlume/glowlume"
	},
	"elements": [
		{
			"from": [
				8.1591,
				6.3408999999999995,
				8.075
			],
			"to": [
				8.4591,
				7.8408999999999995,
				8.075
			],
			"rotation": {
				"angle": 0,
				"axis": "y",
				"origin": [
					7.9341,
					6.3408999999999995,
					8
				]
			},
			"faces": {
				"north": {
					"uv": [
						5.5,
						15,
						6,
						16
					],
					"texture": "#0"
				},
				"south": {
					"uv": [
						5.5,
						15,
						6,
						16
					],
					"texture": "#0"
				}
			}
		},
		{
			"from": [
				8.75553,
				8.03411,
				8.055
			],
			"to": [
				9.54553,
				8.37411,
				8.095
			],
			"rotation": {
				"angle": -22.5,
				"axis": "z",
				"origin": [
					8.77553,
					8.57911,
					8
				]
			},
			"faces": {
				"north": {
					"uv": [
						5.5,
						14,
						6,
						14.5
					],
					"texture": "#0"
				},
				"south": {
					"uv": [
						5.5,
						14,
						6,
						14.5
					],
					"texture": "#0"
				}
			}
		},
		{
			"from": [
				8.96844,
				7.60135,
				8.075
			],
			"to": [
				9.46844,
				7.901350000000001,
				8.075
			],
			"rotation": {
				"angle": 22.5,
				"axis": "z",
				"origin": [
					9.46844,
					7.37635,
					8
				]
			},
			"faces": {
				"north": {
					"uv": [
						5.5,
						13,
						6,
						13.5
					],
					"texture": "#0"
				},
				"south": {
					"uv": [
						5.5,
						13,
						6,
						13.5
					],
					"texture": "#0"
				}
			}
		},
		{
			"from": [
				9.07234,
				7.57422,
				8.065
			],
			"to": [
				9.39234,
				8.09422,
				8.085
			],
			"rotation": {
				"angle": 0,
				"axis": "y",
				"origin": [
					9.60734,
					8.08422,
					8
				]
			},
			"faces": {
				"north": {
					"uv": [
						5.5,
						13.5,
						6,
						14
					],
					"texture": "#0"
				},
				"south": {
					"uv": [
						5.5,
						13.5,
						6,
						14
					],
					"texture": "#0"
				}
			}
		},
		{
			"from": [
				8.215,
				7.99,
				8.065
			],
			"to": [
				8.535,
				8.76,
				8.085
			],
			"rotation": {
				"angle": -45,
				"axis": "z",
				"origin": [
					8,
					8,
					8
				]
			},
			"faces": {
				"north": {
					"uv": [
						5.5,
						14.5,
						6,
						15
					],
					"texture": "#0"
				},
				"south": {
					"uv": [
						5.5,
						14.5,
						6,
						15
					],
					"texture": "#0"
				}
			}
		}
	],
	"display": {
		"head": {
			"rotation": [
				0,
				180,
				0
			]
		}
	}
}