{
	"textures": {
		"0": "animated_java:item/glowlume/glowlume"
	},
	"elements": [
		{
			"from": [
				7.71768,
				6.517669999999999,
				8.075
			],
			"to": [
				8.01768,
				8.017669999999999,
				8.075
			],
			"rotation": {
				"angle": 0,
				"axis": "y",
				"origin": [
					7.99268,
					6.517669999999999,
					8
				]
			},
			"faces": {
				"north": {
					"uv": [
						6,
						15,
						6.5,
						16
					],
					"texture": "#0"
				},
				"south": {
					"uv": [
						6,
						15,
						6.5,
						16
					],
					"texture": "#0"
				}
			}
		},
		{
			"from": [
				6.72692,
				8.22991,
				8.055
			],
			"to": [
				7.51692,
				8.569909999999998,
				8.095
			],
			"rotation": {
				"angle": 22.5,
				"axis": "z",
				"origin": [
					7.49692,
					8.52491,
					8
				]
			},
			"faces": {
				"north": {
					"uv": [
						6,
						14,
						6.5,
						14.5
					],
					"texture": "#0"
				},
				"south": {
					"uv": [
						6,
						14,
						6.5,
						14.5
					],
					"texture": "#0"
				}
			}
		},
		{
			"from": [
				6.80401,
				7.759089999999999,
				8.075
			],
			"to": [
				7.30401,
				8.05909,
				8.075
			],
			"rotation": {
				"angle": -22.5,
				"axis": "z",
				"origin": [
					6.80401,
					7.784089999999999,
					8
				]
			},
			"faces": {
				"north": {
					"uv": [
						6,
						13,
						6.5,
						13.5
					],
					"texture": "#0"
				},
				"south": {
					"uv": [
						6,
						13,
						6.5,
						13.5
					],
					"texture": "#0"
				}
			}
		},
		{
			"from": [
				6.78444,
				7.75099,
				8.065
			],
			"to": [
				7.10444,
				8.27099,
				8.085
			],
			"rotation": {
				"angle": 0,
				"axis": "y",
				"origin": [
					6.81944,
					8.26099,
					8
				]
			},
			"faces": {
				"north": {
					"uv": [
						6,
						13.5,
						6.5,
						14
					],
					"texture": "#0"
				},
				"south": {
					"uv": [
						6,
						13.5,
						6.5,
						14
					],
					"texture": "#0"
				}
			}
		},
		{
			"from": [
				7.715,
				7.99,
				8.065
			],
			"to": [
				8.035,
				8.76,
				8.085
			],
			"rotation": {
				"angle": 45,
				"axis": "z",
				"origin": [
					8,
					8,
					8
				]
			},
			"faces": {
				"north": {
					"uv": [
						6,
						14.5,
						6.5,
						15
					],
					"texture": "#0"
				},
				"south": {
					"uv": [
						6,
						14.5,
						6.5,
						15
					],
					"texture": "#0"
				}
			}
		}
	],
	"display": {
		"head": {
			"rotation": [
				0,
				180,
				0
			]
		}
	}
}