{
	"textures": {
		"0": "animated_java:item/glowlume/glowlume"
	},
	"elements": [
		{
			"from": [
				7.375,
				7.25,
				7.2125
			],
			"to": [
				8.625,
				8.75,
				8.7875
			],
			"rotation": {
				"angle": -45,
				"axis": "x",
				"origin": [
					8,
					8,
					8
				]
			},
			"faces": {
				"north": {
					"uv": [
						1,
						3.5,
						1.5,
						4.5
					],
					"texture": "#0"
				},
				"east": {
					"uv": [
						0,
						3.5,
						1,
						4.5
					],
					"texture": "#0"
				},
				"south": {
					"uv": [
						2.5,
						3.5,
						3,
						4.5
					],
					"texture": "#0"
				},
				"west": {
					"uv": [
						1.5,
						3.5,
						2.5,
						4.5
					],
					"texture": "#0"
				},
				"up": {
					"uv": [
						1.5,
						3.5,
						1,
						2.5
					],
					"texture": "#0"
				},
				"down": {
					"uv": [
						2,
						2.5,
						1.5,
						3.5
					],
					"texture": "#0"
				}
			}
		}
	],
	"display": {
		"head": {
			"rotation": [
				0,
				180,
				0
			]
		}
	}
}