{
	"textures": {
		"0": "animated_java:item/glowlume/glowlume"
	},
	"elements": [
		{
			"from": [
				6.975,
				7.144909999999999,
				4.73046
			],
			"to": [
				9.025,
				9.14491,
				8.05546
			],
			"rotation": {
				"angle": 0,
				"axis": "y",
				"origin": [
					8,
					8.14491,
					3.73046
				]
			},
			"faces": {
				"north": {
					"uv": [
						4,
						2.5,
						5,
						3.5
					],
					"texture": "#0"
				},
				"east": {
					"uv": [
						2.5,
						2.5,
						4,
						3.5
					],
					"texture": "#0"
				},
				"south": {
					"uv": [
						6.5,
						2.5,
						7.5,
						3.5
					],
					"texture": "#0"
				},
				"west": {
					"uv": [
						5,
						2.5,
						6.5,
						3.5
					],
					"texture": "#0"
				},
				"up": {
					"uv": [
						5,
						2.5,
						4,
						1
					],
					"texture": "#0"
				},
				"down": {
					"uv": [
						6,
						1,
						5,
						2.5
					],
					"texture": "#0"
				}
			}
		}
	],
	"display": {
		"head": {
			"rotation": [
				0,
				180,
				0
			]
		}
	}
}