{
	"textures": {
		"0": "animated_java:item/glowlume/glowlume"
	},
	"elements": [
		{
			"from": [
				6.75,
				8.00164,
				7.98462
			],
			"to": [
				9.25,
				10.00164,
				10.48462
			],
			"rotation": {
				"angle": 0,
				"axis": "y",
				"origin": [
					8,
					8,
					8
				]
			},
			"faces": {
				"north": {
					"uv": [
						4.5,
						10.5,
						5.5,
						11.5
					],
					"texture": "#0"
				},
				"east": {
					"uv": [
						3.5,
						10.5,
						4.5,
						11.5
					],
					"texture": "#0"
				},
				"south": {
					"uv": [
						6.5,
						10.5,
						7.5,
						11.5
					],
					"texture": "#0"
				},
				"west": {
					"uv": [
						5.5,
						10.5,
						6.5,
						11.5
					],
					"texture": "#0"
				},
				"up": {
					"uv": [
						5.5,
						10.5,
						4.5,
						9.5
					],
					"texture": "#0"
				},
				"down": {
					"uv": [
						6.5,
						9.5,
						5.5,
						10.5
					],
					"texture": "#0"
				}
			}
		}
	],
	"display": {
		"head": {
			"rotation": [
				0,
				180,
				0
			]
		}
	}
}