{
	"textures": {
		"0": "animated_java:item/glowlume/glowlume"
	},
	"elements": [
		{
			"from": [
				6.65,
				6.9,
				6.65
			],
			"to": [
				9.35,
				9.1,
				9.35
			],
			"rotation": {
				"angle": 0,
				"axis": "y",
				"origin": [
					8,
					6.99836,
					6.76538
				]
			},
			"faces": {
				"north": {
					"uv": [
						15,
						15.5,
						15.5,
						16
					],
					"texture": "#0"
				},
				"east": {
					"uv": [
						15,
						15.5,
						15.5,
						16
					],
					"texture": "#0"
				},
				"south": {
					"uv": [
						15,
						15.5,
						15.5,
						16
					],
					"texture": "#0"
				},
				"west": {
					"uv": [
						15,
						15.5,
						15.5,
						16
					],
					"texture": "#0"
				},
				"up": {
					"uv": [
						15,
						15.5,
						15.5,
						16
					],
					"texture": "#0"
				},
				"down": {
					"uv": [
						15,
						15.5,
						15.5,
						16
					],
					"texture": "#0"
				}
			}
		}
	],
	"display": {
		"head": {
			"rotation": [
				0,
				180,
				0
			]
		}
	}
}