{
	"textures": {
		"0": "animated_java:item/glowlume/glowlume"
	},
	"elements": [
		{
			"from": [
				6.75,
				8.00164,
				7.98462
			],
			"to": [
				9.25,
				10.00164,
				10.48462
			],
			"rotation": {
				"angle": 0,
				"axis": "y",
				"origin": [
					8,
					8,
					8
				]
			},
			"faces": {
				"north": {
					"uv": [
						1,
						9.5,
						2,
						10.5
					],
					"texture": "#0"
				},
				"east": {
					"uv": [
						0,
						9.5,
						1,
						10.5
					],
					"texture": "#0"
				},
				"south": {
					"uv": [
						3,
						9.5,
						4,
						10.5
					],
					"texture": "#0"
				},
				"west": {
					"uv": [
						2,
						9.5,
						3,
						10.5
					],
					"texture": "#0"
				},
				"up": {
					"uv": [
						2,
						9.5,
						1,
						8.5
					],
					"texture": "#0"
				},
				"down": {
					"uv": [
						3,
						8.5,
						2,
						9.5
					],
					"texture": "#0"
				}
			}
		}
	],
	"display": {
		"head": {
			"rotation": [
				0,
				180,
				0
			]
		}
	}
}