{
	"textures": {
		"0": "animated_java:item/glowlume/glowlume"
	},
	"elements": [
		{
			"from": [
				8,
				8.00164,
				6.98462
			],
			"to": [
				12,
				8.00164,
				9.98462
			],
			"rotation": {
				"angle": 0,
				"axis": "y",
				"origin": [
					8,
					8,
					8
				]
			},
			"faces": {
				"up": {
					"uv": [
						3.5,
						14,
						1.5,
						12.5
					],
					"texture": "#0"
				},
				"down": {
					"uv": [
						5.5,
						12.5,
						3.5,
						14
					],
					"texture": "#0"
				}
			}
		}
	],
	"display": {
		"head": {
			"rotation": [
				0,
				180,
				0
			]
		}
	}
}