{
	"textures": {
		"0": "animated_java:item/chascada/mediumoctopus"
	},
	"elements": [
		{
			"from": [
				7,
				8,
				9
			],
			"to": [
				9,
				10,
				15
			],
			"rotation": {
				"angle": 0,
				"axis": "y",
				"origin": [
					8,
					8,
					14
				]
			},
			"faces": {
				"north": {
					"uv": [
						11.5,
						3.5,
						12,
						4
					],
					"texture": "#0"
				},
				"east": {
					"uv": [
						10,
						3.5,
						11.5,
						4
					],
					"texture": "#0"
				},
				"south": {
					"uv": [
						13.5,
						3.5,
						14,
						4
					],
					"texture": "#0"
				},
				"west": {
					"uv": [
						12,
						3.5,
						13.5,
						4
					],
					"texture": "#0"
				},
				"up": {
					"uv": [
						12,
						3.5,
						11.5,
						2
					],
					"texture": "#0"
				},
				"down": {
					"uv": [
						12.5,
						2,
						12,
						3.5
					],
					"texture": "#0"
				}
			}
		}
	],
	"display": {
		"head": {
			"rotation": [
				0,
				180,
				0
			]
		}
	}
}