{
	"textures": {
		"0": "animated_java:item/chascada/mediumoctopus"
	},
	"elements": [
		{
			"from": [
				6,
				6,
				2
			],
			"to": [
				10,
				9,
				8
			],
			"rotation": {
				"angle": 0,
				"axis": "y",
				"origin": [
					8,
					7,
					7
				]
			},
			"faces": {
				"north": {
					"uv": [
						7,
						6.25,
						8,
						7
					],
					"texture": "#0"
				},
				"east": {
					"uv": [
						5.5,
						6.25,
						7,
						7
					],
					"texture": "#0"
				},
				"south": {
					"uv": [
						9.5,
						6.25,
						10.5,
						7
					],
					"texture": "#0"
				},
				"west": {
					"uv": [
						8,
						6.25,
						9.5,
						7
					],
					"texture": "#0"
				},
				"up": {
					"uv": [
						8,
						6.25,
						7,
						4.75
					],
					"texture": "#0"
				},
				"down": {
					"uv": [
						9,
						4.75,
						8,
						6.25
					],
					"texture": "#0"
				}
			}
		}
	],
	"display": {
		"head": {
			"rotation": [
				0,
				180,
				0
			]
		}
	}
}