{
	"textures": {
		"0": "animated_java:item/chascada/mediumoctopus"
	},
	"elements": [
		{
			"from": [
				6.5,
				7,
				2
			],
			"to": [
				9.5,
				9,
				8
			],
			"rotation": {
				"angle": 0,
				"axis": "y",
				"origin": [
					8.5,
					7,
					7
				]
			},
			"faces": {
				"north": {
					"uv": [
						1.5,
						11,
						2.25,
						11.5
					],
					"texture": "#0"
				},
				"east": {
					"uv": [
						0,
						11,
						1.5,
						11.5
					],
					"texture": "#0"
				},
				"south": {
					"uv": [
						3.75,
						11,
						4.5,
						11.5
					],
					"texture": "#0"
				},
				"west": {
					"uv": [
						2.25,
						11,
						3.75,
						11.5
					],
					"texture": "#0"
				},
				"up": {
					"uv": [
						2.25,
						11,
						1.5,
						9.5
					],
					"texture": "#0"
				},
				"down": {
					"uv": [
						3,
						9.5,
						2.25,
						11
					],
					"texture": "#0"
				}
			}
		}
	],
	"display": {
		"head": {
			"rotation": [
				0,
				180,
				0
			]
		}
	}
}