{
	"textures": {
		"0": "animated_java:item/chascada/mediumoctopus"
	},
	"elements": [
		{
			"from": [
				7,
				7,
				2
			],
			"to": [
				9,
				9,
				9
			],
			"rotation": {
				"angle": 0,
				"axis": "y",
				"origin": [
					8,
					7,
					7
				]
			},
			"faces": {
				"north": {
					"uv": [
						1.75,
						9,
						2.25,
						9.5
					],
					"texture": "#0"
				},
				"east": {
					"uv": [
						0,
						9,
						1.75,
						9.5
					],
					"texture": "#0"
				},
				"south": {
					"uv": [
						4,
						9,
						4.5,
						9.5
					],
					"texture": "#0"
				},
				"west": {
					"uv": [
						2.25,
						9,
						4,
						9.5
					],
					"texture": "#0"
				},
				"up": {
					"uv": [
						2.25,
						9,
						1.75,
						7.25
					],
					"texture": "#0"
				},
				"down": {
					"uv": [
						2.75,
						7.25,
						2.25,
						9
					],
					"texture": "#0"
				}
			}
		}
	],
	"display": {
		"head": {
			"rotation": [
				0,
				180,
				0
			]
		}
	}
}