{
	"textures": {
		"0": "animated_java:item/gravodile/gravodile"
	},
	"elements": [
		{
			"from": [
				2,
				3.5,
				6.25
			],
			"to": [
				8,
				8,
				9.75
			],
			"rotation": {
				"angle": 22.5,
				"axis": "z",
				"origin": [
					8,
					8,
					8
				]
			},
			"faces": {
				"north": {
					"uv": [
						6.125,
						2.5,
						6.875,
						3
					],
					"texture": "#0"
				},
				"east": {
					"uv": [
						5.75,
						2.5,
						6.125,
						3
					],
					"texture": "#0"
				},
				"south": {
					"uv": [
						7.25,
						2.5,
						8,
						3
					],
					"texture": "#0"
				},
				"west": {
					"uv": [
						6.875,
						2.5,
						7.25,
						3
					],
					"texture": "#0"
				},
				"up": {
					"uv": [
						6.875,
						2.5,
						6.125,
						2.125
					],
					"texture": "#0"
				},
				"down": {
					"uv": [
						7.625,
						2.125,
						6.875,
						2.5
					],
					"texture": "#0"
				}
			}
		}
	],
	"display": {
		"head": {
			"rotation": [
				0,
				180,
				0
			]
		}
	}
}