{
	"textures": {
		"0": "animated_java:item/gravodile/gravodile"
	},
	"elements": [
		{
			"from": [
				6.01,
				4.26,
				6.51
			],
			"to": [
				9.990000000000002,
				8.24,
				7.99
			],
			"rotation": {
				"angle": 0,
				"axis": "y",
				"origin": [
					8,
					6.25,
					7.25
				]
			},
			"faces": {
				"north": {
					"uv": [
						4.375,
						8,
						3.875,
						8.5
					],
					"texture": "#0"
				},
				"east": {
					"uv": [
						4.5,
						8,
						4.375,
						8.5
					],
					"texture": "#0"
				},
				"south": {
					"uv": [
						5,
						8,
						4.5,
						8.5
					],
					"texture": "#0"
				},
				"west": {
					"uv": [
						3.875,
						8,
						3.75,
						8.5
					],
					"texture": "#0"
				},
				"up": {
					"uv": [
						3.875,
						8,
						4.375,
						7.875
					],
					"texture": "#0"
				},
				"down": {
					"uv": [
						4.375,
						7.875,
						4.875,
						8
					],
					"texture": "#0"
				}
			}
		},
		{
			"from": [
				8.5,
				3.5,
				7
			],
			"to": [
				9.5,
				4.5,
				8
			],
			"rotation": {
				"angle": 0,
				"axis": "y",
				"origin": [
					9,
					4,
					7.5
				]
			},
			"faces": {
				"north": {
					"uv": [
						5.75,
						5.25,
						5.625,
						5.375
					],
					"texture": "#0"
				},
				"east": {
					"uv": [
						5.875,
						5.25,
						5.75,
						5.375
					],
					"texture": "#0"
				},
				"south": {
					"uv": [
						6,
						5.25,
						5.875,
						5.375
					],
					"texture": "#0"
				},
				"west": {
					"uv": [
						5.625,
						5.25,
						5.5,
						5.375
					],
					"texture": "#0"
				},
				"up": {
					"uv": [
						5.625,
						5.25,
						5.75,
						5.125
					],
					"texture": "#0"
				},
				"down": {
					"uv": [
						5.75,
						5.125,
						5.875,
						5.25
					],
					"texture": "#0"
				}
			}
		},
		{
			"from": [
				6.5,
				3.5,
				7
			],
			"to": [
				7.5,
				4.5,
				8
			],
			"rotation": {
				"angle": 0,
				"axis": "y",
				"origin": [
					7,
					4,
					7.5
				]
			},
			"faces": {
				"north": {
					"uv": [
						5.75,
						5.25,
						5.625,
						5.375
					],
					"texture": "#0"
				},
				"east": {
					"uv": [
						5.875,
						5.25,
						5.75,
						5.375
					],
					"texture": "#0"
				},
				"south": {
					"uv": [
						6,
						5.25,
						5.875,
						5.375
					],
					"texture": "#0"
				},
				"west": {
					"uv": [
						5.625,
						5.25,
						5.5,
						5.375
					],
					"texture": "#0"
				},
				"up": {
					"uv": [
						5.625,
						5.25,
						5.75,
						5.125
					],
					"texture": "#0"
				},
				"down": {
					"uv": [
						5.75,
						5.125,
						5.875,
						5.25
					],
					"texture": "#0"
				}
			}
		}
	],
	"display": {
		"head": {
			"rotation": [
				0,
				180,
				0
			]
		}
	}
}