{
	"textures": {
		"0": "animated_java:item/gravodile/gravodile"
	},
	"elements": [
		{
			"from": [
				7,
				8,
				8
			],
			"to": [
				9,
				11,
				10
			],
			"rotation": {
				"angle": 0,
				"axis": "y",
				"origin": [
					8,
					9.5,
					9
				],
				"rescale": true
			},
			"faces": {
				"north": {
					"uv": [
						8.25,
						2.375,
						8.5,
						2.75
					],
					"texture": "#0"
				},
				"east": {
					"uv": [
						8,
						2.375,
						8.25,
						2.75
					],
					"texture": "#0"
				},
				"south": {
					"uv": [
						8.75,
						2.375,
						9,
						2.75
					],
					"texture": "#0"
				},
				"west": {
					"uv": [
						8.5,
						2.375,
						8.75,
						2.75
					],
					"texture": "#0"
				},
				"up": {
					"uv": [
						8.5,
						2.375,
						8.25,
						2.125
					],
					"texture": "#0"
				},
				"down": {
					"uv": [
						8.75,
						2.125,
						8.5,
						2.375
					],
					"texture": "#0"
				}
			}
		}
	],
	"display": {
		"head": {
			"rotation": [
				0,
				180,
				0
			]
		}
	}
}