{
	"textures": {
		"0": "animated_java:item/gravodile/gravodile"
	},
	"elements": [
		{
			"from": [
				6.5,
				8,
				8
			],
			"to": [
				9.5,
				12,
				11
			],
			"rotation": {
				"angle": 0,
				"axis": "y",
				"origin": [
					8,
					10,
					9.5
				]
			},
			"faces": {
				"north": {
					"uv": [
						0.375,
						11.625,
						0.75,
						12.125
					],
					"texture": "#0"
				},
				"east": {
					"uv": [
						0,
						11.625,
						0.375,
						12.125
					],
					"texture": "#0"
				},
				"south": {
					"uv": [
						1.125,
						11.625,
						1.5,
						12.125
					],
					"texture": "#0"
				},
				"west": {
					"uv": [
						0.75,
						11.625,
						1.125,
						12.125
					],
					"texture": "#0"
				},
				"up": {
					"uv": [
						0.75,
						11.625,
						0.375,
						11.25
					],
					"texture": "#0"
				},
				"down": {
					"uv": [
						1.125,
						11.25,
						0.75,
						11.625
					],
					"texture": "#0"
				}
			}
		}
	],
	"display": {
		"head": {
			"rotation": [
				0,
				180,
				0
			]
		}
	}
}