{
	"textures": {
		"0": "animated_java:item/gravodile/gravodile"
	},
	"elements": [
		{
			"from": [
				6,
				8,
				5.75
			],
			"to": [
				10.5,
				11.5,
				10.25
			],
			"rotation": {
				"angle": 0,
				"axis": "y",
				"origin": [
					8.25,
					9.75,
					8
				]
			},
			"faces": {
				"north": {
					"uv": [
						10.5,
						7,
						11,
						7.375
					],
					"texture": "#0"
				},
				"east": {
					"uv": [
						10,
						7,
						10.5,
						7.375
					],
					"texture": "#0"
				},
				"south": {
					"uv": [
						11.5,
						7,
						12,
						7.375
					],
					"texture": "#0"
				},
				"west": {
					"uv": [
						11,
						7,
						11.5,
						7.375
					],
					"texture": "#0"
				},
				"up": {
					"uv": [
						11,
						7,
						10.5,
						6.5
					],
					"texture": "#0"
				},
				"down": {
					"uv": [
						11.5,
						6.5,
						11,
						7
					],
					"texture": "#0"
				}
			}
		}
	],
	"display": {
		"head": {
			"rotation": [
				0,
				180,
				0
			]
		}
	}
}