{
	"textures": {
		"0": "animated_java:item/gravodile/gravodile"
	},
	"elements": [
		{
			"from": [
				5,
				1.5,
				8
			],
			"to": [
				11,
				8,
				12
			],
			"rotation": {
				"angle": 0,
				"axis": "y",
				"origin": [
					8,
					4.75,
					10
				]
			},
			"faces": {
				"north": {
					"uv": [
						11.5,
						3.125,
						10.75,
						3.875
					],
					"texture": "#0"
				},
				"east": {
					"uv": [
						12,
						3.125,
						11.5,
						3.875
					],
					"texture": "#0"
				},
				"south": {
					"uv": [
						12.75,
						3.125,
						12,
						3.875
					],
					"texture": "#0"
				},
				"west": {
					"uv": [
						10.75,
						3.125,
						10.25,
						3.875
					],
					"texture": "#0"
				},
				"up": {
					"uv": [
						10.75,
						3.125,
						11.5,
						2.625
					],
					"texture": "#0"
				},
				"down": {
					"uv": [
						11.5,
						2.625,
						12.25,
						3.125
					],
					"texture": "#0"
				}
			}
		}
	],
	"display": {
		"head": {
			"rotation": [
				0,
				180,
				0
			]
		}
	}
}