{
	"textures": {
		"0": "animated_java:item/gravodile/gravodile"
	},
	"elements": [
		{
			"from": [
				4,
				8,
				8
			],
			"to": [
				12,
				14,
				22
			],
			"rotation": {
				"angle": 0,
				"axis": "y",
				"origin": [
					8,
					11,
					15
				]
			},
			"faces": {
				"north": {
					"uv": [
						1.75,
						4.625,
						2.75,
						5.375
					],
					"texture": "#0"
				},
				"east": {
					"uv": [
						0,
						4.625,
						1.75,
						5.375
					],
					"texture": "#0"
				},
				"south": {
					"uv": [
						4.5,
						4.625,
						5.5,
						5.375
					],
					"texture": "#0"
				},
				"west": {
					"uv": [
						2.75,
						4.625,
						4.5,
						5.375
					],
					"texture": "#0"
				},
				"up": {
					"uv": [
						2.75,
						4.625,
						1.75,
						2.875
					],
					"texture": "#0"
				},
				"down": {
					"uv": [
						3.75,
						2.875,
						2.75,
						4.625
					],
					"texture": "#0"
				}
			}
		},
		{
			"from": [
				8,
				13,
				8
			],
			"to": [
				8,
				15,
				22
			],
			"rotation": {
				"angle": 0,
				"axis": "y",
				"origin": [
					8,
					14,
					14.75
				]
			},
			"faces": {
				"north": {
					"uv": [
						5.5,
						11.125,
						5.5,
						11.375
					],
					"texture": "#0"
				},
				"east": {
					"uv": [
						3.75,
						11.125,
						5.5,
						11.375
					],
					"texture": "#0"
				},
				"south": {
					"uv": [
						7.25,
						11.125,
						7.25,
						11.375
					],
					"texture": "#0"
				},
				"west": {
					"uv": [
						5.5,
						11.125,
						7.25,
						11.375
					],
					"texture": "#0"
				},
				"up": {
					"uv": [
						5.5,
						11.125,
						5.5,
						9.375
					],
					"texture": "#0"
				},
				"down": {
					"uv": [
						5.5,
						9.375,
						5.5,
						11.125
					],
					"texture": "#0"
				}
			}
		}
	],
	"display": {
		"head": {
			"rotation": [
				0,
				180,
				0
			]
		}
	}
}