{
	"textures": {
		"0": "animated_java:item/gravodile/gravodile"
	},
	"elements": [
		{
			"from": [
				2.825,
				2.825,
				5.300000000000004
			],
			"to": [
				13.175,
				13.175,
				12.5
			],
			"rotation": {
				"angle": 22.5,
				"axis": "z",
				"origin": [
					8,
					8,
					8
				]
			},
			"faces": {
				"north": {
					"uv": [
						6.625,
						0.875,
						7.875,
						2.125
					],
					"texture": "#0"
				},
				"east": {
					"uv": [
						5.75,
						0.875,
						6.625,
						2.125
					],
					"texture": "#0"
				},
				"south": {
					"uv": [
						8.75,
						0.875,
						10,
						2.125
					],
					"texture": "#0"
				},
				"west": {
					"uv": [
						7.875,
						0.875,
						8.75,
						2.125
					],
					"texture": "#0"
				},
				"up": {
					"uv": [
						7.875,
						0.875,
						6.625,
						0
					],
					"texture": "#0"
				},
				"down": {
					"uv": [
						9.125,
						0,
						7.875,
						0.875
					],
					"texture": "#0"
				}
			}
		},
		{
			"from": [
				2.375,
				2.375,
				5.300000000000004
			],
			"to": [
				13.625,
				13.625,
				9.800000000000004
			],
			"rotation": {
				"angle": -22.5,
				"axis": "z",
				"origin": [
					8,
					8,
					8
				]
			},
			"faces": {
				"north": {
					"uv": [
						9.75,
						8,
						11.125,
						9.375
					],
					"texture": "#0"
				},
				"east": {
					"uv": [
						9.25,
						8,
						9.75,
						9.375
					],
					"texture": "#0"
				},
				"south": {
					"uv": [
						11.625,
						8,
						13,
						9.375
					],
					"texture": "#0"
				},
				"west": {
					"uv": [
						11.125,
						8,
						11.625,
						9.375
					],
					"texture": "#0"
				},
				"up": {
					"uv": [
						11.125,
						8,
						9.75,
						7.5
					],
					"texture": "#0"
				},
				"down": {
					"uv": [
						12.5,
						7.5,
						11.125,
						8
					],
					"texture": "#0"
				}
			}
		}
	],
	"display": {
		"head": {
			"rotation": [
				0,
				180,
				0
			]
		}
	}
}