{
	"textures": {
		"0": "animated_java:item/gravodile/gravodile"
	},
	"elements": [
		{
			"from": [
				0.7999999999999998,
				0.7999999999999998,
				4.602499999999999
			],
			"to": [
				15.2,
				15.2,
				14.052500000000002
			],
			"rotation": {
				"angle": 0,
				"axis": "y",
				"origin": [
					8,
					8,
					7.977499999999999
				]
			},
			"faces": {
				"north": {
					"uv": [
						1.125,
						1.125,
						2.875,
						2.875
					],
					"texture": "#0"
				},
				"east": {
					"uv": [
						0,
						1.125,
						1.125,
						2.875
					],
					"texture": "#0"
				},
				"south": {
					"uv": [
						4,
						1.125,
						5.75,
						2.875
					],
					"texture": "#0"
				},
				"west": {
					"uv": [
						2.875,
						1.125,
						4,
						2.875
					],
					"texture": "#0"
				},
				"up": {
					"uv": [
						2.875,
						1.125,
						1.125,
						0
					],
					"texture": "#0"
				},
				"down": {
					"uv": [
						4.625,
						0,
						2.875,
						1.125
					],
					"texture": "#0"
				}
			}
		},
		{
			"from": [
				0.34999999999999964,
				0.34999999999999964,
				4.625
			],
			"to": [
				15.65,
				15.65,
				10.475000000000001
			],
			"rotation": {
				"angle": 22.5,
				"axis": "z",
				"origin": [
					8,
					8,
					8
				]
			},
			"faces": {
				"north": {
					"uv": [
						0.625,
						6,
						2.5,
						7.875
					],
					"texture": "#0"
				},
				"east": {
					"uv": [
						0,
						6,
						0.625,
						7.875
					],
					"texture": "#0"
				},
				"south": {
					"uv": [
						3.125,
						6,
						5,
						7.875
					],
					"texture": "#0"
				},
				"west": {
					"uv": [
						2.5,
						6,
						3.125,
						7.875
					],
					"texture": "#0"
				},
				"up": {
					"uv": [
						2.5,
						6,
						0.625,
						5.375
					],
					"texture": "#0"
				},
				"down": {
					"uv": [
						4.375,
						5.375,
						2.5,
						6
					],
					"texture": "#0"
				}
			}
		}
	],
	"display": {
		"head": {
			"rotation": [
				0,
				180,
				0
			]
		}
	}
}