{
	"textures": {
		"0": "animated_java:item/gravodile/gravodile"
	},
	"elements": [
		{
			"from": [
				4.625,
				4.625,
				6.199999999999996
			],
			"to": [
				11.375,
				11.375,
				9.799999999999997
			],
			"rotation": {
				"angle": 0,
				"axis": "y",
				"origin": [
					8,
					8,
					8
				]
			},
			"faces": {
				"north": {
					"uv": [
						10.625,
						4.25,
						11.375,
						5
					],
					"texture": "#0"
				},
				"east": {
					"uv": [
						10.25,
						4.25,
						10.625,
						5
					],
					"texture": "#0"
				},
				"south": {
					"uv": [
						11.75,
						4.25,
						12.5,
						5
					],
					"texture": "#0"
				},
				"west": {
					"uv": [
						11.375,
						4.25,
						11.75,
						5
					],
					"texture": "#0"
				},
				"up": {
					"uv": [
						11.375,
						4.25,
						10.625,
						3.875
					],
					"texture": "#0"
				},
				"down": {
					"uv": [
						12.125,
						3.875,
						11.375,
						4.25
					],
					"texture": "#0"
				}
			}
		},
		{
			"from": [
				5.075,
				5.075,
				6.199999999999996
			],
			"to": [
				10.925,
				10.925,
				11.599999999999994
			],
			"rotation": {
				"angle": -45,
				"axis": "z",
				"origin": [
					8,
					8,
					8
				]
			},
			"faces": {
				"north": {
					"uv": [
						10.875,
						10,
						11.5,
						10.625
					],
					"texture": "#0"
				},
				"east": {
					"uv": [
						10.25,
						10,
						10.875,
						10.625
					],
					"texture": "#0"
				},
				"south": {
					"uv": [
						12.125,
						10,
						12.75,
						10.625
					],
					"texture": "#0"
				},
				"west": {
					"uv": [
						11.5,
						10,
						12.125,
						10.625
					],
					"texture": "#0"
				},
				"up": {
					"uv": [
						11.5,
						10,
						10.875,
						9.375
					],
					"texture": "#0"
				},
				"down": {
					"uv": [
						12.125,
						9.375,
						11.5,
						10
					],
					"texture": "#0"
				}
			}
		}
	],
	"display": {
		"head": {
			"rotation": [
				0,
				180,
				0
			]
		}
	}
}