{
	"textures": {
		"0": "animated_java:item/gravodile/gravodile"
	},
	"elements": [
		{
			"from": [
				5.75,
				8,
				8
			],
			"to": [
				10.25,
				12,
				16
			],
			"rotation": {
				"angle": 0,
				"axis": "y",
				"origin": [
					8,
					9.875,
					10
				]
			},
			"faces": {
				"north": {
					"uv": [
						1,
						10.75,
						1.5,
						11.25
					],
					"texture": "#0"
				},
				"east": {
					"uv": [
						0,
						10.75,
						1,
						11.25
					],
					"texture": "#0"
				},
				"south": {
					"uv": [
						2.5,
						10.75,
						3,
						11.25
					],
					"texture": "#0"
				},
				"west": {
					"uv": [
						1.5,
						10.75,
						2.5,
						11.25
					],
					"texture": "#0"
				},
				"up": {
					"uv": [
						1.5,
						10.75,
						1,
						9.75
					],
					"texture": "#0"
				},
				"down": {
					"uv": [
						2,
						9.75,
						1.5,
						10.75
					],
					"texture": "#0"
				}
			}
		}
	],
	"display": {
		"head": {
			"rotation": [
				0,
				180,
				0
			]
		}
	}
}