{
	"textures": {
		"0": "animated_java:item/gravodile/gravodile"
	},
	"elements": [
		{
			"from": [
				5.25,
				8,
				8
			],
			"to": [
				10.75,
				13,
				18
			],
			"rotation": {
				"angle": 0,
				"axis": "y",
				"origin": [
					8,
					10.75,
					14.125
				]
			},
			"faces": {
				"north": {
					"uv": [
						1.25,
						9.125,
						1.875,
						9.75
					],
					"texture": "#0"
				},
				"east": {
					"uv": [
						0,
						9.125,
						1.25,
						9.75
					],
					"texture": "#0"
				},
				"south": {
					"uv": [
						3.125,
						9.125,
						3.75,
						9.75
					],
					"texture": "#0"
				},
				"west": {
					"uv": [
						1.875,
						9.125,
						3.125,
						9.75
					],
					"texture": "#0"
				},
				"up": {
					"uv": [
						1.875,
						9.125,
						1.25,
						7.875
					],
					"texture": "#0"
				},
				"down": {
					"uv": [
						2.5,
						7.875,
						1.875,
						9.125
					],
					"texture": "#0"
				}
			}
		}
	],
	"display": {
		"head": {
			"rotation": [
				0,
				180,
				0
			]
		}
	}
}