{
	"textures": {
		"0": "animated_java:item/gravodile/gravodile"
	},
	"elements": [
		{
			"from": [
				4,
				5,
				-1.5
			],
			"to": [
				12,
				11,
				8
			],
			"rotation": {
				"angle": 0,
				"axis": "y",
				"origin": [
					8,
					8,
					3.25
				]
			},
			"faces": {
				"north": {
					"uv": [
						6.125,
						8.625,
						7.125,
						9.375
					],
					"texture": "#0"
				},
				"east": {
					"uv": [
						5,
						8.625,
						6.125,
						9.375
					],
					"texture": "#0"
				},
				"south": {
					"uv": [
						8.25,
						8.625,
						9.25,
						9.375
					],
					"texture": "#0"
				},
				"west": {
					"uv": [
						7.125,
						8.625,
						8.25,
						9.375
					],
					"texture": "#0"
				},
				"up": {
					"uv": [
						7.125,
						8.625,
						6.125,
						7.5
					],
					"texture": "#0"
				},
				"down": {
					"uv": [
						8.125,
						7.5,
						7.125,
						8.625
					],
					"texture": "#0"
				}
			}
		},
		{
			"from": [
				8,
				10,
				-2.5
			],
			"to": [
				8,
				12,
				8
			],
			"rotation": {
				"angle": 0,
				"axis": "y",
				"origin": [
					8,
					11,
					4.25
				]
			},
			"faces": {
				"north": {
					"uv": [
						11.25,
						6.25,
						11.25,
						6.5
					],
					"texture": "#0"
				},
				"east": {
					"uv": [
						10,
						6.25,
						11.25,
						6.5
					],
					"texture": "#0"
				},
				"south": {
					"uv": [
						12.5,
						6.25,
						12.5,
						6.5
					],
					"texture": "#0"
				},
				"west": {
					"uv": [
						11.25,
						6.25,
						12.5,
						6.5
					],
					"texture": "#0"
				},
				"up": {
					"uv": [
						11.25,
						6.25,
						11.25,
						5
					],
					"texture": "#0"
				},
				"down": {
					"uv": [
						11.25,
						5,
						11.25,
						6.25
					],
					"texture": "#0"
				}
			}
		}
	],
	"display": {
		"head": {
			"rotation": [
				0,
				180,
				0
			]
		}
	}
}