{
	"textures": {
		"0": "animated_java:item/archelder/texture"
	},
	"elements": [
		{
			"from": [
				4,
				6.25,
				-1
			],
			"to": [
				12,
				13.25,
				15
			],
			"rotation": {
				"angle": 22.5,
				"axis": "x",
				"origin": [
					8,
					6.25,
					5
				]
			},
			"faces": {
				"north": {
					"uv": [
						4.25,
						3.875,
						5.25,
						4.75
					],
					"texture": "#0"
				},
				"east": {
					"uv": [
						0,
						2,
						2,
						2.875
					],
					"texture": "#0"
				},
				"south": {
					"uv": [
						4.5,
						2.875,
						5.5,
						3.75
					],
					"texture": "#0"
				},
				"west": {
					"uv": [
						2,
						0,
						4,
						0.875
					],
					"texture": "#0"
				},
				"up": {
					"uv": [
						1,
						2,
						0,
						0
					],
					"texture": "#0"
				},
				"down": {
					"uv": [
						2,
						0,
						1,
						2
					],
					"texture": "#0"
				}
			}
		},
		{
			"from": [
				5,
				8.75,
				3
			],
			"to": [
				11,
				14.75,
				10
			],
			"rotation": {
				"angle": 0,
				"axis": "y",
				"origin": [
					8,
					8.75,
					3
				]
			},
			"faces": {
				"north": {
					"uv": [
						5.875,
						1.625,
						6.625,
						2.375
					],
					"texture": "#0"
				},
				"east": {
					"uv": [
						5.25,
						0,
						6.125,
						0.75
					],
					"texture": "#0"
				},
				"south": {
					"uv": [
						6.125,
						0,
						6.875,
						0.75
					],
					"texture": "#0"
				},
				"west": {
					"uv": [
						5.25,
						3.75,
						6.125,
						4.5
					],
					"texture": "#0"
				},
				"up": {
					"uv": [
						6.25,
						3.25,
						5.5,
						2.375
					],
					"texture": "#0"
				},
				"down": {
					"uv": [
						3.75,
						5.5,
						3,
						6.375
					],
					"texture": "#0"
				}
			}
		},
		{
			"from": [
				4.99,
				10.5,
				5.75
			],
			"to": [
				11.01,
				16.5,
				12.75
			],
			"rotation": {
				"angle": 45,
				"axis": "x",
				"origin": [
					8,
					10.5,
					5.75
				]
			},
			"faces": {
				"north": {
					"uv": [
						6.25,
						2.375,
						7,
						3.125
					],
					"texture": "#0"
				},
				"east": {
					"uv": [
						3.75,
						5.5,
						4.625,
						6.25
					],
					"texture": "#0"
				},
				"south": {
					"uv": [
						3.75,
						6.25,
						4.5,
						7
					],
					"texture": "#0"
				},
				"west": {
					"uv": [
						4.625,
						5.5,
						5.5,
						6.25
					],
					"texture": "#0"
				},
				"up": {
					"uv": [
						6.25,
						6.375,
						5.5,
						5.5
					],
					"texture": "#0"
				},
				"down": {
					"uv": [
						0.75,
						5.75,
						0,
						6.625
					],
					"texture": "#0"
				}
			}
		},
		{
			"from": [
				5,
				7.25,
				-2
			],
			"to": [
				11,
				12.25,
				-1
			],
			"rotation": {
				"angle": 22.5,
				"axis": "x",
				"origin": [
					8,
					6.25,
					5
				]
			},
			"faces": {
				"north": {
					"uv": [
						6.75,
						4.75,
						7.5,
						5.375
					],
					"texture": "#0"
				},
				"east": {
					"uv": [
						6.375,
						8.125,
						6.5,
						8.75
					],
					"texture": "#0"
				},
				"south": {
					"uv": [
						6.875,
						0,
						7.625,
						0.625
					],
					"texture": "#0"
				},
				"west": {
					"uv": [
						7.125,
						8.125,
						7.25,
						8.75
					],
					"texture": "#0"
				},
				"up": {
					"uv": [
						5.25,
						3.875,
						4.5,
						3.75
					],
					"texture": "#0"
				},
				"down": {
					"uv": [
						7.625,
						4,
						6.875,
						4.125
					],
					"texture": "#0"
				}
			}
		}
	],
	"display": {
		"head": {
			"rotation": [
				0,
				180,
				0
			]
		}
	}
}