{
	"textures": {
		"0": "animated_java:item/archelder/texture"
	},
	"elements": [
		{
			"from": [
				14.33795,
				6.2678699999999985,
				6.630839999999999
			],
			"to": [
				20.33795,
				12.267869999999998,
				12.63084
			],
			"rotation": {
				"angle": 45,
				"axis": "y",
				"origin": [
					8,
					-1.75,
					19
				]
			},
			"faces": {
				"north": {
					"uv": [
						4.5,
						6.25,
						5.25,
						7
					],
					"texture": "#0"
				},
				"east": {
					"uv": [
						6.25,
						5.375,
						7,
						6.125
					],
					"texture": "#0"
				},
				"south": {
					"uv": [
						6.25,
						6.125,
						7,
						6.875
					],
					"texture": "#0"
				},
				"west": {
					"uv": [
						3,
						6.375,
						3.75,
						7.125
					],
					"texture": "#0"
				},
				"up": {
					"uv": [
						6,
						7.125,
						5.25,
						6.375
					],
					"texture": "#0"
				},
				"down": {
					"uv": [
						0.75,
						6.625,
						0,
						7.375
					],
					"texture": "#0"
				}
			}
		},
		{
			"from": [
				15.33795,
				7.2678699999999985,
				5.630839999999999
			],
			"to": [
				21.33795,
				11.267869999999998,
				11.63084
			],
			"rotation": {
				"angle": 45,
				"axis": "y",
				"origin": [
					8,
					-1.75,
					19
				]
			},
			"faces": {
				"north": {
					"uv": [
						1.5,
						7.25,
						2.25,
						7.75
					],
					"texture": "#0"
				},
				"east": {
					"uv": [
						7.25,
						7.125,
						8,
						7.625
					],
					"texture": "#0"
				},
				"south": {
					"uv": [
						0,
						7.375,
						0.75,
						7.875
					],
					"texture": "#0"
				},
				"west": {
					"uv": [
						7.375,
						0.625,
						8.125,
						1.125
					],
					"texture": "#0"
				},
				"up": {
					"uv": [
						1.5,
						7.375,
						0.75,
						6.625
					],
					"texture": "#0"
				},
				"down": {
					"uv": [
						7.375,
						0.75,
						6.625,
						1.5
					],
					"texture": "#0"
				}
			}
		},
		{
			"from": [
				7,
				13.911380000000001,
				2.8820300000000003
			],
			"to": [
				9,
				15.911380000000001,
				6.88203
			],
			"rotation": {
				"angle": -22.5,
				"axis": "x",
				"origin": [
					8,
					-1.75,
					19
				]
			},
			"faces": {
				"north": {
					"uv": [
						2.625,
						8.25,
						2.875,
						8.5
					],
					"texture": "#0"
				},
				"east": {
					"uv": [
						7.5,
						6.625,
						8,
						6.875
					],
					"texture": "#0"
				},
				"south": {
					"uv": [
						8.25,
						4,
						8.5,
						4.25
					],
					"texture": "#0"
				},
				"west": {
					"uv": [
						7.625,
						0.375,
						8.125,
						0.625
					],
					"texture": "#0"
				},
				"up": {
					"uv": [
						6.25,
						6.875,
						6,
						6.375
					],
					"texture": "#0"
				},
				"down": {
					"uv": [
						6,
						7.875,
						5.75,
						8.375
					],
					"texture": "#0"
				}
			}
		}
	],
	"display": {
		"head": {
			"rotation": [
				0,
				180,
				0
			]
		}
	}
}