{
	"textures": {
		"0": "animated_java:item/abysculk/shiny"
	},
	"elements": [
		{
			"from": [
				4,
				7,
				0
			],
			"to": [
				12,
				14,
				8
			],
			"rotation": {
				"angle": 0,
				"axis": "y",
				"origin": [
					8,
					12,
					-1
				]
			},
			"faces": {
				"north": {
					"uv": [
						6.5,
						3.5,
						8.5,
						5.25
					],
					"texture": "#0"
				},
				"east": {
					"uv": [
						6.5,
						5.25,
						8.5,
						7
					],
					"texture": "#0"
				},
				"south": {
					"uv": [
						7,
						0,
						9,
						1.75
					],
					"texture": "#0"
				},
				"west": {
					"uv": [
						7,
						1.75,
						9,
						3.5
					],
					"texture": "#0"
				},
				"up": {
					"uv": [
						4.5,
						5.5,
						2.5,
						3.5
					],
					"texture": "#0"
				},
				"down": {
					"uv": [
						2,
						4,
						0,
						6
					],
					"texture": "#0"
				}
			}
		}
	],
	"display": {
		"head": {
			"rotation": [
				0,
				180,
				0
			]
		}
	}
}