{
	"textures": {
		"0": "animated_java:item/abysculk/shiny"
	},
	"elements": [
		{
			"from": [
				6.75,
				7,
				8
			],
			"to": [
				8.75,
				9,
				12
			],
			"rotation": {
				"angle": 0,
				"axis": "y",
				"origin": [
					7.75,
					8,
					8
				]
			},
			"faces": {
				"north": {
					"uv": [
						8.5,
						6.25,
						9,
						6.75
					],
					"texture": "#0"
				},
				"east": {
					"uv": [
						10,
						3.25,
						11,
						3.75
					],
					"texture": "#0"
				},
				"south": {
					"uv": [
						2.75,
						9,
						3.25,
						9.5
					],
					"texture": "#0"
				},
				"west": {
					"uv": [
						10,
						3.75,
						11,
						4.25
					],
					"texture": "#0"
				},
				"up": {
					"uv": [
						1.25,
						10.5,
						0.75,
						9.5
					],
					"texture": "#0"
				},
				"down": {
					"uv": [
						10.5,
						4.25,
						10,
						5.25
					],
					"texture": "#0"
				}
			}
		}
	],
	"display": {
		"head": {
			"rotation": [
				0,
				180,
				0
			]
		}
	}
}