{
	"textures": {
		"0": "animated_java:item/glowlume/glowlume"
	},
	"elements": [
		{
			"from": [
				6.5,
				7.051640000000001,
				6.10962
			],
			"to": [
				9.5,
				9.80164,
				8.10962
			],
			"rotation": {
				"angle": 22.5,
				"axis": "x",
				"origin": [
					8,
					9.8,
					6.125
				]
			},
			"faces": {
				"north": {
					"uv": [
						3.5,
						4.5,
						5,
						5.5
					],
					"texture": "#0"
				},
				"east": {
					"uv": [
						2.5,
						4.5,
						3.5,
						5.5
					],
					"texture": "#0"
				},
				"south": {
					"uv": [
						6,
						4.5,
						7.5,
						5.5
					],
					"texture": "#0"
				},
				"west": {
					"uv": [
						5,
						4.5,
						6,
						5.5
					],
					"texture": "#0"
				},
				"up": {
					"uv": [
						5,
						4.5,
						3.5,
						3.5
					],
					"texture": "#0"
				},
				"down": {
					"uv": [
						6.5,
						3.5,
						5,
						4.5
					],
					"texture": "#0"
				}
			}
		}
	],
	"display": {
		"head": {
			"rotation": [
				0,
				180,
				0
			]
		}
	}
}