{
	"textures": {
		"0": "animated_java:item/glowlume/glowlume"
	},
	"elements": [
		{
			"from": [
				7.5,
				8,
				7.75
			],
			"to": [
				8,
				8,
				8.25
			],
			"rotation": {
				"angle": 0,
				"axis": "y",
				"origin": [
					8.5,
					9.99836,
					7.76538
				]
			},
			"faces": {
				"up": {
					"uv": [
						1.5,
						13.5,
						1,
						13
					],
					"texture": "#0"
				},
				"down": {
					"uv": [
						1.5,
						13,
						1,
						13.5
					],
					"texture": "#0"
				}
			}
		}
	],
	"display": {
		"head": {
			"rotation": [
				0,
				180,
				0
			]
		}
	}
}