{
	"textures": {
		"0": "animated_java:item/glowlume/glowlume"
	},
	"elements": [
		{
			"from": [
				6.51,
				6.1116399999999995,
				7.99462
			],
			"to": [
				9.49,
				8.09164,
				11.97462
			],
			"rotation": {
				"angle": 0,
				"axis": "y",
				"origin": [
					8,
					8.1,
					8
				]
			},
			"faces": {
				"north": {
					"uv": [
						3.5,
						7.5,
						5,
						8.5
					],
					"texture": "#0"
				},
				"east": {
					"uv": [
						1.5,
						7.5,
						3.5,
						8.5
					],
					"texture": "#0"
				},
				"south": {
					"uv": [
						7,
						7.5,
						8.5,
						8.5
					],
					"texture": "#0"
				},
				"west": {
					"uv": [
						5,
						7.5,
						7,
						8.5
					],
					"texture": "#0"
				},
				"up": {
					"uv": [
						5,
						7.5,
						3.5,
						5.5
					],
					"texture": "#0"
				},
				"down": {
					"uv": [
						6.5,
						5.5,
						5,
						7.5
					],
					"texture": "#0"
				}
			}
		}
	],
	"display": {
		"head": {
			"rotation": [
				0,
				180,
				0
			]
		}
	}
}