{
	"textures": {
		"0": "animated_java:item/flarent/shiny"
	},
	"elements": [
		{
			"from": [
				6,
				8.47667,
				4.34
			],
			"to": [
				10,
				10.47667,
				8.34
			],
			"rotation": {
				"angle": 0,
				"axis": "y",
				"origin": [
					7,
					7.47667,
					6.34
				]
			},
			"faces": {
				"north": {
					"uv": [
						1,
						9.5,
						2,
						10
					],
					"texture": "#0"
				},
				"east": {
					"uv": [
						0,
						9.5,
						1,
						10
					],
					"texture": "#0"
				},
				"south": {
					"uv": [
						3,
						9.5,
						4,
						10
					],
					"texture": "#0"
				},
				"west": {
					"uv": [
						2,
						9.5,
						3,
						10
					],
					"texture": "#0"
				},
				"up": {
					"uv": [
						2,
						9.5,
						1,
						8.5
					],
					"texture": "#0"
				},
				"down": {
					"uv": [
						3,
						8.5,
						2,
						9.5
					],
					"texture": "#0"
				}
			}
		}
	],
	"display": {
		"head": {
			"rotation": [
				0,
				180,
				0
			]
		}
	}
}