{
	"textures": {
		"0": "animated_java:item/flarent/shiny"
	},
	"elements": [
		{
			"from": [
				6,
				7.22667,
				4.34
			],
			"to": [
				10,
				8.22667,
				8.34
			],
			"rotation": {
				"angle": 0,
				"axis": "y",
				"origin": [
					6,
					6.22667,
					6.34
				]
			},
			"faces": {
				"north": {
					"uv": [
						5,
						9.5,
						6,
						9.75
					],
					"texture": "#0"
				},
				"east": {
					"uv": [
						4,
						9.5,
						5,
						9.75
					],
					"texture": "#0"
				},
				"south": {
					"uv": [
						7,
						9.5,
						8,
						9.75
					],
					"texture": "#0"
				},
				"west": {
					"uv": [
						6,
						9.5,
						7,
						9.75
					],
					"texture": "#0"
				},
				"up": {
					"uv": [
						6,
						9.5,
						5,
						8.5
					],
					"texture": "#0"
				},
				"down": {
					"uv": [
						7,
						8.5,
						6,
						9.5
					],
					"texture": "#0"
				}
			}
		}
	],
	"display": {
		"head": {
			"rotation": [
				0,
				180,
				0
			]
		}
	}
}