{
	"textures": {
		"0": "animated_java:item/flarent/shiny"
	},
	"elements": [
		{
			"from": [
				6.49333,
				6.46667,
				6.90667
			],
			"to": [
				9.49333,
				9.46667,
				9.90667
			],
			"rotation": {
				"angle": -22.5,
				"axis": "x",
				"origin": [
					6.49333,
					6.46667,
					6.90667
				]
			},
			"faces": {
				"north": {
					"uv": [
						0.75,
						10.75,
						1.5,
						11.5
					],
					"texture": "#0"
				},
				"east": {
					"uv": [
						0,
						10.75,
						0.75,
						11.5
					],
					"texture": "#0"
				},
				"south": {
					"uv": [
						2.25,
						10.75,
						3,
						11.5
					],
					"texture": "#0"
				},
				"west": {
					"uv": [
						1.5,
						10.75,
						2.25,
						11.5
					],
					"texture": "#0"
				},
				"up": {
					"uv": [
						1.5,
						10.75,
						0.75,
						10
					],
					"texture": "#0"
				},
				"down": {
					"uv": [
						2.25,
						10,
						1.5,
						10.75
					],
					"texture": "#0"
				}
			}
		}
	],
	"display": {
		"head": {
			"rotation": [
				0,
				180,
				0
			]
		}
	}
}