{
	"textures": {
		"0": "animated_java:item/flarent/shiny"
	},
	"elements": [
		{
			"from": [
				14.50667,
				6.75,
				6.26667
			],
			"to": [
				17.50667,
				11.75,
				9.26667
			],
			"rotation": {
				"angle": -45,
				"axis": "x",
				"origin": [
					16.00667,
					7.75,
					7.7666699999999995
				]
			},
			"faces": {
				"north": {
					"uv": [
						4.75,
						10.5,
						5.5,
						11.75
					],
					"texture": "#0"
				},
				"east": {
					"uv": [
						4,
						10.5,
						4.75,
						11.75
					],
					"texture": "#0"
				},
				"south": {
					"uv": [
						6.25,
						10.5,
						7,
						11.75
					],
					"texture": "#0"
				},
				"west": {
					"uv": [
						5.5,
						10.5,
						6.25,
						11.75
					],
					"texture": "#0"
				},
				"up": {
					"uv": [
						5.5,
						10.5,
						4.75,
						9.75
					],
					"texture": "#0"
				},
				"down": {
					"uv": [
						6.25,
						9.75,
						5.5,
						10.5
					],
					"texture": "#0"
				}
			}
		}
	],
	"display": {
		"head": {
			"rotation": [
				0,
				180,
				0
			]
		}
	}
}