{
	"textures": {
		"0": "animated_java:item/flarent/shiny"
	},
	"elements": [
		{
			"from": [
				3,
				8,
				-2
			],
			"to": [
				13,
				10,
				8
			],
			"rotation": {
				"angle": 0,
				"axis": "y",
				"origin": [
					7,
					8,
					2
				]
			},
			"faces": {
				"north": {
					"uv": [
						2.5,
						5.5,
						5,
						6
					],
					"texture": "#0"
				},
				"east": {
					"uv": [
						0,
						5.5,
						2.5,
						6
					],
					"texture": "#0"
				},
				"south": {
					"uv": [
						7.5,
						5.5,
						10,
						6
					],
					"texture": "#0"
				},
				"west": {
					"uv": [
						5,
						5.5,
						7.5,
						6
					],
					"texture": "#0"
				},
				"up": {
					"uv": [
						5,
						5.5,
						2.5,
						3
					],
					"texture": "#0"
				},
				"down": {
					"uv": [
						7.5,
						3,
						5,
						5.5
					],
					"texture": "#0"
				}
			}
		}
	],
	"display": {
		"head": {
			"rotation": [
				0,
				180,
				0
			]
		}
	}
}