{
	"textures": {
		"0": "animated_java:item/flarent/shiny"
	},
	"elements": [
		{
			"from": [
				7.01,
				8.36667,
				7.10667
			],
			"to": [
				8.99,
				12.36667,
				9.10667
			],
			"rotation": {
				"angle": 22.5,
				"axis": "x",
				"origin": [
					8,
					8.5,
					7
				]
			},
			"faces": {
				"north": {
					"uv": [
						7,
						9.75,
						7.5,
						10.75
					],
					"texture": "#0"
				},
				"east": {
					"uv": [
						7.5,
						9.75,
						8,
						10.75
					],
					"texture": "#0"
				},
				"south": {
					"uv": [
						10,
						1.5,
						10.5,
						2.5
					],
					"texture": "#0"
				},
				"west": {
					"uv": [
						10,
						2.5,
						10.5,
						3.5
					],
					"texture": "#0"
				},
				"up": {
					"uv": [
						3.5,
						10.5,
						3,
						10
					],
					"texture": "#0"
				},
				"down": {
					"uv": [
						4,
						10,
						3.5,
						10.5
					],
					"texture": "#0"
				}
			}
		}
	],
	"display": {
		"head": {
			"rotation": [
				0,
				180,
				0
			]
		}
	}
}