{
	"textures": {
		"0": "animated_java:item/flarent/shiny"
	},
	"elements": [
		{
			"from": [
				5.5,
				8,
				2.999999999999999
			],
			"to": [
				11.5,
				8,
				8
			],
			"rotation": {
				"angle": 0,
				"axis": "y",
				"origin": [
					7.5,
					7,
					5.999999999999999
				]
			},
			"faces": {
				"north": {
					"uv": [
						9.25,
						7.25,
						10.75,
						7.25
					],
					"texture": "#0"
				},
				"east": {
					"uv": [
						8,
						7.25,
						9.25,
						7.25
					],
					"texture": "#0"
				},
				"south": {
					"uv": [
						12,
						7.25,
						13.5,
						7.25
					],
					"texture": "#0"
				},
				"west": {
					"uv": [
						10.75,
						7.25,
						12,
						7.25
					],
					"texture": "#0"
				},
				"up": {
					"uv": [
						10.75,
						7.25,
						9.25,
						6
					],
					"texture": "#0"
				},
				"down": {
					"uv": [
						12.25,
						6,
						10.75,
						7.25
					],
					"texture": "#0"
				}
			}
		}
	],
	"display": {
		"head": {
			"rotation": [
				0,
				180,
				0
			]
		}
	}
}