{
	"textures": {
		"0": "animated_java:item/chakrapus/bigocto"
	},
	"elements": [
		{
			"from": [
				5,
				6,
				8
			],
			"to": [
				11,
				11,
				15
			],
			"rotation": {
				"angle": 0,
				"axis": "y",
				"origin": [
					8,
					6,
					9
				]
			},
			"faces": {
				"north": {
					"uv": [
						8.125,
						7.5,
						8.875,
						8.125
					],
					"texture": "#0"
				},
				"east": {
					"uv": [
						7.25,
						7.5,
						8.125,
						8.125
					],
					"texture": "#0"
				},
				"south": {
					"uv": [
						9.75,
						7.5,
						10.5,
						8.125
					],
					"texture": "#0"
				},
				"west": {
					"uv": [
						8.875,
						7.5,
						9.75,
						8.125
					],
					"texture": "#0"
				},
				"up": {
					"uv": [
						8.875,
						7.5,
						8.125,
						6.625
					],
					"texture": "#0"
				},
				"down": {
					"uv": [
						9.625,
						6.625,
						8.875,
						7.5
					],
					"texture": "#0"
				}
			}
		}
	],
	"display": {
		"head": {
			"rotation": [
				0,
				180,
				0
			]
		}
	}
}