{
	"textures": {
		"0": "animated_java:item/chameleon_smol/chameleon_smol"
	},
	"elements": [
		{
			"from": [
				6.5,
				7.75,
				4.5
			],
			"to": [
				9.5,
				9.75,
				10.5
			],
			"rotation": {
				"angle": 0,
				"axis": "y",
				"origin": [
					7.5,
					7.75,
					7.5
				]
			},
			"faces": {
				"north": {
					"uv": [
						9,
						6,
						12,
						8
					],
					"texture": "#0"
				},
				"east": {
					"uv": [
						0,
						6,
						6,
						8
					],
					"texture": "#0"
				},
				"south": {
					"uv": [
						9,
						8,
						12,
						10
					],
					"texture": "#0"
				},
				"west": {
					"uv": [
						6,
						0,
						12,
						2
					],
					"texture": "#0"
				},
				"up": {
					"uv": [
						3,
						6,
						0,
						0
					],
					"texture": "#0"
				},
				"down": {
					"uv": [
						6,
						0,
						3,
						6
					],
					"texture": "#0"
				}
			}
		}
	],
	"display": {
		"head": {
			"rotation": [
				0,
				180,
				0
			]
		}
	}
}