{
	"textures": {
		"0": "animated_java:item/trishivala/shiny"
	},
	"elements": [
		{
			"from": [
				0.5149999999999997,
				4.414999999999999,
				0.5149999999999997
			],
			"to": [
				15.485,
				13.384999999999998,
				9.485
			],
			"rotation": {
				"angle": 22.5,
				"axis": "x",
				"origin": [
					8,
					2,
					9.5
				]
			},
			"faces": {
				"north": {
					"uv": [
						7.375,
						5.125,
						8.25,
						5.625
					],
					"texture": "#0"
				},
				"east": {
					"uv": [
						6.875,
						5.125,
						7.375,
						5.625
					],
					"texture": "#0"
				},
				"south": {
					"uv": [
						8.75,
						5.125,
						9.625,
						5.625
					],
					"texture": "#0"
				},
				"west": {
					"uv": [
						8.25,
						5.125,
						8.75,
						5.625
					],
					"texture": "#0"
				},
				"up": {
					"uv": [
						8.25,
						5.125,
						7.375,
						4.625
					],
					"texture": "#0"
				},
				"down": {
					"uv": [
						9.125,
						4.625,
						8.25,
						5.125
					],
					"texture": "#0"
				}
			}
		}
	],
	"display": {
		"head": {
			"rotation": [
				0,
				180,
				0
			]
		}
	}
}