{
	"textures": {
		"0": "animated_java:item/trishivala/shiny"
	},
	"elements": [
		{
			"from": [
				-3.756190476190474,
				8,
				-13.542857142857144
			],
			"to": [
				16.815238095238094,
				8,
				10.457142857142857
			],
			"rotation": {
				"angle": 22.5,
				"axis": "y",
				"origin": [
					9.980952380952381,
					8,
					2.5142857142857133
				]
			},
			"faces": {
				"north": {
					"uv": [
						1.9375,
						4.1875,
						3.625,
						4.1875
					],
					"texture": "#0"
				},
				"east": {
					"uv": [
						0,
						4.1875,
						1.9375,
						4.1875
					],
					"texture": "#0"
				},
				"south": {
					"uv": [
						5.5625,
						4.1875,
						7.25,
						4.1875
					],
					"texture": "#0"
				},
				"west": {
					"uv": [
						3.625,
						4.1875,
						5.5625,
						4.1875
					],
					"texture": "#0"
				},
				"up": {
					"uv": [
						3.625,
						4.1875,
						1.9375,
						2.25
					],
					"texture": "#0"
				},
				"down": {
					"uv": [
						5.3125,
						2.25,
						3.625,
						4.1875
					],
					"texture": "#0"
				}
			}
		}
	],
	"display": {
		"head": {
			"rotation": [
				0,
				180,
				0
			]
		}
	}
}