{
	"textures": {
		"0": "animated_java:item/trishivala/shiny"
	},
	"elements": [
		{
			"from": [
				11.673469387755102,
				7.26530612244898,
				8
			],
			"to": [
				20,
				23.918367346938773,
				8
			],
			"rotation": {
				"angle": 0,
				"axis": "y",
				"origin": [
					8,
					13.020408163265305,
					7.755102040816326
				]
			},
			"faces": {
				"north": {
					"uv": [
						1.0625,
						7.0625,
						0,
						9.1875
					],
					"texture": "#0"
				},
				"east": {
					"uv": [
						1.0625,
						7.0625,
						1.0625,
						9.1875
					],
					"texture": "#0"
				},
				"south": {
					"uv": [
						2.125,
						7.0625,
						1.0625,
						9.1875
					],
					"texture": "#0"
				},
				"west": {
					"uv": [
						0,
						7.0625,
						0,
						9.1875
					],
					"texture": "#0"
				},
				"up": {
					"uv": [
						0,
						7.0625,
						1.0625,
						7.0625
					],
					"texture": "#0"
				},
				"down": {
					"uv": [
						1.0625,
						7.0625,
						2.125,
						7.0625
					],
					"texture": "#0"
				}
			}
		},
		{
			"from": [
				-4,
				7.26530612244898,
				8
			],
			"to": [
				4.326530612244898,
				23.918367346938773,
				8
			],
			"rotation": {
				"angle": 0,
				"axis": "y",
				"origin": [
					8,
					13.020408163265305,
					7.755102040816326
				]
			},
			"faces": {
				"north": {
					"uv": [
						0,
						7.0625,
						1.0625,
						9.1875
					],
					"texture": "#0"
				},
				"east": {
					"uv": [
						0,
						7.0625,
						0,
						9.1875
					],
					"texture": "#0"
				},
				"south": {
					"uv": [
						1.0625,
						7.0625,
						2.125,
						9.1875
					],
					"texture": "#0"
				},
				"west": {
					"uv": [
						1.0625,
						7.0625,
						1.0625,
						9.1875
					],
					"texture": "#0"
				},
				"up": {
					"uv": [
						1.0625,
						7.0625,
						0,
						7.0625
					],
					"texture": "#0"
				},
				"down": {
					"uv": [
						2.125,
						7.0625,
						1.0625,
						7.0625
					],
					"texture": "#0"
				}
			}
		}
	],
	"display": {
		"head": {
			"rotation": [
				0,
				180,
				0
			]
		}
	}
}