{
	"textures": {
		"0": "animated_java:item/wardoom/shiny"
	},
	"elements": [
		{
			"from": [
				5.5,
				0,
				5.5
			],
			"to": [
				10.5,
				8,
				10.5
			],
			"rotation": {
				"angle": 0,
				"axis": "y",
				"origin": [
					8,
					2,
					8
				]
			},
			"faces": {
				"north": {
					"uv": [
						8.5,
						6.5,
						9.75,
						8.5
					],
					"texture": "#0"
				},
				"east": {
					"uv": [
						8.5,
						8.5,
						9.75,
						10.5
					],
					"texture": "#0"
				},
				"south": {
					"uv": [
						8.75,
						0,
						10,
						2
					],
					"texture": "#0"
				},
				"west": {
					"uv": [
						3,
						8.75,
						4.25,
						10.75
					],
					"texture": "#0"
				},
				"up": {
					"uv": [
						1.25,
						12.75,
						0,
						11.5
					],
					"texture": "#0"
				},
				"down": {
					"uv": [
						12.75,
						0,
						11.5,
						1.25
					],
					"texture": "#0"
				}
			}
		}
	],
	"display": {
		"head": {
			"rotation": [
				0,
				180,
				0
			]
		}
	}
}