{
	"textures": {
		"0": "animated_java:item/wardoom/shiny"
	},
	"elements": [
		{
			"from": [
				6.5,
				1,
				6
			],
			"to": [
				9.5,
				10,
				9
			],
			"rotation": {
				"angle": 0,
				"axis": "y",
				"origin": [
					6.5,
					4,
					8
				]
			},
			"faces": {
				"north": {
					"uv": [
						1.25,
						10,
						2,
						12.25
					],
					"texture": "#0"
				},
				"east": {
					"uv": [
						2,
						10,
						2.75,
						12.25
					],
					"texture": "#0"
				},
				"south": {
					"uv": [
						8,
						10.5,
						8.75,
						12.75
					],
					"texture": "#0"
				},
				"west": {
					"uv": [
						8.75,
						10.5,
						9.5,
						12.75
					],
					"texture": "#0"
				},
				"up": {
					"uv": [
						9.5,
						2.75,
						8.75,
						2
					],
					"texture": "#0"
				},
				"down": {
					"uv": [
						10.75,
						1.25,
						10,
						2
					],
					"texture": "#0"
				}
			}
		}
	],
	"display": {
		"head": {
			"rotation": [
				0,
				180,
				0
			]
		}
	}
}