{
	"textures": {
		"0": "animated_java:item/wardoom/shiny"
	},
	"elements": [
		{
			"from": [
				5.5,
				5.5,
				5.5
			],
			"to": [
				10.5,
				10.5,
				10.5
			],
			"rotation": {
				"angle": 0,
				"axis": "y",
				"origin": [
					6.5,
					6.5,
					8.5
				]
			},
			"faces": {
				"north": {
					"uv": [
						6.5,
						10.75,
						7.75,
						12
					],
					"texture": "#0"
				},
				"east": {
					"uv": [
						9.5,
						11,
						10.75,
						12.25
					],
					"texture": "#0"
				},
				"south": {
					"uv": [
						11,
						9.5,
						12.25,
						10.75
					],
					"texture": "#0"
				},
				"west": {
					"uv": [
						10.75,
						11,
						12,
						12.25
					],
					"texture": "#0"
				},
				"up": {
					"uv": [
						12.5,
						7.75,
						11.25,
						6.5
					],
					"texture": "#0"
				},
				"down": {
					"uv": [
						12.5,
						7.75,
						11.25,
						9
					],
					"texture": "#0"
				}
			}
		}
	],
	"display": {
		"head": {
			"rotation": [
				0,
				180,
				0
			]
		}
	}
}