{
	"textures": {
		"0": "animated_java:item/wardoom/shiny"
	},
	"elements": [
		{
			"from": [
				7.25,
				3,
				7
			],
			"to": [
				8.75,
				8,
				9
			],
			"rotation": {
				"angle": 0,
				"axis": "y",
				"origin": [
					7.75,
					6,
					6
				]
			},
			"faces": {
				"north": {
					"uv": [
						8,
						8.75,
						8.5,
						10
					],
					"texture": "#0"
				},
				"east": {
					"uv": [
						12.5,
						13.25,
						13,
						14.5
					],
					"texture": "#0"
				},
				"south": {
					"uv": [
						1,
						13.5,
						1.5,
						14.75
					],
					"texture": "#0"
				},
				"west": {
					"uv": [
						1.5,
						13.5,
						2,
						14.75
					],
					"texture": "#0"
				},
				"up": {
					"uv": [
						8.5,
						7,
						8,
						6.5
					],
					"texture": "#0"
				},
				"down": {
					"uv": [
						8.5,
						7,
						8,
						7.5
					],
					"texture": "#0"
				}
			}
		}
	],
	"display": {
		"head": {
			"rotation": [
				0,
				180,
				0
			]
		}
	}
}