{
	"textures": {
		"0": "animated_java:item/wardoom/shiny"
	},
	"elements": [
		{
			"from": [
				6.5,
				4,
				6
			],
			"to": [
				10,
				9,
				10
			],
			"rotation": {
				"angle": 0,
				"axis": "y",
				"origin": [
					7,
					7,
					6
				]
			},
			"faces": {
				"north": {
					"uv": [
						10.75,
						12.25,
						11.75,
						13.5
					],
					"texture": "#0"
				},
				"east": {
					"uv": [
						12.5,
						6.25,
						13.5,
						7.5
					],
					"texture": "#0"
				},
				"south": {
					"uv": [
						12.5,
						7.5,
						13.5,
						8.75
					],
					"texture": "#0"
				},
				"west": {
					"uv": [
						0,
						12.75,
						1,
						14
					],
					"texture": "#0"
				},
				"up": {
					"uv": [
						12.5,
						2.25,
						11.5,
						1.25
					],
					"texture": "#0"
				},
				"down": {
					"uv": [
						13.5,
						1.25,
						12.5,
						2.25
					],
					"texture": "#0"
				}
			}
		}
	],
	"display": {
		"head": {
			"rotation": [
				0,
				180,
				0
			]
		}
	}
}