{
	"textures": {
		"0": "animated_java:item/wardoom/shiny"
	},
	"elements": [
		{
			"from": [
				7.25,
				3,
				7
			],
			"to": [
				8.75,
				8,
				9
			],
			"rotation": {
				"angle": 0,
				"axis": "y",
				"origin": [
					7.75,
					6,
					6
				]
			},
			"faces": {
				"north": {
					"uv": [
						2,
						13.5,
						2.5,
						14.75
					],
					"texture": "#0"
				},
				"east": {
					"uv": [
						13.5,
						6.25,
						14,
						7.5
					],
					"texture": "#0"
				},
				"south": {
					"uv": [
						13.5,
						7.5,
						14,
						8.75
					],
					"texture": "#0"
				},
				"west": {
					"uv": [
						13.5,
						8.75,
						14,
						10
					],
					"texture": "#0"
				},
				"up": {
					"uv": [
						8.5,
						10.5,
						8,
						10
					],
					"texture": "#0"
				},
				"down": {
					"uv": [
						14.25,
						0,
						13.75,
						0.5
					],
					"texture": "#0"
				}
			}
		}
	],
	"display": {
		"head": {
			"rotation": [
				0,
				180,
				0
			]
		}
	}
}