{
	"textures": {
		"0": "animated_java:item/wardoom/shiny"
	},
	"elements": [
		{
			"from": [
				6,
				4,
				6
			],
			"to": [
				9.5,
				9,
				10
			],
			"rotation": {
				"angle": 0,
				"axis": "y",
				"origin": [
					6.5,
					7,
					6
				]
			},
			"faces": {
				"north": {
					"uv": [
						12.75,
						0,
						13.75,
						1.25
					],
					"texture": "#0"
				},
				"east": {
					"uv": [
						12.75,
						3.75,
						13.75,
						5
					],
					"texture": "#0"
				},
				"south": {
					"uv": [
						12.75,
						5,
						13.75,
						6.25
					],
					"texture": "#0"
				},
				"west": {
					"uv": [
						7.75,
						12.75,
						8.75,
						14
					],
					"texture": "#0"
				},
				"up": {
					"uv": [
						14,
						3.25,
						13,
						2.25
					],
					"texture": "#0"
				},
				"down": {
					"uv": [
						3.5,
						13,
						2.5,
						14
					],
					"texture": "#0"
				}
			}
		}
	],
	"display": {
		"head": {
			"rotation": [
				0,
				180,
				0
			]
		}
	}
}