{
	"textures": {
		"0": "animated_java:item/wardoom/shiny"
	},
	"elements": [
		{
			"from": [
				6.5,
				0.75,
				6.5
			],
			"to": [
				9.5,
				9.75,
				9.5
			],
			"rotation": {
				"angle": 0,
				"axis": "y",
				"origin": [
					6.5,
					3.75,
					8.5
				]
			},
			"faces": {
				"north": {
					"uv": [
						10.75,
						0,
						11.5,
						2.25
					],
					"texture": "#0"
				},
				"east": {
					"uv": [
						2.75,
						10.75,
						3.5,
						13
					],
					"texture": "#0"
				},
				"south": {
					"uv": [
						3.5,
						10.75,
						4.25,
						13
					],
					"texture": "#0"
				},
				"west": {
					"uv": [
						4.25,
						10.75,
						5,
						13
					],
					"texture": "#0"
				},
				"up": {
					"uv": [
						14.25,
						2,
						13.5,
						1.25
					],
					"texture": "#0"
				},
				"down": {
					"uv": [
						13.75,
						13.5,
						13,
						14.25
					],
					"texture": "#0"
				}
			}
		}
	],
	"display": {
		"head": {
			"rotation": [
				0,
				180,
				0
			]
		}
	}
}