{
	"textures": {
		"0": "animated_java:item/wardoom/shiny"
	},
	"elements": [
		{
			"from": [
				5.5,
				0,
				5.5
			],
			"to": [
				10.5,
				8,
				10.5
			],
			"rotation": {
				"angle": 0,
				"axis": "y",
				"origin": [
					8,
					2,
					8
				]
			},
			"faces": {
				"north": {
					"uv": [
						4.25,
						8.75,
						5.5,
						10.75
					],
					"texture": "#0"
				},
				"east": {
					"uv": [
						5.5,
						8.75,
						6.75,
						10.75
					],
					"texture": "#0"
				},
				"south": {
					"uv": [
						6.75,
						8.75,
						8,
						10.75
					],
					"texture": "#0"
				},
				"west": {
					"uv": [
						9.5,
						2,
						10.75,
						4
					],
					"texture": "#0"
				},
				"up": {
					"uv": [
						13.5,
						10.25,
						12.25,
						9
					],
					"texture": "#0"
				},
				"down": {
					"uv": [
						10.75,
						12.25,
						9.5,
						13.5
					],
					"texture": "#0"
				}
			}
		}
	],
	"display": {
		"head": {
			"rotation": [
				0,
				180,
				0
			]
		}
	}
}