{
	"textures": {
		"0": "animated_java:item/wardoom/shiny"
	},
	"elements": [
		{
			"from": [
				5.5,
				5.5,
				5.5
			],
			"to": [
				10.5,
				10.5,
				10.5
			],
			"rotation": {
				"angle": 0,
				"axis": "y",
				"origin": [
					6.5,
					6.5,
					8.5
				]
			},
			"faces": {
				"north": {
					"uv": [
						11.5,
						3.75,
						12.75,
						5
					],
					"texture": "#0"
				},
				"east": {
					"uv": [
						11.5,
						5,
						12.75,
						6.25
					],
					"texture": "#0"
				},
				"south": {
					"uv": [
						6.5,
						12,
						7.75,
						13.25
					],
					"texture": "#0"
				},
				"west": {
					"uv": [
						12,
						10.75,
						13.25,
						12
					],
					"texture": "#0"
				},
				"up": {
					"uv": [
						13.25,
						13.25,
						12,
						12
					],
					"texture": "#0"
				},
				"down": {
					"uv": [
						2.5,
						12.25,
						1.25,
						13.5
					],
					"texture": "#0"
				}
			}
		}
	],
	"display": {
		"head": {
			"rotation": [
				0,
				180,
				0
			]
		}
	}
}