{
	"textures": {
		"0": "animated_java:item/wardoom/shiny"
	},
	"elements": [
		{
			"from": [
				5,
				6,
				5.75
			],
			"to": [
				11,
				13,
				11.75
			],
			"rotation": {
				"angle": -22.5,
				"axis": "x",
				"origin": [
					8,
					9,
					6.75
				]
			},
			"faces": {
				"north": {
					"uv": [
						8,
						3,
						9.5,
						4.75
					],
					"texture": "#0"
				},
				"east": {
					"uv": [
						8,
						4.75,
						9.5,
						6.5
					],
					"texture": "#0"
				},
				"south": {
					"uv": [
						0,
						8.25,
						1.5,
						10
					],
					"texture": "#0"
				},
				"west": {
					"uv": [
						1.5,
						8.25,
						3,
						10
					],
					"texture": "#0"
				},
				"up": {
					"uv": [
						11.25,
						8,
						9.75,
						6.5
					],
					"texture": "#0"
				},
				"down": {
					"uv": [
						11.25,
						8,
						9.75,
						9.5
					],
					"texture": "#0"
				}
			}
		},
		{
			"from": [
				6,
				7,
				5.5
			],
			"to": [
				10,
				11,
				5.75
			],
			"rotation": {
				"angle": -22.5,
				"axis": "x",
				"origin": [
					8,
					9,
					6.75
				]
			},
			"faces": {
				"north": {
					"uv": [
						3.5,
						13,
						4.5,
						14
					],
					"texture": "#0"
				},
				"east": {
					"uv": [
						4,
						6.5,
						4.25,
						7.5
					],
					"texture": "#0"
				},
				"south": {
					"uv": [
						4.5,
						13,
						5.5,
						14
					],
					"texture": "#0"
				},
				"west": {
					"uv": [
						7.75,
						10.75,
						8,
						11.75
					],
					"texture": "#0"
				},
				"up": {
					"uv": [
						12,
						11,
						11,
						10.75
					],
					"texture": "#0"
				},
				"down": {
					"uv": [
						12.5,
						6.25,
						11.5,
						6.5
					],
					"texture": "#0"
				}
			}
		}
	],
	"display": {
		"head": {
			"rotation": [
				0,
				180,
				0
			]
		}
	}
}