{
	"textures": {
		"0": "animated_java:item/wardoom/shiny"
	},
	"elements": [
		{
			"from": [
				3,
				7,
				3.5
			],
			"to": [
				13,
				14,
				11.5
			],
			"rotation": {
				"angle": 22.5,
				"axis": "x",
				"origin": [
					8,
					8,
					5.5
				]
			},
			"faces": {
				"north": {
					"uv": [
						4.25,
						4,
						6.75,
						5.75
					],
					"texture": "#0"
				},
				"east": {
					"uv": [
						0,
						6.5,
						2,
						8.25
					],
					"texture": "#0"
				},
				"south": {
					"uv": [
						4.25,
						5.75,
						6.75,
						7.5
					],
					"texture": "#0"
				},
				"west": {
					"uv": [
						2,
						6.5,
						4,
						8.25
					],
					"texture": "#0"
				},
				"up": {
					"uv": [
						6.75,
						2,
						4.25,
						0
					],
					"texture": "#0"
				},
				"down": {
					"uv": [
						6.75,
						2,
						4.25,
						4
					],
					"texture": "#0"
				}
			}
		},
		{
			"from": [
				8,
				6,
				-0.5
			],
			"to": [
				8,
				19,
				16.5
			],
			"rotation": {
				"angle": 22.5,
				"axis": "x",
				"origin": [
					8,
					8,
					5.5
				]
			},
			"faces": {
				"north": {
					"uv": [
						0,
						0,
						0,
						3.25
					],
					"texture": "#0"
				},
				"east": {
					"uv": [
						0,
						0,
						4.25,
						3.25
					],
					"texture": "#0"
				},
				"south": {
					"uv": [
						0,
						0,
						0,
						3.25
					],
					"texture": "#0"
				},
				"west": {
					"uv": [
						0,
						3.25,
						4.25,
						6.5
					],
					"texture": "#0"
				},
				"up": {
					"uv": [
						0,
						4.25,
						0,
						0
					],
					"texture": "#0"
				},
				"down": {
					"uv": [
						0,
						0,
						0,
						4.25
					],
					"texture": "#0"
				}
			}
		}
	],
	"display": {
		"head": {
			"rotation": [
				0,
				180,
				0
			]
		}
	}
}