{
	"textures": {
		"0": "animated_java:item/holily/shiny"
	},
	"elements": [
		{
			"from": [
				7,
				8,
				7
			],
			"to": [
				9,
				10,
				9
			],
			"faces": {
				"north": {
					"uv": [
						0,
						0,
						2,
						2
					],
					"texture": "#0"
				},
				"east": {
					"uv": [
						0,
						2,
						2,
						4
					],
					"texture": "#0"
				},
				"south": {
					"uv": [
						2,
						0,
						4,
						2
					],
					"texture": "#0"
				},
				"west": {
					"uv": [
						2,
						2,
						4,
						4
					],
					"texture": "#0"
				},
				"up": {
					"uv": [
						2,
						6,
						0,
						4
					],
					"texture": "#0"
				},
				"down": {
					"uv": [
						6,
						0,
						4,
						2
					],
					"texture": "#0"
				}
			}
		}
	],
	"display": {
		"head": {
			"rotation": [
				0,
				180,
				0
			]
		}
	}
}