{
	"textures": {
		"0": "animated_java:item/holily/shiny"
	},
	"elements": [
		{
			"from": [
				6,
				2.32843,
				7.9
			],
			"to": [
				10,
				7.32843,
				7.9
			],
			"rotation": {
				"angle": -45,
				"axis": "x",
				"origin": [
					8.5,
					5.32843,
					8
				]
			},
			"faces": {
				"north": {
					"uv": [
						2.25,
						6.75,
						3.25,
						8
					],
					"texture": "#0"
				},
				"east": {
					"uv": [
						0,
						0,
						0,
						1.25
					],
					"texture": "#0"
				},
				"south": {
					"uv": [
						6.75,
						6,
						7.75,
						7.25
					],
					"texture": "#0"
				},
				"west": {
					"uv": [
						0,
						0,
						0,
						1.25
					],
					"texture": "#0"
				},
				"up": {
					"uv": [
						1,
						0,
						0,
						0
					],
					"texture": "#0"
				},
				"down": {
					"uv": [
						1,
						0,
						0,
						0
					],
					"texture": "#0"
				}
			}
		}
	],
	"display": {
		"head": {
			"rotation": [
				0,
				180,
				0
			]
		}
	}
}