{
	"textures": {
		"0": "animated_java:item/holily/shiny"
	},
	"elements": [
		{
			"from": [
				8,
				7.5,
				8
			],
			"to": [
				8,
				8.5,
				13
			],
			"rotation": {
				"angle": 0,
				"axis": "y",
				"origin": [
					8,
					7.5,
					9
				]
			},
			"faces": {
				"north": {
					"uv": [
						0,
						0,
						0,
						0.25
					],
					"texture": "#0"
				},
				"east": {
					"uv": [
						7,
						7.5,
						8.25,
						7.75
					],
					"texture": "#0"
				},
				"south": {
					"uv": [
						0,
						0,
						0,
						0.25
					],
					"texture": "#0"
				},
				"west": {
					"uv": [
						7.75,
						1.5,
						9,
						1.75
					],
					"texture": "#0"
				},
				"up": {
					"uv": [
						0,
						1.25,
						0,
						0
					],
					"texture": "#0"
				},
				"down": {
					"uv": [
						0,
						0,
						0,
						1.25
					],
					"texture": "#0"
				}
			}
		}
	],
	"display": {
		"head": {
			"rotation": [
				0,
				180,
				0
			]
		}
	}
}