{
	"textures": {
		"0": "animated_java:item/holily/shiny"
	},
	"elements": [
		{
			"from": [
				6,
				5.07843,
				10.75
			],
			"to": [
				10,
				10.07843,
				10.75
			],
			"rotation": {
				"angle": -45,
				"axis": "x",
				"origin": [
					8.5,
					8.07843,
					10.75
				]
			},
			"faces": {
				"north": {
					"uv": [
						7,
						2.5,
						8,
						3.75
					],
					"texture": "#0"
				},
				"east": {
					"uv": [
						0,
						0,
						0,
						1.25
					],
					"texture": "#0"
				},
				"south": {
					"uv": [
						7,
						3.75,
						8,
						5
					],
					"texture": "#0"
				},
				"west": {
					"uv": [
						0,
						0,
						0,
						1.25
					],
					"texture": "#0"
				},
				"up": {
					"uv": [
						1,
						0,
						0,
						0
					],
					"texture": "#0"
				},
				"down": {
					"uv": [
						1,
						0,
						0,
						0
					],
					"texture": "#0"
				}
			}
		}
	],
	"display": {
		"head": {
			"rotation": [
				0,
				180,
				0
			]
		}
	}
}