{
	"textures": {
		"0": "animated_java:item/mosquitorch/mosquitorchsprite"
	},
	"elements": [
		{
			"from": [
				8,
				0.8067599999999997,
				7.57456
			],
			"to": [
				8,
				7.806760000000001,
				8.57456
			],
			"rotation": {
				"angle": 0,
				"axis": "y",
				"origin": [
					9,
					7.7290600000000005,
					7.95442
				]
			},
			"faces": {
				"east": {
					"uv": [
						8,
						8,
						9,
						1
					],
					"texture": "#0"
				},
				"west": {
					"uv": [
						8,
						8,
						9,
						1
					],
					"texture": "#0"
				}
			}
		}
	],
	"display": {
		"head": {
			"rotation": [
				0,
				180,
				0
			]
		}
	}
}