{
	"textures": {
		"0": "animated_java:item/mosquitorch/mosquitorchsprite"
	},
	"elements": [
		{
			"from": [
				8,
				-1,
				8
			],
			"to": [
				9,
				8,
				9
			],
			"rotation": {
				"angle": 0,
				"axis": "y",
				"origin": [
					8,
					-1,
					8
				]
			},
			"faces": {
				"north": {
					"uv": [
						0,
						7,
						1,
						16
					],
					"texture": "#0"
				},
				"east": {
					"uv": [
						1,
						7,
						2,
						16
					],
					"texture": "#0"
				},
				"south": {
					"uv": [
						2,
						7,
						3,
						16
					],
					"texture": "#0"
				},
				"west": {
					"uv": [
						3,
						7,
						4,
						16
					],
					"texture": "#0"
				},
				"up": {
					"uv": [
						4,
						7,
						5,
						8
					],
					"texture": "#0"
				},
				"down": {
					"uv": [
						4,
						8,
						5,
						9
					],
					"texture": "#0"
				}
			}
		}
	],
	"display": {
		"head": {
			"rotation": [
				0,
				180,
				0
			]
		}
	}
}