{
	"textures": {
		"0": "animated_java:item/flarent/flarent"
	},
	"elements": [
		{
			"from": [
				8,
				7,
				5.9
			],
			"to": [
				8,
				13,
				11.9
			],
			"rotation": {
				"angle": 22.5,
				"axis": "x",
				"origin": [
					8,
					9,
					8.5
				]
			},
			"faces": {
				"north": {
					"uv": [
						9.5,
						8.75,
						9.5,
						10.25
					],
					"texture": "#0"
				},
				"east": {
					"uv": [
						8,
						8.75,
						9.5,
						10.25
					],
					"texture": "#0"
				},
				"south": {
					"uv": [
						11,
						8.75,
						11,
						10.25
					],
					"texture": "#0"
				},
				"west": {
					"uv": [
						9.5,
						8.75,
						11,
						10.25
					],
					"texture": "#0"
				},
				"up": {
					"uv": [
						9.5,
						8.75,
						9.5,
						7.25
					],
					"texture": "#0"
				},
				"down": {
					"uv": [
						9.5,
						7.25,
						9.5,
						8.75
					],
					"texture": "#0"
				}
			}
		}
	],
	"display": {
		"head": {
			"rotation": [
				0,
				180,
				0
			]
		}
	}
}