{
	"textures": {
		"0": "animated_java:item/wingeed/shiny"
	},
	"elements": [
		{
			"from": [
				1.75,
				5.5,
				7
			],
			"to": [
				5.75,
				10.5,
				8
			],
			"rotation": {
				"angle": -22.5,
				"axis": "z",
				"origin": [
					5.75,
					3.5,
					13
				]
			},
			"faces": {
				"north": {
					"uv": [
						3,
						3.75,
						3.5,
						4.375
					],
					"texture": "#0"
				},
				"east": {
					"uv": [
						1.375,
						6.625,
						1.5,
						7.25
					],
					"texture": "#0"
				},
				"south": {
					"uv": [
						3,
						4.375,
						3.5,
						5
					],
					"texture": "#0"
				},
				"west": {
					"uv": [
						2.375,
						6.625,
						2.5,
						7.25
					],
					"texture": "#0"
				},
				"up": {
					"uv": [
						3,
						5.875,
						2.5,
						5.75
					],
					"texture": "#0"
				},
				"down": {
					"uv": [
						3,
						5.875,
						2.5,
						6
					],
					"texture": "#0"
				}
			}
		},
		{
			"from": [
				10,
				7,
				7
			],
			"to": [
				14,
				12,
				8
			],
			"rotation": {
				"angle": 22.5,
				"axis": "z",
				"origin": [
					14,
					5,
					13
				]
			},
			"faces": {
				"north": {
					"uv": [
						2.5,
						5.125,
						3,
						5.75
					],
					"texture": "#0"
				},
				"east": {
					"uv": [
						7.25,
						5,
						7.375,
						5.625
					],
					"texture": "#0"
				},
				"south": {
					"uv": [
						7.25,
						1.25,
						7.75,
						1.875
					],
					"texture": "#0"
				},
				"west": {
					"uv": [
						2.25,
						7.375,
						2.375,
						8
					],
					"texture": "#0"
				},
				"up": {
					"uv": [
						3,
						6.125,
						2.5,
						6
					],
					"texture": "#0"
				},
				"down": {
					"uv": [
						3,
						6.125,
						2.5,
						6.25
					],
					"texture": "#0"
				}
			}
		}
	],
	"display": {
		"head": {
			"rotation": [
				0,
				180,
				0
			]
		}
	}
}