{
	"textures": {
		"0": "animated_java:item/wingeed/shiny"
	},
	"elements": [
		{
			"from": [
				1,
				8,
				2
			],
			"to": [
				15,
				12,
				14
			],
			"rotation": {
				"angle": 0,
				"axis": "y",
				"origin": [
					8,
					8,
					8
				]
			},
			"faces": {
				"north": {
					"uv": [
						6.375,
						3.125,
						8.125,
						3.625
					],
					"texture": "#0"
				},
				"east": {
					"uv": [
						7,
						5.875,
						8.5,
						6.375
					],
					"texture": "#0"
				},
				"south": {
					"uv": [
						6.375,
						3.625,
						8.125,
						4.125
					],
					"texture": "#0"
				},
				"west": {
					"uv": [
						7,
						6.375,
						8.5,
						6.875
					],
					"texture": "#0"
				},
				"up": {
					"uv": [
						1.75,
						3.75,
						0,
						2.25
					],
					"texture": "#0"
				},
				"down": {
					"uv": [
						3.5,
						2.25,
						1.75,
						3.75
					],
					"texture": "#0"
				}
			}
		}
	],
	"display": {
		"head": {
			"rotation": [
				0,
				180,
				0
			]
		}
	}
}