{
	"textures": {
		"0": "animated_java:item/wingeed/shiny"
	},
	"elements": [
		{
			"from": [
				2,
				7,
				3
			],
			"to": [
				14,
				9,
				13
			],
			"rotation": {
				"angle": 0,
				"axis": "y",
				"origin": [
					8,
					8,
					9
				]
			},
			"faces": {
				"north": {
					"uv": [
						6.375,
						4.75,
						7.875,
						5
					],
					"texture": "#0"
				},
				"east": {
					"uv": [
						7.25,
						0.75,
						8.5,
						1
					],
					"texture": "#0"
				},
				"south": {
					"uv": [
						7.25,
						0.5,
						8.75,
						0.75
					],
					"texture": "#0"
				},
				"west": {
					"uv": [
						7.25,
						1,
						8.5,
						1.25
					],
					"texture": "#0"
				},
				"up": {
					"uv": [
						4.5,
						6.25,
						3,
						5
					],
					"texture": "#0"
				},
				"down": {
					"uv": [
						6,
						5,
						4.5,
						6.25
					],
					"texture": "#0"
				}
			}
		}
	],
	"display": {
		"head": {
			"rotation": [
				0,
				180,
				0
			]
		}
	}
}