{
	"textures": {
		"0": "animated_java:item/wingeed/shiny"
	},
	"elements": [
		{
			"from": [
				3,
				7,
				4
			],
			"to": [
				13,
				15,
				12
			],
			"rotation": {
				"angle": 0,
				"axis": "y",
				"origin": [
					8,
					7,
					8
				]
			},
			"faces": {
				"north": {
					"uv": [
						5.125,
						2,
						6.375,
						3
					],
					"texture": "#0"
				},
				"east": {
					"uv": [
						6,
						5.875,
						7,
						6.875
					],
					"texture": "#0"
				},
				"south": {
					"uv": [
						5.125,
						3,
						6.375,
						4
					],
					"texture": "#0"
				},
				"west": {
					"uv": [
						2.5,
						6.25,
						3.5,
						7.25
					],
					"texture": "#0"
				},
				"up": {
					"uv": [
						6.375,
						5,
						5.125,
						4
					],
					"texture": "#0"
				},
				"down": {
					"uv": [
						7.25,
						0,
						6,
						1
					],
					"texture": "#0"
				}
			}
		}
	],
	"display": {
		"head": {
			"rotation": [
				0,
				180,
				0
			]
		}
	}
}