{
	"textures": {
		"0": "animated_java:item/wingeed/shiny"
	},
	"elements": [
		{
			"from": [
				7,
				0,
				7
			],
			"to": [
				9,
				8,
				9
			],
			"rotation": {
				"angle": 0,
				"axis": "y",
				"origin": [
					8,
					6,
					8
				]
			},
			"faces": {
				"north": {
					"uv": [
						6.25,
						7.375,
						6.5,
						8.375
					],
					"texture": "#0"
				},
				"east": {
					"uv": [
						6.5,
						7.375,
						6.75,
						8.375
					],
					"texture": "#0"
				},
				"south": {
					"uv": [
						6.75,
						7.375,
						7,
						8.375
					],
					"texture": "#0"
				},
				"west": {
					"uv": [
						7,
						7.375,
						7.25,
						8.375
					],
					"texture": "#0"
				},
				"up": {
					"uv": [
						7.5,
						5.875,
						7.25,
						5.625
					],
					"texture": "#0"
				},
				"down": {
					"uv": [
						7.625,
						5,
						7.375,
						5.25
					],
					"texture": "#0"
				}
			}
		}
	],
	"display": {
		"head": {
			"rotation": [
				0,
				180,
				0
			]
		}
	}
}