{
	"textures": {
		"0": "animated_java:item/wingeed/shiny"
	},
	"elements": [
		{
			"from": [
				8,
				8,
				7
			],
			"to": [
				8,
				21,
				9
			],
			"rotation": {
				"angle": 0,
				"axis": "y",
				"origin": [
					7,
					8,
					8
				]
			},
			"faces": {
				"north": {
					"uv": [
						0,
						0,
						0,
						1.625
					],
					"texture": "#0"
				},
				"east": {
					"uv": [
						2.375,
						7.25,
						2.625,
						8.875
					],
					"texture": "#0"
				},
				"south": {
					"uv": [
						0,
						0,
						0,
						1.625
					],
					"texture": "#0"
				},
				"west": {
					"uv": [
						2.625,
						7.25,
						2.875,
						8.875
					],
					"texture": "#0"
				},
				"up": {
					"uv": [
						0,
						0.25,
						0,
						0
					],
					"texture": "#0"
				},
				"down": {
					"uv": [
						0,
						0,
						0,
						0.25
					],
					"texture": "#0"
				}
			}
		}
	],
	"display": {
		"head": {
			"rotation": [
				0,
				180,
				0
			]
		}
	}
}