{
	"textures": {
		"0": "animated_java:item/wingeed/shiny"
	},
	"elements": [
		{
			"from": [
				7,
				0,
				7
			],
			"to": [
				9,
				8,
				9
			],
			"rotation": {
				"angle": 0,
				"axis": "y",
				"origin": [
					8,
					6,
					8
				]
			},
			"faces": {
				"north": {
					"uv": [
						7.25,
						7.375,
						7.5,
						8.375
					],
					"texture": "#0"
				},
				"east": {
					"uv": [
						3.375,
						7.5,
						3.625,
						8.5
					],
					"texture": "#0"
				},
				"south": {
					"uv": [
						3.625,
						7.5,
						3.875,
						8.5
					],
					"texture": "#0"
				},
				"west": {
					"uv": [
						3.875,
						7.5,
						4.125,
						8.5
					],
					"texture": "#0"
				},
				"up": {
					"uv": [
						7.625,
						5.5,
						7.375,
						5.25
					],
					"texture": "#0"
				},
				"down": {
					"uv": [
						4.375,
						7.5,
						4.125,
						7.75
					],
					"texture": "#0"
				}
			}
		}
	],
	"display": {
		"head": {
			"rotation": [
				0,
				180,
				0
			]
		}
	}
}