{
	"textures": {
		"0": "animated_java:item/wingeed/shiny"
	},
	"elements": [
		{
			"from": [
				2,
				5.5,
				2.5
			],
			"to": [
				14,
				10.5,
				13.5
			],
			"rotation": {
				"angle": 0,
				"axis": "y",
				"origin": [
					8,
					-0.5,
					8.5
				]
			},
			"faces": {
				"north": {
					"uv": [
						6.375,
						1.875,
						7.875,
						2.5
					],
					"texture": "#0"
				},
				"east": {
					"uv": [
						6.375,
						4.125,
						7.75,
						4.75
					],
					"texture": "#0"
				},
				"south": {
					"uv": [
						6.375,
						2.5,
						7.875,
						3.125
					],
					"texture": "#0"
				},
				"west": {
					"uv": [
						0,
						6.625,
						1.375,
						7.25
					],
					"texture": "#0"
				},
				"up": {
					"uv": [
						1.5,
						5.125,
						0,
						3.75
					],
					"texture": "#0"
				},
				"down": {
					"uv": [
						3,
						3.75,
						1.5,
						5.125
					],
					"texture": "#0"
				}
			}
		}
	],
	"display": {
		"head": {
			"rotation": [
				0,
				180,
				0
			]
		}
	}
}