{
	"textures": {
		"0": "animated_java:item/wingeed/shiny"
	},
	"elements": [
		{
			"from": [
				8,
				8,
				3
			],
			"to": [
				8,
				20,
				13
			],
			"rotation": {
				"angle": 0,
				"axis": "y",
				"origin": [
					8,
					-10,
					8
				]
			},
			"faces": {
				"north": {
					"uv": [
						0,
						0,
						0,
						1.5
					],
					"texture": "#0"
				},
				"east": {
					"uv": [
						0,
						5.125,
						1.25,
						6.625
					],
					"texture": "#0"
				},
				"south": {
					"uv": [
						0,
						0,
						0,
						1.5
					],
					"texture": "#0"
				},
				"west": {
					"uv": [
						1.25,
						5.125,
						2.5,
						6.625
					],
					"texture": "#0"
				},
				"up": {
					"uv": [
						0,
						1.25,
						0,
						0
					],
					"texture": "#0"
				},
				"down": {
					"uv": [
						0,
						0,
						0,
						1.25
					],
					"texture": "#0"
				}
			}
		}
	],
	"display": {
		"head": {
			"rotation": [
				0,
				180,
				0
			]
		}
	}
}