{
	"textures": {
		"0": "animated_java:item/wingeed/shiny"
	},
	"elements": [
		{
			"from": [
				3,
				6,
				4.5
			],
			"to": [
				13,
				12,
				11.5
			],
			"rotation": {
				"angle": 0,
				"axis": "y",
				"origin": [
					8,
					2,
					8.5
				]
			},
			"faces": {
				"north": {
					"uv": [
						3.5,
						6.25,
						4.75,
						7
					],
					"texture": "#0"
				},
				"east": {
					"uv": [
						1.5,
						6.625,
						2.375,
						7.375
					],
					"texture": "#0"
				},
				"south": {
					"uv": [
						4.75,
						6.25,
						6,
						7
					],
					"texture": "#0"
				},
				"west": {
					"uv": [
						5.125,
						7,
						6,
						7.75
					],
					"texture": "#0"
				},
				"up": {
					"uv": [
						7.25,
						1.875,
						6,
						1
					],
					"texture": "#0"
				},
				"down": {
					"uv": [
						7.25,
						5,
						6,
						5.875
					],
					"texture": "#0"
				}
			}
		}
	],
	"display": {
		"head": {
			"rotation": [
				0,
				180,
				0
			]
		}
	}
}