{
	"textures": {
		"0": "animated_java:item/wingeed/shiny"
	},
	"elements": [
		{
			"from": [
				3.75,
				8,
				1.5
			],
			"to": [
				16.75,
				12,
				13.5
			],
			"rotation": {
				"angle": 0,
				"axis": "y",
				"origin": [
					9.75,
					8,
					8.5
				]
			},
			"faces": {
				"north": {
					"uv": [
						6,
						6.875,
						7.625,
						7.375
					],
					"texture": "#0"
				},
				"east": {
					"uv": [
						0,
						7.25,
						1.5,
						7.75
					],
					"texture": "#0"
				},
				"south": {
					"uv": [
						3.5,
						7,
						5.125,
						7.5
					],
					"texture": "#0"
				},
				"west": {
					"uv": [
						7.25,
						0,
						8.75,
						0.5
					],
					"texture": "#0"
				},
				"up": {
					"uv": [
						5.125,
						3.5,
						3.5,
						2
					],
					"texture": "#0"
				},
				"down": {
					"uv": [
						5.125,
						3.5,
						3.5,
						5
					],
					"texture": "#0"
				}
			}
		}
	],
	"display": {
		"head": {
			"rotation": [
				0,
				180,
				0
			]
		}
	}
}