{
	"textures": {
		"0": "animated_java:item/wingeed/shiny"
	},
	"elements": [
		{
			"from": [
				-2,
				0,
				8
			],
			"to": [
				18,
				8,
				8
			],
			"rotation": {
				"angle": 22.5,
				"axis": "x",
				"origin": [
					8,
					8,
					8
				]
			},
			"faces": {
				"north": {
					"uv": [
						3.5,
						0,
						6,
						1
					],
					"texture": "#0"
				},
				"east": {
					"uv": [
						0,
						0,
						0,
						1
					],
					"texture": "#0"
				},
				"south": {
					"uv": [
						3.5,
						1,
						6,
						2
					],
					"texture": "#0"
				},
				"west": {
					"uv": [
						0,
						0,
						0,
						1
					],
					"texture": "#0"
				},
				"up": {
					"uv": [
						2.5,
						0,
						0,
						0
					],
					"texture": "#0"
				},
				"down": {
					"uv": [
						2.5,
						0,
						0,
						0
					],
					"texture": "#0"
				}
			}
		}
	],
	"display": {
		"head": {
			"rotation": [
				0,
				180,
				0
			]
		}
	}
}