{
	"textures": {
		"0": "animated_java:item/dahliasis/shiny"
	},
	"elements": [
		{
			"from": [
				7.5,
				3.2505300000000004,
				7.45599
			],
			"to": [
				8.5,
				8.250530000000001,
				8.45599
			],
			"rotation": {
				"angle": 22.5,
				"axis": "x",
				"origin": [
					8,
					8.25,
					8
				]
			},
			"faces": {
				"north": {
					"uv": [
						5.75,
						10,
						6,
						11.25
					],
					"texture": "#0"
				},
				"east": {
					"uv": [
						1.25,
						11.5,
						1.5,
						12.75
					],
					"texture": "#0"
				},
				"south": {
					"uv": [
						2.5,
						13,
						2.75,
						14.25
					],
					"texture": "#0"
				},
				"west": {
					"uv": [
						10,
						13.25,
						10.25,
						14.5
					],
					"texture": "#0"
				},
				"up": {
					"uv": [
						6,
						11.5,
						5.75,
						11.25
					],
					"texture": "#0"
				},
				"down": {
					"uv": [
						6,
						11.5,
						5.75,
						11.75
					],
					"texture": "#0"
				}
			}
		}
	],
	"display": {
		"head": {
			"rotation": [
				0,
				180,
				0
			]
		}
	}
}