{
	"textures": {
		"0": "animated_java:item/dahliasis/shiny"
	},
	"elements": [
		{
			"from": [
				7.03553,
				6.75,
				0.03552999999999962
			],
			"to": [
				15.03553,
				13.75,
				8.03553
			],
			"rotation": {
				"angle": 45,
				"axis": "y",
				"origin": [
					8.5,
					8.75,
					6.5
				]
			},
			"faces": {
				"north": {
					"uv": [
						6,
						8,
						8,
						9.75
					],
					"texture": "#0"
				},
				"east": {
					"uv": [
						8,
						6,
						10,
						7.75
					],
					"texture": "#0"
				},
				"south": {
					"uv": [
						8,
						7.75,
						10,
						9.5
					],
					"texture": "#0"
				},
				"west": {
					"uv": [
						8.25,
						0,
						10.25,
						1.75
					],
					"texture": "#0"
				},
				"up": {
					"uv": [
						2,
						5.5,
						0,
						3.5
					],
					"texture": "#0"
				},
				"down": {
					"uv": [
						6.25,
						0,
						4.25,
						2
					],
					"texture": "#0"
				}
			}
		},
		{
			"from": [
				8.42,
				7.75,
				-0.8000000000000007
			],
			"to": [
				16.42,
				12.75,
				7.2
			],
			"rotation": {
				"angle": 45,
				"axis": "y",
				"origin": [
					8.5,
					8.75,
					7
				]
			},
			"faces": {
				"north": {
					"uv": [
						10,
						5.75,
						12,
						7
					],
					"texture": "#0"
				},
				"east": {
					"uv": [
						10,
						7,
						12,
						8.25
					],
					"texture": "#0"
				},
				"south": {
					"uv": [
						10,
						8.25,
						12,
						9.5
					],
					"texture": "#0"
				},
				"west": {
					"uv": [
						10.25,
						0,
						12.25,
						1.25
					],
					"texture": "#0"
				},
				"up": {
					"uv": [
						6.25,
						4,
						4.25,
						2
					],
					"texture": "#0"
				},
				"down": {
					"uv": [
						6.25,
						4,
						4.25,
						6
					],
					"texture": "#0"
				}
			}
		},
		{
			"from": [
				7.57,
				8.75,
				-5.5
			],
			"to": [
				9.57,
				10.75,
				-0.5
			],
			"rotation": {
				"angle": -22.5,
				"axis": "x",
				"origin": [
					8,
					8.25,
					-3.5
				]
			},
			"faces": {
				"north": {
					"uv": [
						12,
						13.25,
						12.5,
						13.75
					],
					"texture": "#0"
				},
				"east": {
					"uv": [
						10.25,
						1.25,
						11.5,
						1.75
					],
					"texture": "#0"
				},
				"south": {
					"uv": [
						12.5,
						13.25,
						13,
						13.75
					],
					"texture": "#0"
				},
				"west": {
					"uv": [
						11.75,
						12.75,
						13,
						13.25
					],
					"texture": "#0"
				},
				"up": {
					"uv": [
						1.5,
						14,
						1,
						12.75
					],
					"texture": "#0"
				},
				"down": {
					"uv": [
						2,
						13,
						1.5,
						14.25
					],
					"texture": "#0"
				}
			}
		},
		{
			"from": [
				6,
				5.70567,
				3.3044700000000002
			],
			"to": [
				11,
				9.70567,
				11.30447
			],
			"rotation": {
				"angle": 22.5,
				"axis": "x",
				"origin": [
					8.5,
					8.25,
					7.5
				]
			},
			"faces": {
				"north": {
					"uv": [
						7.5,
						11.5,
						8.75,
						12.5
					],
					"texture": "#0"
				},
				"east": {
					"uv": [
						11.5,
						1.25,
						13.5,
						2.25
					],
					"texture": "#0"
				},
				"south": {
					"uv": [
						8.75,
						11.5,
						10,
						12.5
					],
					"texture": "#0"
				},
				"west": {
					"uv": [
						11.5,
						2.25,
						13.5,
						3.25
					],
					"texture": "#0"
				},
				"up": {
					"uv": [
						2.75,
						13,
						1.5,
						11
					],
					"texture": "#0"
				},
				"down": {
					"uv": [
						12.25,
						9.5,
						11,
						11.5
					],
					"texture": "#0"
				}
			}
		}
	],
	"display": {
		"head": {
			"rotation": [
				0,
				180,
				0
			]
		}
	}
}