{
	"textures": {
		"0": "animated_java:item/dahliasis/shiny"
	},
	"elements": [
		{
			"from": [
				5,
				5.34725,
				6.02478
			],
			"to": [
				8,
				10.34725,
				10.02478
			],
			"rotation": {
				"angle": 22.5,
				"axis": "x",
				"origin": [
					7,
					8,
					8.5
				]
			},
			"faces": {
				"north": {
					"uv": [
						12,
						7.5,
						12.75,
						8.75
					],
					"texture": "#0"
				},
				"east": {
					"uv": [
						5,
						11.75,
						6,
						13
					],
					"texture": "#0"
				},
				"south": {
					"uv": [
						12,
						11.5,
						12.75,
						12.75
					],
					"texture": "#0"
				},
				"west": {
					"uv": [
						6,
						11.75,
						7,
						13
					],
					"texture": "#0"
				},
				"up": {
					"uv": [
						11.75,
						13.75,
						11,
						12.75
					],
					"texture": "#0"
				},
				"down": {
					"uv": [
						13.5,
						11.5,
						12.75,
						12.5
					],
					"texture": "#0"
				}
			}
		}
	],
	"display": {
		"head": {
			"rotation": [
				0,
				180,
				0
			]
		}
	}
}