{
	"textures": {
		"0": "animated_java:item/toxigoon/sludge_evotex"
	},
	"elements": [
		{
			"from": [
				8,
				3,
				4
			],
			"to": [
				14,
				9,
				10
			],
			"rotation": {
				"angle": -22.5,
				"axis": "y",
				"origin": [
					8,
					3,
					4
				]
			},
			"faces": {
				"north": {
					"uv": [
						7,
						8.25,
						8.5,
						9.75
					],
					"texture": "#0"
				},
				"east": {
					"uv": [
						5.5,
						8.25,
						7,
						9.75
					],
					"texture": "#0"
				},
				"south": {
					"uv": [
						10,
						8.25,
						11.5,
						9.75
					],
					"texture": "#0"
				},
				"west": {
					"uv": [
						8.5,
						8.25,
						10,
						9.75
					],
					"texture": "#0"
				},
				"up": {
					"uv": [
						8.5,
						8.25,
						7,
						6.75
					],
					"texture": "#0"
				},
				"down": {
					"uv": [
						10,
						6.75,
						8.5,
						8.25
					],
					"texture": "#0"
				}
			}
		}
	],
	"display": {
		"head": {
			"rotation": [
				0,
				180,
				0
			]
		}
	}
}