{
	"textures": {
		"0": "animated_java:item/toxigoon/sludge_evotex"
	},
	"elements": [
		{
			"from": [
				5,
				7,
				4
			],
			"to": [
				9,
				9,
				9
			],
			"rotation": {
				"angle": 0,
				"axis": "y",
				"origin": [
					5,
					7,
					6
				]
			},
			"faces": {
				"north": {
					"uv": [
						1.25,
						9.5,
						2.25,
						10
					],
					"texture": "#0"
				},
				"east": {
					"uv": [
						0,
						9.5,
						1.25,
						10
					],
					"texture": "#0"
				},
				"south": {
					"uv": [
						3.5,
						9.5,
						4.5,
						10
					],
					"texture": "#0"
				},
				"west": {
					"uv": [
						2.25,
						9.5,
						3.5,
						10
					],
					"texture": "#0"
				},
				"up": {
					"uv": [
						2.25,
						9.5,
						1.25,
						8.25
					],
					"texture": "#0"
				},
				"down": {
					"uv": [
						3.25,
						8.25,
						2.25,
						9.5
					],
					"texture": "#0"
				}
			}
		}
	],
	"display": {
		"head": {
			"rotation": [
				0,
				180,
				0
			]
		}
	}
}