{
	"textures": {
		"0": "animated_java:item/abysculk/shiny"
	},
	"elements": [
		{
			"from": [
				8,
				1,
				4
			],
			"to": [
				8,
				8,
				12
			],
			"rotation": {
				"angle": 0,
				"axis": "y",
				"origin": [
					8,
					8,
					8
				]
			},
			"faces": {
				"north": {
					"uv": [
						0,
						0,
						0,
						1.75
					],
					"texture": "#0"
				},
				"east": {
					"uv": [
						2,
						5.5,
						4,
						7.25
					],
					"texture": "#0"
				},
				"south": {
					"uv": [
						0,
						0,
						0,
						1.75
					],
					"texture": "#0"
				},
				"west": {
					"uv": [
						0,
						6,
						2,
						7.75
					],
					"texture": "#0"
				},
				"up": {
					"uv": [
						0,
						2,
						0,
						0
					],
					"texture": "#0"
				},
				"down": {
					"uv": [
						0,
						0,
						0,
						2
					],
					"texture": "#0"
				}
			}
		}
	],
	"display": {
		"head": {
			"rotation": [
				0,
				180,
				0
			]
		}
	}
}