{
	"textures": {
		"0": "animated_java:item/dahliasis/texture"
	},
	"elements": [
		{
			"from": [
				7,
				7.317830000000001,
				7.954269999999999
			],
			"to": [
				9,
				9.06783,
				14.954270000000001
			],
			"rotation": {
				"angle": -22.5,
				"axis": "x",
				"origin": [
					8,
					8,
					8
				]
			},
			"faces": {
				"north": {
					"uv": [
						13.5,
						2,
						14,
						2.5
					],
					"texture": "#0"
				},
				"east": {
					"uv": [
						12.75,
						3.25,
						14.5,
						3.75
					],
					"texture": "#0"
				},
				"south": {
					"uv": [
						13.5,
						2.5,
						14,
						3
					],
					"texture": "#0"
				},
				"west": {
					"uv": [
						12.75,
						3.75,
						14.5,
						4.25
					],
					"texture": "#0"
				},
				"up": {
					"uv": [
						9,
						14.25,
						8.5,
						12.5
					],
					"texture": "#0"
				},
				"down": {
					"uv": [
						9.5,
						12.5,
						9,
						14.25
					],
					"texture": "#0"
				}
			}
		}
	],
	"display": {
		"head": {
			"rotation": [
				0,
				180,
				0
			]
		}
	}
}