{
	"textures": {
		"0": "animated_java:item/dahliasis/texture"
	},
	"elements": [
		{
			"from": [
				7,
				7.152620000000001,
				7.897189999999998
			],
			"to": [
				9,
				8.902619999999999,
				13.897189999999998
			],
			"rotation": {
				"angle": -22.5,
				"axis": "x",
				"origin": [
					8,
					8,
					7.75
				]
			},
			"faces": {
				"north": {
					"uv": [
						5.25,
						13.5,
						5.75,
						14
					],
					"texture": "#0"
				},
				"east": {
					"uv": [
						12.75,
						9.25,
						14.25,
						9.75
					],
					"texture": "#0"
				},
				"south": {
					"uv": [
						5.75,
						13.5,
						6.25,
						14
					],
					"texture": "#0"
				},
				"west": {
					"uv": [
						9.5,
						12.75,
						11,
						13.25
					],
					"texture": "#0"
				},
				"up": {
					"uv": [
						2.5,
						5,
						2,
						3.5
					],
					"texture": "#0"
				},
				"down": {
					"uv": [
						2,
						9.5,
						1.5,
						11
					],
					"texture": "#0"
				}
			}
		}
	],
	"display": {
		"head": {
			"rotation": [
				0,
				180,
				0
			]
		}
	}
}