{
	"textures": {
		"0": "animated_java:item/dahliasis/texture"
	},
	"elements": [
		{
			"from": [
				2.1805700000000003,
				7.98743,
				7.857579999999999
			],
			"to": [
				7.68057,
				7.98743,
				15.857579999999999
			],
			"rotation": {
				"angle": 0,
				"axis": "y",
				"origin": [
					7.93057,
					7.98743,
					7.837299999999999
				]
			},
			"faces": {
				"north": {
					"uv": [
						0,
						0,
						1.5,
						0
					],
					"texture": "#0"
				},
				"east": {
					"uv": [
						0,
						0,
						2,
						0
					],
					"texture": "#0"
				},
				"south": {
					"uv": [
						0,
						0,
						1.5,
						0
					],
					"texture": "#0"
				},
				"west": {
					"uv": [
						0,
						0,
						2,
						0
					],
					"texture": "#0"
				},
				"up": {
					"uv": [
						7.5,
						11.75,
						6,
						9.75
					],
					"texture": "#0"
				},
				"down": {
					"uv": [
						11.5,
						1.75,
						10,
						3.75
					],
					"texture": "#0"
				}
			}
		}
	],
	"display": {
		"head": {
			"rotation": [
				0,
				180,
				0
			]
		}
	}
}