{
	"textures": {
		"0": "animated_java:item/dahliasis/texture"
	},
	"elements": [
		{
			"from": [
				7.98,
				4.37754,
				8.00477
			],
			"to": [
				7.98,
				12.12754,
				16.00477
			],
			"rotation": {
				"angle": 0,
				"axis": "y",
				"origin": [
					8,
					8.25,
					8
				]
			},
			"faces": {
				"north": {
					"uv": [
						0,
						0,
						0,
						2
					],
					"texture": "#0"
				},
				"east": {
					"uv": [
						6.25,
						0,
						8.25,
						2
					],
					"texture": "#0"
				},
				"south": {
					"uv": [
						0,
						0,
						0,
						2
					],
					"texture": "#0"
				},
				"west": {
					"uv": [
						6.25,
						2,
						8.25,
						4
					],
					"texture": "#0"
				},
				"up": {
					"uv": [
						0,
						2,
						0,
						0
					],
					"texture": "#0"
				},
				"down": {
					"uv": [
						0,
						0,
						0,
						2
					],
					"texture": "#0"
				}
			}
		}
	],
	"display": {
		"head": {
			"rotation": [
				0,
				180,
				0
			]
		}
	}
}