{
	"textures": {
		"0": "animated_java:item/dahliasis/texture"
	},
	"elements": [
		{
			"from": [
				7,
				8,
				7
			],
			"to": [
				9,
				10,
				16
			],
			"rotation": {
				"angle": 0,
				"axis": "y",
				"origin": [
					8,
					8,
					8
				]
			},
			"faces": {
				"north": {
					"uv": [
						13.5,
						9.75,
						14,
						10.25
					],
					"texture": "#0"
				},
				"east": {
					"uv": [
						11.5,
						5.25,
						13.75,
						5.75
					],
					"texture": "#0"
				},
				"south": {
					"uv": [
						13.5,
						10.25,
						14,
						10.75
					],
					"texture": "#0"
				},
				"west": {
					"uv": [
						12,
						5.75,
						14.25,
						6.25
					],
					"texture": "#0"
				},
				"up": {
					"uv": [
						7.5,
						14,
						7,
						11.75
					],
					"texture": "#0"
				},
				"down": {
					"uv": [
						4,
						12,
						3.5,
						14.25
					],
					"texture": "#0"
				}
			}
		}
	],
	"display": {
		"head": {
			"rotation": [
				0,
				180,
				0
			]
		}
	}
}