{
	"textures": {
		"0": "animated_java:item/abysculk/abysculk"
	},
	"elements": [
		{
			"from": [
				4,
				1,
				8
			],
			"to": [
				9,
				8,
				8
			],
			"rotation": {
				"angle": 0,
				"axis": "y",
				"origin": [
					9,
					8,
					8
				]
			},
			"faces": {
				"north": {
					"uv": [
						2,
						7.25,
						3.25,
						9
					],
					"texture": "#0"
				},
				"east": {
					"uv": [
						0,
						0,
						0,
						1.75
					],
					"texture": "#0"
				},
				"south": {
					"uv": [
						0,
						7.75,
						1.25,
						9.5
					],
					"texture": "#0"
				},
				"west": {
					"uv": [
						0,
						0,
						0,
						1.75
					],
					"texture": "#0"
				},
				"up": {
					"uv": [
						1.25,
						0,
						0,
						0
					],
					"texture": "#0"
				},
				"down": {
					"uv": [
						1.25,
						0,
						0,
						0
					],
					"texture": "#0"
				}
			}
		}
	],
	"display": {
		"head": {
			"rotation": [
				0,
				180,
				0
			]
		}
	}
}