{
	"textures": {
		"0": "animated_java:item/abysculk/abysculk"
	},
	"elements": [
		{
			"from": [
				8,
				-1,
				6.5
			],
			"to": [
				11,
				10,
				9.5
			],
			"rotation": {
				"angle": 0,
				"axis": "y",
				"origin": [
					9,
					6.75,
					8.5
				]
			},
			"faces": {
				"north": {
					"uv": [
						1.25,
						7.75,
						2,
						10.5
					],
					"texture": "#0"
				},
				"east": {
					"uv": [
						5.75,
						8,
						6.5,
						10.75
					],
					"texture": "#0"
				},
				"south": {
					"uv": [
						6.5,
						8,
						7.25,
						10.75
					],
					"texture": "#0"
				},
				"west": {
					"uv": [
						7.25,
						8,
						8,
						10.75
					],
					"texture": "#0"
				},
				"up": {
					"uv": [
						5.75,
						10.5,
						5,
						9.75
					],
					"texture": "#0"
				},
				"down": {
					"uv": [
						10.5,
						5.75,
						9.75,
						6.5
					],
					"texture": "#0"
				}
			}
		}
	],
	"display": {
		"head": {
			"rotation": [
				0,
				180,
				0
			]
		}
	}
}