{
	"textures": {
		"0": "animated_java:item/archelder/texture"
	},
	"elements": [
		{
			"from": [
				8.5,
				1.25,
				6.75
			],
			"to": [
				9.5,
				9.25,
				8.25
			],
			"rotation": {
				"angle": 22.5,
				"axis": "x",
				"origin": [
					8.5,
					6.25,
					7.75
				]
			},
			"faces": {
				"north": {
					"uv": [
						3.375,
						8.125,
						3.5,
						9.125
					],
					"texture": "#0"
				},
				"east": {
					"uv": [
						1.75,
						7.75,
						2,
						8.75
					],
					"texture": "#0"
				},
				"south": {
					"uv": [
						3.5,
						8.125,
						3.625,
						9.125
					],
					"texture": "#0"
				},
				"west": {
					"uv": [
						2,
						7.75,
						2.25,
						8.75
					],
					"texture": "#0"
				},
				"up": {
					"uv": [
						6.75,
						4.375,
						6.625,
						4.125
					],
					"texture": "#0"
				},
				"down": {
					"uv": [
						3,
						6.875,
						2.875,
						7.125
					],
					"texture": "#0"
				}
			}
		}
	],
	"display": {
		"head": {
			"rotation": [
				0,
				180,
				0
			]
		}
	}
}