{
	"textures": {
		"0": "animated_java:item/archelder/texture"
	},
	"elements": [
		{
			"from": [
				8,
				7.25,
				3.5
			],
			"to": [
				8,
				14.25,
				13.5
			],
			"rotation": {
				"angle": 0,
				"axis": "y",
				"origin": [
					8,
					-5.75,
					21.5
				]
			},
			"faces": {
				"north": {
					"uv": [
						0,
						0,
						0,
						0.875
					],
					"texture": "#0"
				},
				"east": {
					"uv": [
						3,
						3.875,
						4.25,
						4.75
					],
					"texture": "#0"
				},
				"south": {
					"uv": [
						0,
						0,
						0,
						0.875
					],
					"texture": "#0"
				},
				"west": {
					"uv": [
						4,
						0,
						5.25,
						0.875
					],
					"texture": "#0"
				},
				"up": {
					"uv": [
						0,
						1.25,
						0,
						0
					],
					"texture": "#0"
				},
				"down": {
					"uv": [
						0,
						0,
						0,
						1.25
					],
					"texture": "#0"
				}
			}
		}
	],
	"display": {
		"head": {
			"rotation": [
				0,
				180,
				0
			]
		}
	}
}