{
	"textures": {
		"0": "animated_java:item/archelder/texture"
	},
	"elements": [
		{
			"from": [
				7.6,
				4.59,
				8
			],
			"to": [
				8.6,
				10.59,
				16
			],
			"rotation": {
				"angle": 0,
				"axis": "y",
				"origin": [
					8.75,
					8.5,
					8
				]
			},
			"faces": {
				"north": {
					"uv": [
						3.625,
						8.125,
						3.75,
						8.875
					],
					"texture": "#0"
				},
				"east": {
					"uv": [
						0,
						5,
						1,
						5.75
					],
					"texture": "#0"
				},
				"south": {
					"uv": [
						8.125,
						4,
						8.25,
						4.75
					],
					"texture": "#0"
				},
				"west": {
					"uv": [
						1,
						5,
						2,
						5.75
					],
					"texture": "#0"
				},
				"up": {
					"uv": [
						3.75,
						8.125,
						3.625,
						7.125
					],
					"texture": "#0"
				},
				"down": {
					"uv": [
						2.375,
						7.25,
						2.25,
						8.25
					],
					"texture": "#0"
				}
			}
		}
	],
	"display": {
		"head": {
			"rotation": [
				0,
				180,
				0
			]
		}
	}
}