{
	"textures": {
		"0": "animated_java:item/archelder/texture"
	},
	"elements": [
		{
			"from": [
				6,
				3.9134200000000003,
				-0.8806000000000012
			],
			"to": [
				10,
				6.91342,
				5.119400000000001
			],
			"rotation": {
				"angle": 22.5,
				"axis": "x",
				"origin": [
					8,
					0,
					13.5
				]
			},
			"faces": {
				"north": {
					"uv": [
						6.125,
						4.125,
						6.625,
						4.5
					],
					"texture": "#0"
				},
				"east": {
					"uv": [
						7.625,
						0,
						8.375,
						0.375
					],
					"texture": "#0"
				},
				"south": {
					"uv": [
						7.625,
						4,
						8.125,
						4.375
					],
					"texture": "#0"
				},
				"west": {
					"uv": [
						7.625,
						3.125,
						8.375,
						3.5
					],
					"texture": "#0"
				},
				"up": {
					"uv": [
						5.75,
						7.875,
						5.25,
						7.125
					],
					"texture": "#0"
				},
				"down": {
					"uv": [
						7.25,
						7.125,
						6.75,
						7.875
					],
					"texture": "#0"
				}
			}
		}
	],
	"display": {
		"head": {
			"rotation": [
				0,
				180,
				0
			]
		}
	}
}