{
	"textures": {
		"0": "animated_java:item/archelder/texture"
	},
	"elements": [
		{
			"from": [
				7.6,
				4.59,
				8
			],
			"to": [
				8.6,
				10.59,
				16
			],
			"rotation": {
				"angle": 0,
				"axis": "y",
				"origin": [
					8.75,
					8.5,
					8
				]
			},
			"faces": {
				"north": {
					"uv": [
						8.125,
						4.75,
						8.25,
						5.5
					],
					"texture": "#0"
				},
				"east": {
					"uv": [
						2,
						5,
						3,
						5.75
					],
					"texture": "#0"
				},
				"south": {
					"uv": [
						6,
						8.125,
						6.125,
						8.875
					],
					"texture": "#0"
				},
				"west": {
					"uv": [
						5,
						4.75,
						6,
						5.5
					],
					"texture": "#0"
				},
				"up": {
					"uv": [
						8.125,
						5.625,
						8,
						4.625
					],
					"texture": "#0"
				},
				"down": {
					"uv": [
						8.125,
						7.125,
						8,
						8.125
					],
					"texture": "#0"
				}
			}
		}
	],
	"display": {
		"head": {
			"rotation": [
				0,
				180,
				0
			]
		}
	}
}