{
	"textures": {
		"0": "animated_java:item/gwee/shiny"
	},
	"elements": [
		{
			"from": [
				7.65,
				7.5,
				7
			],
			"to": [
				8.35,
				8.5,
				9
			],
			"rotation": {
				"angle": 0,
				"axis": "y",
				"origin": [
					8,
					8,
					8
				]
			},
			"faces": {
				"north": {
					"uv": [
						7,
						3.5,
						7.35,
						4
					],
					"texture": "#0"
				},
				"east": {
					"uv": [
						7,
						3.5,
						7.35,
						4
					],
					"texture": "#0"
				},
				"south": {
					"uv": [
						7,
						3.5,
						7.35,
						4
					],
					"texture": "#0"
				},
				"west": {
					"uv": [
						7,
						3.5,
						7.35,
						4
					],
					"texture": "#0"
				},
				"up": {
					"uv": [
						7,
						3.5,
						7.35,
						4
					],
					"texture": "#0"
				},
				"down": {
					"uv": [
						7,
						3.5,
						7.35,
						4
					],
					"texture": "#0"
				}
			}
		}
	],
	"display": {
		"head": {
			"rotation": [
				0,
				180,
				0
			]
		}
	}
}