{
	"textures": {
		"0": "animated_java:item/gwee/shiny"
	},
	"elements": [
		{
			"from": [
				8,
				8.25,
				6.25
			],
			"to": [
				8,
				11.75,
				9.75
			],
			"rotation": {
				"angle": 0,
				"axis": "y",
				"origin": [
					8,
					10,
					8
				]
			},
			"faces": {
				"north": {
					"uv": [
						11,
						10,
						11,
						12
					],
					"texture": "#0"
				},
				"east": {
					"uv": [
						4.5,
						6,
						6.5,
						8
					],
					"texture": "#0"
				},
				"south": {
					"uv": [
						11,
						10,
						11,
						12
					],
					"texture": "#0"
				},
				"west": {
					"uv": [
						6.5,
						6,
						4.5,
						8
					],
					"texture": "#0"
				},
				"up": {
					"uv": [
						11,
						12,
						11,
						10
					],
					"texture": "#0"
				},
				"down": {
					"uv": [
						11,
						10,
						11,
						12
					],
					"texture": "#0"
				}
			}
		}
	],
	"display": {
		"head": {
			"rotation": [
				0,
				180,
				0
			]
		}
	}
}