{
	"textures": {
		"0": "animated_java:item/reevin/resin_bug"
	},
	"elements": [
		{
			"from": [
				5,
				8,
				8
			],
			"to": [
				10,
				11.5,
				15
			],
			"rotation": {
				"angle": 0,
				"axis": "y",
				"origin": [
					8,
					8.5,
					13.5
				]
			},
			"faces": {
				"north": {
					"uv": [
						1.75,
						1.75,
						3,
						2.5
					],
					"texture": "#0"
				},
				"east": {
					"uv": [
						0,
						1.75,
						1.75,
						2.5
					],
					"texture": "#0"
				},
				"south": {
					"uv": [
						4.75,
						1.75,
						6,
						2.5
					],
					"texture": "#0"
				},
				"west": {
					"uv": [
						3,
						1.75,
						4.75,
						2.5
					],
					"texture": "#0"
				},
				"up": {
					"uv": [
						3,
						1.75,
						1.75,
						0
					],
					"texture": "#0"
				},
				"down": {
					"uv": [
						4.25,
						0,
						3,
						1.75
					],
					"texture": "#0"
				}
			}
		}
	],
	"display": {
		"head": {
			"rotation": [
				0,
				180,
				0
			]
		}
	}
}