{
	"textures": {
		"0": "animated_java:item/reevin/resin_bug"
	},
	"elements": [
		{
			"from": [
				7.9821100000000005,
				7.98059,
				7.99817
			],
			"to": [
				8.98211,
				12.98059,
				7.99817
			],
			"rotation": {
				"angle": 0,
				"axis": "y",
				"origin": [
					8.98211,
					8.98059,
					7.99817
				]
			},
			"faces": {
				"north": {
					"uv": [
						4,
						10,
						4.25,
						11.25
					],
					"texture": "#0"
				},
				"east": {
					"uv": [
						4,
						10,
						4,
						11.25
					],
					"texture": "#0"
				},
				"south": {
					"uv": [
						4.25,
						10,
						4.5,
						11.25
					],
					"texture": "#0"
				},
				"west": {
					"uv": [
						4.25,
						10,
						4.25,
						11.25
					],
					"texture": "#0"
				},
				"up": {
					"uv": [
						4.25,
						10,
						4,
						10
					],
					"texture": "#0"
				},
				"down": {
					"uv": [
						4.5,
						10,
						4.25,
						10
					],
					"texture": "#0"
				}
			}
		},
		{
			"from": [
				7.9821100000000005,
				12.98059,
				7.99817
			],
			"to": [
				8.98211,
				14.98059,
				7.99817
			],
			"rotation": {
				"angle": -45,
				"axis": "x",
				"origin": [
					8.98211,
					12.98059,
					7.99817
				]
			},
			"faces": {
				"north": {
					"uv": [
						0,
						8.75,
						0.25,
						9.25
					],
					"texture": "#0"
				},
				"east": {
					"uv": [
						0,
						8.75,
						0,
						9.25
					],
					"texture": "#0"
				},
				"south": {
					"uv": [
						0.25,
						8.75,
						0.5,
						9.25
					],
					"texture": "#0"
				},
				"west": {
					"uv": [
						0.25,
						8.75,
						0.25,
						9.25
					],
					"texture": "#0"
				},
				"up": {
					"uv": [
						0.25,
						8.75,
						0,
						8.75
					],
					"texture": "#0"
				},
				"down": {
					"uv": [
						0.5,
						8.75,
						0.25,
						8.75
					],
					"texture": "#0"
				}
			}
		},
		{
			"from": [
				7.99211,
				10.99059,
				7.00817
			],
			"to": [
				8.97211,
				12.97059,
				7.98817
			],
			"rotation": {
				"angle": 0,
				"axis": "y",
				"origin": [
					7.9821100000000005,
					8.98059,
					7.99817
				]
			},
			"faces": {
				"north": {
					"uv": [
						3.25,
						8.75,
						3.5,
						9.25
					],
					"texture": "#0"
				},
				"east": {
					"uv": [
						3,
						8.75,
						3.25,
						9.25
					],
					"texture": "#0"
				},
				"south": {
					"uv": [
						3.75,
						8.75,
						4,
						9.25
					],
					"texture": "#0"
				},
				"west": {
					"uv": [
						3.5,
						8.75,
						3.75,
						9.25
					],
					"texture": "#0"
				},
				"up": {
					"uv": [
						3.5,
						8.75,
						3.25,
						8.5
					],
					"texture": "#0"
				},
				"down": {
					"uv": [
						3.75,
						8.5,
						3.5,
						8.75
					],
					"texture": "#0"
				}
			}
		}
	],
	"display": {
		"head": {
			"rotation": [
				0,
				180,
				0
			]
		}
	}
}