{
	"textures": {
		"0": "animated_java:item/reevin/resin_bug"
	},
	"elements": [
		{
			"from": [
				8,
				8,
				7.75
			],
			"to": [
				9,
				8,
				8.75
			],
			"rotation": {
				"angle": 0,
				"axis": "y",
				"origin": [
					8,
					8.5,
					9.25
				]
			},
			"faces": {
				"north": {
					"uv": [
						8.75,
						2.25,
						9,
						2.25
					],
					"texture": "#0"
				},
				"east": {
					"uv": [
						8.5,
						2.25,
						8.75,
						2.25
					],
					"texture": "#0"
				},
				"south": {
					"uv": [
						9.25,
						2.25,
						9.5,
						2.25
					],
					"texture": "#0"
				},
				"west": {
					"uv": [
						9,
						2.25,
						9.25,
						2.25
					],
					"texture": "#0"
				},
				"up": {
					"uv": [
						9,
						2.25,
						8.75,
						2
					],
					"texture": "#0"
				},
				"down": {
					"uv": [
						9.25,
						2,
						9,
						2.25
					],
					"texture": "#0"
				}
			}
		}
	],
	"display": {
		"head": {
			"rotation": [
				0,
				180,
				0
			]
		}
	}
}