{
	"textures": {
		"0": "animated_java:item/reevin/resin_bug"
	},
	"elements": [
		{
			"from": [
				8,
				8,
				7.75
			],
			"to": [
				9,
				8,
				8.75
			],
			"rotation": {
				"angle": 0,
				"axis": "y",
				"origin": [
					8,
					8.5,
					9.25
				]
			},
			"faces": {
				"north": {
					"uv": [
						6.25,
						7.5,
						6.5,
						7.5
					],
					"texture": "#0"
				},
				"east": {
					"uv": [
						6,
						7.5,
						6.25,
						7.5
					],
					"texture": "#0"
				},
				"south": {
					"uv": [
						6.75,
						7.5,
						7,
						7.5
					],
					"texture": "#0"
				},
				"west": {
					"uv": [
						6.5,
						7.5,
						6.75,
						7.5
					],
					"texture": "#0"
				},
				"up": {
					"uv": [
						6.5,
						7.5,
						6.25,
						7.25
					],
					"texture": "#0"
				},
				"down": {
					"uv": [
						6.75,
						7.25,
						6.5,
						7.5
					],
					"texture": "#0"
				}
			}
		}
	],
	"display": {
		"head": {
			"rotation": [
				0,
				180,
				0
			]
		}
	}
}