{
	"textures": {
		"0": "animated_java:item/reevin/resin_bug"
	},
	"elements": [
		{
			"from": [
				8,
				8,
				7.5
			],
			"to": [
				12,
				8,
				8.5
			],
			"rotation": {
				"angle": 0,
				"axis": "y",
				"origin": [
					10,
					8.5,
					9
				]
			},
			"faces": {
				"north": {
					"uv": [
						5.75,
						4.75,
						6.75,
						4.75
					],
					"texture": "#0"
				},
				"east": {
					"uv": [
						5.5,
						4.75,
						5.75,
						4.75
					],
					"texture": "#0"
				},
				"south": {
					"uv": [
						7,
						4.75,
						8,
						4.75
					],
					"texture": "#0"
				},
				"west": {
					"uv": [
						6.75,
						4.75,
						7,
						4.75
					],
					"texture": "#0"
				},
				"up": {
					"uv": [
						6.75,
						4.75,
						5.75,
						4.5
					],
					"texture": "#0"
				},
				"down": {
					"uv": [
						7.75,
						4.5,
						6.75,
						4.75
					],
					"texture": "#0"
				}
			}
		},
		{
			"from": [
				9.01,
				8.01,
				7.51
			],
			"to": [
				11.49,
				8.99,
				8.49
			],
			"rotation": {
				"angle": 0,
				"axis": "y",
				"origin": [
					10,
					8.5,
					9
				]
			},
			"faces": {
				"north": {
					"uv": [
						0.25,
						8.5,
						0.75,
						8.75
					],
					"texture": "#0"
				},
				"east": {
					"uv": [
						0,
						8.5,
						0.25,
						8.75
					],
					"texture": "#0"
				},
				"south": {
					"uv": [
						1,
						8.5,
						1.5,
						8.75
					],
					"texture": "#0"
				},
				"west": {
					"uv": [
						0.75,
						8.5,
						1,
						8.75
					],
					"texture": "#0"
				},
				"up": {
					"uv": [
						0.75,
						8.5,
						0.25,
						8.25
					],
					"texture": "#0"
				},
				"down": {
					"uv": [
						1.25,
						8.25,
						0.75,
						8.5
					],
					"texture": "#0"
				}
			}
		}
	],
	"display": {
		"head": {
			"rotation": [
				0,
				180,
				0
			]
		}
	}
}