{
	"textures": {
		"0": "animated_java:item/reevin/resin_bug"
	},
	"elements": [
		{
			"from": [
				8,
				7.25,
				5.499999999999999
			],
			"to": [
				9,
				8.25,
				8
			],
			"rotation": {
				"angle": 0,
				"axis": "y",
				"origin": [
					8,
					8,
					8
				]
			},
			"faces": {
				"north": {
					"uv": [
						0.5,
						8,
						0.75,
						8.25
					],
					"texture": "#0"
				},
				"east": {
					"uv": [
						0,
						8,
						0.5,
						8.25
					],
					"texture": "#0"
				},
				"south": {
					"uv": [
						1.25,
						8,
						1.5,
						8.25
					],
					"texture": "#0"
				},
				"west": {
					"uv": [
						0.75,
						8,
						1.25,
						8.25
					],
					"texture": "#0"
				},
				"up": {
					"uv": [
						0.75,
						8,
						0.5,
						7.5
					],
					"texture": "#0"
				},
				"down": {
					"uv": [
						1,
						7.5,
						0.75,
						8
					],
					"texture": "#0"
				}
			}
		}
	],
	"display": {
		"head": {
			"rotation": [
				0,
				180,
				0
			]
		}
	}
}