{
	"textures": {
		"0": "animated_java:item/reevin/resin_bug"
	},
	"elements": [
		{
			"from": [
				5.76,
				8.51,
				2.51
			],
			"to": [
				10.24,
				10.99,
				3.49
			],
			"rotation": {
				"angle": -22.5,
				"axis": "x",
				"origin": [
					8,
					11,
					3.5
				]
			},
			"faces": {
				"north": {
					"uv": [
						0.25,
						7,
						1.25,
						7.5
					],
					"texture": "#0"
				},
				"east": {
					"uv": [
						0,
						7,
						0.25,
						7.5
					],
					"texture": "#0"
				},
				"south": {
					"uv": [
						1.5,
						7,
						2.5,
						7.5
					],
					"texture": "#0"
				},
				"west": {
					"uv": [
						1.25,
						7,
						1.5,
						7.5
					],
					"texture": "#0"
				},
				"up": {
					"uv": [
						1.25,
						7,
						0.25,
						6.75
					],
					"texture": "#0"
				},
				"down": {
					"uv": [
						2.25,
						6.75,
						1.25,
						7
					],
					"texture": "#0"
				}
			}
		},
		{
			"from": [
				5.75,
				7.5,
				3.5
			],
			"to": [
				10.25,
				11,
				7.5
			],
			"rotation": {
				"angle": 0,
				"axis": "y",
				"origin": [
					8,
					8,
					8
				]
			},
			"faces": {
				"north": {
					"uv": [
						6.5,
						3.5,
						7.5,
						4.25
					],
					"texture": "#0"
				},
				"east": {
					"uv": [
						5.5,
						3.5,
						6.5,
						4.25
					],
					"texture": "#0"
				},
				"south": {
					"uv": [
						8.5,
						3.5,
						9.5,
						4.25
					],
					"texture": "#0"
				},
				"west": {
					"uv": [
						7.5,
						3.5,
						8.5,
						4.25
					],
					"texture": "#0"
				},
				"up": {
					"uv": [
						7.5,
						3.5,
						6.5,
						2.5
					],
					"texture": "#0"
				},
				"down": {
					"uv": [
						8.5,
						2.5,
						7.5,
						3.5
					],
					"texture": "#0"
				}
			}
		}
	],
	"display": {
		"head": {
			"rotation": [
				0,
				180,
				0
			]
		}
	}
}