{
	"textures": {
		"0": "animated_java:item/reevin/resin_bug"
	},
	"elements": [
		{
			"from": [
				6,
				6.25,
				5.5
			],
			"to": [
				10,
				9.75,
				10.5
			],
			"rotation": {
				"angle": 0,
				"axis": "y",
				"origin": [
					8,
					6.75,
					11
				]
			},
			"faces": {
				"north": {
					"uv": [
						1.25,
						6,
						2.25,
						6.75
					],
					"texture": "#0"
				},
				"east": {
					"uv": [
						0,
						6,
						1.25,
						6.75
					],
					"texture": "#0"
				},
				"south": {
					"uv": [
						3.5,
						6,
						4.5,
						6.75
					],
					"texture": "#0"
				},
				"west": {
					"uv": [
						2.25,
						6,
						3.5,
						6.75
					],
					"texture": "#0"
				},
				"up": {
					"uv": [
						2.25,
						6,
						1.25,
						4.75
					],
					"texture": "#0"
				},
				"down": {
					"uv": [
						3.25,
						4.75,
						2.25,
						6
					],
					"texture": "#0"
				}
			}
		}
	],
	"display": {
		"head": {
			"rotation": [
				0,
				180,
				0
			]
		}
	}
}