{
	"textures": {
		"0": "animated_java:item/ambeetra/ambeetra"
	},
	"elements": [
		{
			"from": [
				2.01,
				8.01,
				8.00403
			],
			"to": [
				3.99,
				13.99,
				20.18403
			],
			"rotation": {
				"angle": 0,
				"axis": "y",
				"origin": [
					8,
					9,
					10.99403
				]
			},
			"faces": {
				"north": {
					"uv": [
						4.875,
						13.5,
						5.125,
						14.25
					],
					"texture": "#0"
				},
				"south": {
					"uv": [
						5.125,
						13.5,
						5.375,
						14.25
					],
					"texture": "#0"
				},
				"west": {
					"uv": [
						5.375,
						15.75,
						6.125,
						14.25
					],
					"rotation": 90,
					"texture": "#0"
				},
				"up": {
					"uv": [
						5.125,
						15.75,
						4.875,
						14.25
					],
					"texture": "#0"
				},
				"down": {
					"uv": [
						5.375,
						14.25,
						5.125,
						15.75
					],
					"texture": "#0"
				}
			}
		},
		{
			"from": [
				12.01,
				8.01,
				8.00403
			],
			"to": [
				13.99,
				13.99,
				20.18403
			],
			"rotation": {
				"angle": 0,
				"axis": "y",
				"origin": [
					18,
					9,
					10.99403
				]
			},
			"faces": {
				"north": {
					"uv": [
						2.125,
						13.5,
						2.375,
						14.25
					],
					"texture": "#0"
				},
				"east": {
					"uv": [
						1.375,
						14.25,
						2.125,
						15.75
					],
					"rotation": 90,
					"texture": "#0"
				},
				"south": {
					"uv": [
						2.375,
						13.5,
						2.625,
						14.25
					],
					"texture": "#0"
				},
				"up": {
					"uv": [
						2.375,
						15.75,
						2.125,
						14.25
					],
					"texture": "#0"
				},
				"down": {
					"uv": [
						2.625,
						14.25,
						2.375,
						15.75
					],
					"texture": "#0"
				}
			}
		},
		{
			"from": [
				4,
				8,
				7.99403
			],
			"to": [
				12,
				14,
				24.99403
			],
			"rotation": {
				"angle": 0,
				"axis": "y",
				"origin": [
					8,
					9,
					10.99403
				]
			},
			"faces": {
				"north": {
					"uv": [
						2.75,
						15,
						3.75,
						15.75
					],
					"texture": "#0"
				},
				"south": {
					"uv": [
						3.75,
						15,
						4.75,
						15.75
					],
					"texture": "#0"
				},
				"up": {
					"uv": [
						3.75,
						15,
						2.75,
						12.875
					],
					"texture": "#0"
				},
				"down": {
					"uv": [
						4.75,
						12.875,
						3.75,
						15
					],
					"texture": "#0"
				}
			}
		},
		{
			"from": [
				9.795,
				8.02,
				19.96403
			],
			"to": [
				11.754999999999999,
				13.98,
				25.12403
			],
			"rotation": {
				"angle": -22.5,
				"axis": "y",
				"origin": [
					12.275,
					9,
					25.64403
				]
			},
			"faces": {
				"north": {
					"uv": [
						0.75,
						15,
						1,
						15.75
					],
					"texture": "#0"
				},
				"east": {
					"uv": [
						0.125,
						15,
						0.75,
						15.75
					],
					"texture": "#0"
				},
				"south": {
					"uv": [
						1,
						15,
						1.25,
						15.75
					],
					"texture": "#0"
				},
				"up": {
					"uv": [
						1,
						15,
						0.75,
						14.375
					],
					"texture": "#0"
				},
				"down": {
					"uv": [
						1.25,
						14.375,
						1,
						15
					],
					"texture": "#0"
				}
			}
		},
		{
			"from": [
				4.245,
				8.02,
				19.96403
			],
			"to": [
				6.205,
				13.98,
				25.12403
			],
			"rotation": {
				"angle": 22.5,
				"axis": "y",
				"origin": [
					3.7249999999999996,
					9,
					25.64403
				]
			},
			"faces": {
				"north": {
					"uv": [
						6.25,
						15,
						6.5,
						15.75
					],
					"texture": "#0"
				},
				"south": {
					"uv": [
						6.5,
						15,
						6.75,
						15.75
					],
					"texture": "#0"
				},
				"west": {
					"uv": [
						6.75,
						15,
						7.375,
						15.75
					],
					"texture": "#0"
				},
				"up": {
					"uv": [
						6.5,
						15,
						6.25,
						14.375
					],
					"texture": "#0"
				},
				"down": {
					"uv": [
						6.75,
						14.375,
						6.5,
						15
					],
					"texture": "#0"
				}
			}
		},
		{
			"from": [
				13.5,
				9.5,
				8.24403
			],
			"to": [
				15,
				12.5,
				14.24403
			],
			"rotation": {
				"angle": 0,
				"axis": "y",
				"origin": [
					8,
					11.5,
					10.49403
				]
			},
			"faces": {
				"north": {
					"uv": [
						7.375,
						9.25,
						7.75,
						9.5
					],
					"rotation": 90,
					"texture": "#0"
				},
				"east": {
					"uv": [
						8,
						9.5,
						8.375,
						10.25
					],
					"rotation": 90,
					"texture": "#0"
				},
				"south": {
					"uv": [
						7.75,
						9.25,
						8.125,
						9.5
					],
					"rotation": 90,
					"texture": "#0"
				},
				"west": {
					"uv": [
						7.375,
						9.5,
						7.75,
						10.25
					],
					"rotation": 90,
					"texture": "#0"
				},
				"up": {
					"uv": [
						7.375,
						10.25,
						7.125,
						9.5
					],
					"texture": "#0"
				},
				"down": {
					"uv": [
						8,
						9.5,
						7.75,
						10.25
					],
					"texture": "#0"
				}
			}
		},
		{
			"from": [
				1,
				9.5,
				8.24403
			],
			"to": [
				2.5,
				12.5,
				14.24403
			],
			"rotation": {
				"angle": 0,
				"axis": "y",
				"origin": [
					8,
					11.5,
					10.49403
				]
			},
			"faces": {
				"north": {
					"uv": [
						8.75,
						9.25,
						9.125,
						9.5
					],
					"rotation": 90,
					"texture": "#0"
				},
				"east": {
					"uv": [
						9.375,
						9.5,
						9.75,
						10.25
					],
					"rotation": 90,
					"texture": "#0"
				},
				"south": {
					"uv": [
						9.125,
						9.25,
						9.5,
						9.5
					],
					"rotation": 90,
					"texture": "#0"
				},
				"west": {
					"uv": [
						8.75,
						9.5,
						9.125,
						10.25
					],
					"rotation": 90,
					"texture": "#0"
				},
				"up": {
					"uv": [
						8.75,
						10.25,
						8.5,
						9.5
					],
					"texture": "#0"
				},
				"down": {
					"uv": [
						9.375,
						9.5,
						9.125,
						10.25
					],
					"texture": "#0"
				}
			}
		},
		{
			"from": [
				1,
				10,
				15.24403
			],
			"to": [
				2.5,
				12,
				17.244030000000002
			],
			"rotation": {
				"angle": 0,
				"axis": "y",
				"origin": [
					8,
					12,
					12.49403
				]
			},
			"faces": {
				"north": {
					"uv": [
						9,
						10.625,
						8.75,
						10.875
					],
					"texture": "#0"
				},
				"east": {
					"uv": [
						9.25,
						10.625,
						9,
						10.875
					],
					"texture": "#0"
				},
				"south": {
					"uv": [
						9.5,
						10.625,
						9.25,
						10.875
					],
					"texture": "#0"
				},
				"west": {
					"uv": [
						8.75,
						10.625,
						8.5,
						10.875
					],
					"texture": "#0"
				},
				"up": {
					"uv": [
						8.75,
						10.625,
						9,
						10.375
					],
					"texture": "#0"
				},
				"down": {
					"uv": [
						9,
						10.375,
						9.25,
						10.625
					],
					"texture": "#0"
				}
			}
		},
		{
			"from": [
				1,
				10.25,
				18.244030000000002
			],
			"to": [
				2.5,
				11.75,
				19.744030000000002
			],
			"rotation": {
				"angle": 0,
				"axis": "y",
				"origin": [
					8,
					12,
					15.49403
				]
			},
			"faces": {
				"north": {
					"uv": [
						9,
						11.25,
						8.75,
						11.5
					],
					"texture": "#0"
				},
				"east": {
					"uv": [
						9.25,
						11.25,
						9,
						11.5
					],
					"texture": "#0"
				},
				"south": {
					"uv": [
						9.5,
						11.25,
						9.25,
						11.5
					],
					"texture": "#0"
				},
				"west": {
					"uv": [
						8.75,
						11.25,
						8.5,
						11.5
					],
					"texture": "#0"
				},
				"up": {
					"uv": [
						8.75,
						11.25,
						9,
						11
					],
					"texture": "#0"
				},
				"down": {
					"uv": [
						9,
						11,
						9.25,
						11.25
					],
					"texture": "#0"
				}
			}
		},
		{
			"from": [
				13.5,
				10,
				15.24403
			],
			"to": [
				15,
				12,
				17.244030000000002
			],
			"rotation": {
				"angle": 0,
				"axis": "y",
				"origin": [
					8,
					12,
					12.49403
				]
			},
			"faces": {
				"north": {
					"uv": [
						7.625,
						10.625,
						7.375,
						10.875
					],
					"texture": "#0"
				},
				"east": {
					"uv": [
						7.875,
						10.625,
						7.625,
						10.875
					],
					"texture": "#0"
				},
				"south": {
					"uv": [
						8.125,
						10.625,
						7.875,
						10.875
					],
					"texture": "#0"
				},
				"west": {
					"uv": [
						7.375,
						10.625,
						7.125,
						10.875
					],
					"texture": "#0"
				},
				"up": {
					"uv": [
						7.375,
						10.625,
						7.625,
						10.375
					],
					"texture": "#0"
				},
				"down": {
					"uv": [
						7.625,
						10.375,
						7.875,
						10.625
					],
					"texture": "#0"
				}
			}
		},
		{
			"from": [
				13.5,
				10.25,
				18.244030000000002
			],
			"to": [
				15,
				11.75,
				19.744030000000002
			],
			"rotation": {
				"angle": 0,
				"axis": "y",
				"origin": [
					8,
					12,
					15.49403
				]
			},
			"faces": {
				"north": {
					"uv": [
						7.625,
						11.25,
						7.375,
						11.5
					],
					"texture": "#0"
				},
				"east": {
					"uv": [
						7.875,
						11.25,
						7.625,
						11.5
					],
					"texture": "#0"
				},
				"south": {
					"uv": [
						8.125,
						11.25,
						7.875,
						11.5
					],
					"texture": "#0"
				},
				"west": {
					"uv": [
						7.375,
						11.25,
						7.125,
						11.5
					],
					"texture": "#0"
				},
				"up": {
					"uv": [
						7.375,
						11.25,
						7.625,
						11
					],
					"texture": "#0"
				},
				"down": {
					"uv": [
						7.625,
						11,
						7.875,
						11.25
					],
					"texture": "#0"
				}
			}
		}
	],
	"display": {
		"head": {
			"rotation": [
				0,
				180,
				0
			]
		}
	}
}