{
	"textures": {
		"0": "animated_java:item/ambeetra/ambeetra"
	},
	"elements": [
		{
			"from": [
				3.3136799999999997,
				7.01,
				7.73132
			],
			"to": [
				4.79368,
				8.99,
				11.26132
			],
			"rotation": {
				"angle": 0,
				"axis": "y",
				"origin": [
					6.925,
					7,
					8
				]
			},
			"faces": {
				"north": {
					"uv": [
						6.25,
						8.5,
						6.5,
						8.75
					],
					"texture": "#0"
				},
				"east": {
					"uv": [
						6.75,
						8.75,
						7,
						9.125
					],
					"rotation": 90,
					"texture": "#0"
				},
				"south": {
					"uv": [
						6.5,
						8.5,
						6.75,
						8.75
					],
					"texture": "#0"
				},
				"west": {
					"uv": [
						6.25,
						8.75,
						6.5,
						9.125
					],
					"rotation": 90,
					"texture": "#0"
				},
				"up": {
					"uv": [
						6.25,
						9.125,
						6,
						8.75
					],
					"texture": "#0"
				},
				"down": {
					"uv": [
						6.75,
						8.75,
						6.5,
						9.125
					],
					"texture": "#0"
				}
			}
		},
		{
			"from": [
				4.37868,
				8.5,
				8.04632
			],
			"to": [
				6.37868,
				10,
				10.94632
			],
			"rotation": {
				"angle": 0,
				"axis": "y",
				"origin": [
					8,
					8,
					8
				]
			},
			"faces": {
				"north": {
					"uv": [
						5,
						8.5,
						4.625,
						8.75
					],
					"texture": "#0"
				},
				"east": {
					"uv": [
						4.625,
						8.5,
						4.375,
						8.75
					],
					"texture": "#0"
				},
				"south": {
					"uv": [
						5.625,
						8.5,
						5.25,
						8.75
					],
					"texture": "#0"
				},
				"west": {
					"uv": [
						5.25,
						8.5,
						5,
						8.75
					],
					"texture": "#0"
				},
				"up": {
					"uv": [
						4.625,
						8.5,
						5,
						8.25
					],
					"texture": "#0"
				},
				"down": {
					"uv": [
						5,
						8.25,
						5.375,
						8.5
					],
					"texture": "#0"
				}
			}
		}
	],
	"display": {
		"head": {
			"rotation": [
				0,
				180,
				0
			]
		}
	}
}