{
	"textures": {
		"0": "animated_java:item/ambeetra/ambeetra"
	},
	"elements": [
		{
			"from": [
				8,
				6.5,
				23.25
			],
			"to": [
				12.5,
				8.5,
				24.75
			],
			"rotation": {
				"angle": 0,
				"axis": "y",
				"origin": [
					5.5,
					5.5,
					11.75
				]
			},
			"faces": {
				"north": {
					"uv": [
						1.25,
						8.125,
						0.75,
						8.375
					],
					"texture": "#0"
				},
				"east": {
					"uv": [
						0.75,
						8.125,
						0.5,
						8.375
					],
					"texture": "#0"
				},
				"south": {
					"uv": [
						2,
						8.125,
						1.5,
						8.375
					],
					"texture": "#0"
				},
				"west": {
					"uv": [
						1.5,
						8.125,
						1.25,
						8.375
					],
					"texture": "#0"
				},
				"up": {
					"uv": [
						0.75,
						8.125,
						1.25,
						7.875
					],
					"texture": "#0"
				},
				"down": {
					"uv": [
						1.25,
						7.875,
						1.75,
						8.125
					],
					"texture": "#0"
				}
			}
		},
		{
			"from": [
				13.5,
				6.5,
				7
			],
			"to": [
				15,
				8.5,
				22.25
			],
			"rotation": {
				"angle": 0,
				"axis": "y",
				"origin": [
					8,
					5.5,
					9.25
				]
			},
			"faces": {
				"north": {
					"uv": [
						0.75,
						9.25,
						1,
						9.5
					],
					"texture": "#0"
				},
				"east": {
					"uv": [
						1.25,
						9.5,
						1.5,
						11.5
					],
					"rotation": 90,
					"texture": "#0"
				},
				"south": {
					"uv": [
						1,
						9.25,
						1.25,
						9.5
					],
					"texture": "#0"
				},
				"west": {
					"uv": [
						0.75,
						9.5,
						1,
						11.5
					],
					"rotation": 90,
					"texture": "#0"
				},
				"up": {
					"uv": [
						0.75,
						11.5,
						0.5,
						9.5
					],
					"texture": "#0"
				},
				"down": {
					"uv": [
						1.25,
						9.5,
						1,
						11.5
					],
					"texture": "#0"
				}
			}
		},
		{
			"from": [
				8.01,
				8.01,
				21.759999999999998
			],
			"to": [
				11.99,
				9.49,
				23.740000000000002
			],
			"rotation": {
				"angle": 0,
				"axis": "y",
				"origin": [
					4.5,
					6.5,
					8.25
				]
			},
			"faces": {
				"north": {
					"uv": [
						2.375,
						8,
						2.875,
						8.125
					],
					"texture": "#0"
				},
				"east": {
					"uv": [
						2.125,
						8,
						2.375,
						8.125
					],
					"texture": "#0"
				},
				"south": {
					"uv": [
						3.125,
						8,
						3.625,
						8.125
					],
					"texture": "#0"
				},
				"west": {
					"uv": [
						2.875,
						8,
						3.125,
						8.125
					],
					"texture": "#0"
				},
				"up": {
					"uv": [
						2.875,
						8,
						2.375,
						7.75
					],
					"texture": "#0"
				},
				"down": {
					"uv": [
						3.375,
						7.75,
						2.875,
						8
					],
					"texture": "#0"
				}
			}
		},
		{
			"from": [
				8.025,
				8,
				9.075
			],
			"to": [
				12.375,
				9.5,
				11.075
			],
			"rotation": {
				"angle": 22.5,
				"axis": "y",
				"origin": [
					7,
					7.5,
					9
				]
			},
			"faces": {
				"north": {
					"uv": [
						2.125,
						11.75,
						2.625,
						11.875
					],
					"texture": "#0"
				},
				"east": {
					"uv": [
						1.875,
						11.75,
						2.125,
						11.875
					],
					"texture": "#0"
				},
				"south": {
					"uv": [
						2.875,
						11.75,
						3.375,
						11.875
					],
					"texture": "#0"
				},
				"west": {
					"uv": [
						2.625,
						11.75,
						2.875,
						11.875
					],
					"texture": "#0"
				},
				"up": {
					"uv": [
						2.625,
						11.75,
						2.125,
						11.5
					],
					"texture": "#0"
				},
				"down": {
					"uv": [
						3.125,
						11.5,
						2.625,
						11.75
					],
					"texture": "#0"
				}
			}
		},
		{
			"from": [
				12.01,
				8.01,
				7.01
			],
			"to": [
				13.99,
				9.49,
				9.24
			],
			"rotation": {
				"angle": 0,
				"axis": "y",
				"origin": [
					7.5,
					6.5,
					8.5
				]
			},
			"faces": {
				"north": {
					"uv": [
						2.125,
						11.125,
						2.375,
						11.375
					],
					"texture": "#0"
				},
				"east": {
					"uv": [
						1.875,
						11.125,
						2.125,
						11.375
					],
					"texture": "#0"
				},
				"south": {
					"uv": [
						2.625,
						11.125,
						2.875,
						11.375
					],
					"texture": "#0"
				},
				"west": {
					"uv": [
						2.375,
						11.125,
						2.625,
						11.375
					],
					"texture": "#0"
				},
				"up": {
					"uv": [
						2.375,
						11.125,
						2.125,
						10.875
					],
					"texture": "#0"
				},
				"down": {
					"uv": [
						2.625,
						10.875,
						2.375,
						11.125
					],
					"texture": "#0"
				}
			}
		},
		{
			"from": [
				8.02,
				8.02,
				8.77
			],
			"to": [
				13.98,
				9.48,
				21.73
			],
			"rotation": {
				"angle": 0,
				"axis": "y",
				"origin": [
					7.5,
					6.5,
					8.25
				]
			},
			"faces": {
				"north": {
					"uv": [
						1.875,
						8.875,
						2.625,
						9.125
					],
					"texture": "#0"
				},
				"east": {
					"uv": [
						1.625,
						10.75,
						1.875,
						9.125
					],
					"rotation": 90,
					"texture": "#0"
				},
				"south": {
					"uv": [
						2.625,
						8.875,
						3.375,
						9.125
					],
					"texture": "#0"
				},
				"west": {
					"uv": [
						2.625,
						10.75,
						2.875,
						9.125
					],
					"rotation": 90,
					"texture": "#0"
				},
				"up": {
					"uv": [
						2.625,
						10.75,
						1.875,
						9.125
					],
					"texture": "#0"
				},
				"down": {
					"uv": [
						3.625,
						9.125,
						2.875,
						10.75
					],
					"texture": "#0"
				}
			}
		}
	],
	"display": {
		"head": {
			"rotation": [
				0,
				180,
				0
			]
		}
	}
}