{
	"textures": {
		"0": "animated_java:item/ambeetra/ambeetra"
	},
	"elements": [
		{
			"from": [
				11.20632,
				7.01,
				7.73132
			],
			"to": [
				12.68632,
				8.99,
				11.26132
			],
			"rotation": {
				"angle": 0,
				"axis": "y",
				"origin": [
					9.075,
					7,
					8
				]
			},
			"faces": {
				"north": {
					"uv": [
						0.75,
						8.5,
						1,
						8.75
					],
					"texture": "#0"
				},
				"east": {
					"uv": [
						1.25,
						8.75,
						1.5,
						9.125
					],
					"rotation": 90,
					"texture": "#0"
				},
				"south": {
					"uv": [
						1,
						8.5,
						1.25,
						8.75
					],
					"texture": "#0"
				},
				"west": {
					"uv": [
						0.75,
						8.75,
						1,
						9.125
					],
					"rotation": 90,
					"texture": "#0"
				},
				"up": {
					"uv": [
						0.75,
						9.125,
						0.5,
						8.75
					],
					"texture": "#0"
				},
				"down": {
					"uv": [
						1.25,
						8.75,
						1,
						9.125
					],
					"texture": "#0"
				}
			}
		},
		{
			"from": [
				9.62132,
				8.5,
				8.04632
			],
			"to": [
				11.62132,
				10,
				10.94632
			],
			"rotation": {
				"angle": 0,
				"axis": "y",
				"origin": [
					8,
					8,
					8
				]
			},
			"faces": {
				"north": {
					"uv": [
						2.125,
						8.5,
						2.5,
						8.75
					],
					"texture": "#0"
				},
				"east": {
					"uv": [
						1.875,
						8.5,
						2.125,
						8.75
					],
					"texture": "#0"
				},
				"south": {
					"uv": [
						2.75,
						8.5,
						3.125,
						8.75
					],
					"texture": "#0"
				},
				"west": {
					"uv": [
						2.5,
						8.5,
						2.75,
						8.75
					],
					"texture": "#0"
				},
				"up": {
					"uv": [
						2.5,
						8.5,
						2.125,
						8.25
					],
					"texture": "#0"
				},
				"down": {
					"uv": [
						2.875,
						8.25,
						2.5,
						8.5
					],
					"texture": "#0"
				}
			}
		}
	],
	"display": {
		"head": {
			"rotation": [
				0,
				180,
				0
			]
		}
	}
}