{
	"textures": {
		"0": "animated_java:item/ambeetra/ambeetra"
	},
	"elements": [
		{
			"from": [
				8,
				8,
				7.25
			],
			"to": [
				14,
				8,
				8.75
			],
			"rotation": {
				"angle": 0,
				"axis": "y",
				"origin": [
					8,
					8,
					8
				]
			},
			"faces": {
				"up": {
					"uv": [
						10.125,
						14.5,
						10,
						13.75
					],
					"rotation": 90,
					"texture": "#0"
				},
				"down": {
					"uv": [
						10,
						14.5,
						10.125,
						13.75
					],
					"rotation": 90,
					"texture": "#0"
				}
			}
		},
		{
			"from": [
				10.75,
				7.5,
				7.25
			],
			"to": [
				12.25,
				8.5,
				8.75
			],
			"rotation": {
				"angle": 0,
				"axis": "y",
				"origin": [
					11.5,
					7.25,
					8
				]
			},
			"faces": {
				"north": {
					"uv": [
						9.5,
						14.125,
						9.625,
						14.25
					],
					"texture": "#0"
				},
				"east": {
					"uv": [
						9.625,
						14.125,
						9.75,
						14.25
					],
					"texture": "#0"
				},
				"south": {
					"uv": [
						9.75,
						14.125,
						9.875,
						14.25
					],
					"texture": "#0"
				},
				"west": {
					"uv": [
						9.375,
						14.125,
						9.5,
						14.25
					],
					"texture": "#0"
				},
				"up": {
					"uv": [
						9.625,
						14.125,
						9.5,
						14
					],
					"texture": "#0"
				},
				"down": {
					"uv": [
						9.75,
						14,
						9.625,
						14.125
					],
					"texture": "#0"
				}
			}
		}
	],
	"display": {
		"head": {
			"rotation": [
				0,
				180,
				0
			]
		}
	}
}